CONTROL INFO         1.2.1
** GAMBIT NEUTRAL FILE
C:/temp/cylinder.neu
PROGRAM:  Pointwise                VERSION:  17   
04 Oct 2026 20:23:20
     NUMNP     NELEM     NGRPS    NBSETS     NDFCD     NDFVL
      4088      3928         1         3         3         3
ENDOFSECTION
NODAL COORDINATES    1.2.1
         1  -5.00000000000E-01   0.00000000000E+00   0.00000000000E+00
         2  -4.98458666867E-01   3.92295478639E-02   0.00000000000E+00
         3  -4.93844170298E-01   7.82172325201E-02   0.00000000000E+00
         4  -4.86184960199E-01   1.16722681928E-01   0.00000000000E+00
         5  -4.75528258148E-01   1.54508497187E-01   0.00000000000E+00
         6  -4.61939766256E-01   1.91341716183E-01   0.00000000000E+00
         7  -4.45503262094E-01   2.26995249870E-01   0.00000000000E+00
         8  -4.26320082177E-01   2.61249282358E-01   0.00000000000E+00
         9  -4.04508497187E-01   2.93892626146E-01   0.00000000000E+00
        10  -3.80202982800E-01   3.24724024165E-01   0.00000000000E+00
        11  -3.53553390593E-01   3.53553390593E-01   0.00000000000E+00
        12  -3.24724024165E-01   3.80202982800E-01   0.00000000000E+00
        13  -2.93892626146E-01   4.04508497187E-01   0.00000000000E+00
        14  -2.61249282358E-01   4.26320082177E-01   0.00000000000E+00
        15  -2.26995249870E-01   4.45503262094E-01   0.00000000000E+00
        16  -1.91341716183E-01   4.61939766256E-01   0.00000000000E+00
        17  -1.54508497187E-01   4.75528258148E-01   0.00000000000E+00
        18  -1.16722681928E-01   4.86184960199E-01   0.00000000000E+00
        19  -7.82172325201E-02   4.93844170298E-01   0.00000000000E+00
        20  -3.92295478639E-02   4.98458666867E-01   0.00000000000E+00
        21  -3.06161699787E-17   5.00000000000E-01   0.00000000000E+00
        22   3.92295478639E-02   4.98458666867E-01   0.00000000000E+00
        23   7.82172325201E-02   4.93844170298E-01   0.00000000000E+00
        24   1.16722681928E-01   4.86184960199E-01   0.00000000000E+00
        25   1.54508497187E-01   4.75528258148E-01   0.00000000000E+00
        26   1.91341716183E-01   4.61939766256E-01   0.00000000000E+00
        27   2.26995249870E-01   4.45503262094E-01   0.00000000000E+00
        28   2.61249282358E-01   4.26320082177E-01   0.00000000000E+00
        29   2.93892626146E-01   4.04508497187E-01   0.00000000000E+00
        30   3.24724024165E-01   3.80202982800E-01   0.00000000000E+00
        31   3.53553390593E-01   3.53553390593E-01   0.00000000000E+00
        32   3.80202982800E-01   3.24724024165E-01   0.00000000000E+00
        33   4.04508497187E-01   2.93892626146E-01   0.00000000000E+00
        34   4.26320082177E-01   2.61249282358E-01   0.00000000000E+00
        35   4.45503262094E-01   2.26995249870E-01   0.00000000000E+00
        36   4.61939766256E-01   1.91341716183E-01   0.00000000000E+00
        37   4.75528258148E-01   1.54508497187E-01   0.00000000000E+00
        38   4.86184960199E-01   1.16722681928E-01   0.00000000000E+00
        39   4.93844170298E-01   7.82172325201E-02   0.00000000000E+00
        40   4.98458666867E-01   3.92295478639E-02   0.00000000000E+00
        41   5.00000000000E-01   0.00000000000E+00   0.00000000000E+00
        42   6.18750000000E-01   0.00000000000E+00   0.00000000000E+00
        43   7.37500000000E-01   0.00000000000E+00   0.00000000000E+00
        44   8.56250000000E-01   0.00000000000E+00   0.00000000000E+00
        45   9.75000000000E-01   0.00000000000E+00   0.00000000000E+00
        46   1.09375000000E+00   0.00000000000E+00   0.00000000000E+00
        47   1.21250000000E+00   0.00000000000E+00   0.00000000000E+00
        48   1.33125000000E+00   0.00000000000E+00   0.00000000000E+00
        49   1.45000000000E+00   0.00000000000E+00   0.00000000000E+00
        50   1.56875000000E+00   0.00000000000E+00   0.00000000000E+00
        51   1.68750000000E+00   0.00000000000E+00   0.00000000000E+00
        52   1.80625000000E+00   0.00000000000E+00   0.00000000000E+00
        53   1.92500000000E+00   0.00000000000E+00   0.00000000000E+00
        54   2.04375000000E+00   0.00000000000E+00   0.00000000000E+00
        55   2.16250000000E+00   0.00000000000E+00   0.00000000000E+00
        56   2.28125000000E+00   0.00000000000E+00   0.00000000000E+00
        57   2.40000000000E+00   0.00000000000E+00   0.00000000000E+00
        58   2.51875000000E+00   0.00000000000E+00   0.00000000000E+00
        59   2.63750000000E+00   0.00000000000E+00   0.00000000000E+00
        60   2.75625000000E+00   0.00000000000E+00   0.00000000000E+00
        61   2.87500000000E+00   0.00000000000E+00   0.00000000000E+00
        62   2.99375000000E+00   0.00000000000E+00   0.00000000000E+00
        63   3.11250000000E+00   0.00000000000E+00   0.00000000000E+00
        64   3.23125000000E+00   0.00000000000E+00   0.00000000000E+00
        65   3.35000000000E+00   0.00000000000E+00   0.00000000000E+00
        66   3.46875000000E+00   0.00000000000E+00   0.00000000000E+00
        67   3.58750000000E+00   0.00000000000E+00   0.00000000000E+00
        68   3.70625000000E+00   0.00000000000E+00   0.00000000000E+00
        69   3.82500000000E+00   0.00000000000E+00   0.00000000000E+00
        70   3.94375000000E+00   0.00000000000E+00   0.00000000000E+00
        71   4.06250000000E+00   0.00000000000E+00   0.00000000000E+00
        72   4.18125000000E+00   0.00000000000E+00   0.00000000000E+00
        73   4.30000000000E+00   0.00000000000E+00   0.00000000000E+00
        74   4.41875000000E+00   0.00000000000E+00   0.00000000000E+00
        75   4.53750000000E+00   0.00000000000E+00   0.00000000000E+00
        76   4.65625000000E+00   0.00000000000E+00   0.00000000000E+00
        77   4.77500000000E+00   0.00000000000E+00   0.00000000000E+00
        78   4.89375000000E+00   0.00000000000E+00   0.00000000000E+00
        79   5.01250000000E+00   0.00000000000E+00   0.00000000000E+00
        80   5.13125000000E+00   0.00000000000E+00   0.00000000000E+00
        81   5.25000000000E+00   0.00000000000E+00   0.00000000000E+00
        82   5.36875000000E+00   0.00000000000E+00   0.00000000000E+00
        83   5.48750000000E+00   0.00000000000E+00   0.00000000000E+00
        84   5.60625000000E+00   0.00000000000E+00   0.00000000000E+00
        85   5.72500000000E+00   0.00000000000E+00   0.00000000000E+00
        86   5.84375000000E+00   0.00000000000E+00   0.00000000000E+00
        87   5.96250000000E+00   0.00000000000E+00   0.00000000000E+00
        88   6.08125000000E+00   0.00000000000E+00   0.00000000000E+00
        89   6.20000000000E+00   0.00000000000E+00   0.00000000000E+00
        90   6.31875000000E+00   0.00000000000E+00   0.00000000000E+00
        91   6.43750000000E+00   0.00000000000E+00   0.00000000000E+00
        92   6.55625000000E+00   0.00000000000E+00   0.00000000000E+00
        93   6.67500000000E+00   0.00000000000E+00   0.00000000000E+00
        94   6.79375000000E+00   0.00000000000E+00   0.00000000000E+00
        95   6.91250000000E+00   0.00000000000E+00   0.00000000000E+00
        96   7.03125000000E+00   0.00000000000E+00   0.00000000000E+00
        97   7.15000000000E+00   0.00000000000E+00   0.00000000000E+00
        98   7.26875000000E+00   0.00000000000E+00   0.00000000000E+00
        99   7.38750000000E+00   0.00000000000E+00   0.00000000000E+00
       100   7.50625000000E+00   0.00000000000E+00   0.00000000000E+00
       101   7.62500000000E+00   0.00000000000E+00   0.00000000000E+00
       102   7.74375000000E+00   0.00000000000E+00   0.00000000000E+00
       103   7.86250000000E+00   0.00000000000E+00   0.00000000000E+00
       104   7.98125000000E+00   0.00000000000E+00   0.00000000000E+00
       105   8.10000000000E+00   0.00000000000E+00   0.00000000000E+00
       106   8.21875000000E+00   0.00000000000E+00   0.00000000000E+00
       107   8.33750000000E+00   0.00000000000E+00   0.00000000000E+00
       108   8.45625000000E+00   0.00000000000E+00   0.00000000000E+00
       109   8.57500000000E+00   0.00000000000E+00   0.00000000000E+00
       110   8.69375000000E+00   0.00000000000E+00   0.00000000000E+00
       111   8.81250000000E+00   0.00000000000E+00   0.00000000000E+00
       112   8.93125000000E+00   0.00000000000E+00   0.00000000000E+00
       113   9.05000000000E+00   0.00000000000E+00   0.00000000000E+00
       114   9.16875000000E+00   0.00000000000E+00   0.00000000000E+00
       115   9.28750000000E+00   0.00000000000E+00   0.00000000000E+00
       116   9.40625000000E+00   0.00000000000E+00   0.00000000000E+00
       117   9.52500000000E+00   0.00000000000E+00   0.00000000000E+00
       118   9.64375000000E+00   0.00000000000E+00   0.00000000000E+00
       119   9.76250000000E+00   0.00000000000E+00   0.00000000000E+00
       120   9.88125000000E+00   0.00000000000E+00   0.00000000000E+00
       121   1.00000000000E+01   0.00000000000E+00   0.00000000000E+00
       122   9.96917333733E+00   7.84590957278E-01   0.00000000000E+00
       123   9.87688340595E+00   1.56434465040E+00   0.00000000000E+00
       124   9.72369920398E+00   2.33445363856E+00   0.00000000000E+00
       125   9.51056516295E+00   3.09016994375E+00   0.00000000000E+00
       126   9.23879532511E+00   3.82683432365E+00   0.00000000000E+00
       127   8.91006524188E+00   4.53990499740E+00   0.00000000000E+00
       128   8.52640164354E+00   5.22498564716E+00   0.00000000000E+00
       129   8.09016994375E+00   5.87785252292E+00   0.00000000000E+00
       130   7.60405965600E+00   6.49448048330E+00   0.00000000000E+00
       131   7.07106781187E+00   7.07106781187E+00   0.00000000000E+00
       132   6.49448048330E+00   7.60405965600E+00   0.00000000000E+00
       133   5.87785252292E+00   8.09016994375E+00   0.00000000000E+00
       134   5.22498564716E+00   8.52640164354E+00   0.00000000000E+00
       135   4.53990499740E+00   8.91006524188E+00   0.00000000000E+00
       136   3.82683432365E+00   9.23879532511E+00   0.00000000000E+00
       137   3.09016994375E+00   9.51056516295E+00   0.00000000000E+00
       138   2.33445363856E+00   9.72369920398E+00   0.00000000000E+00
       139   1.56434465040E+00   9.87688340595E+00   0.00000000000E+00
       140   7.84590957278E-01   9.96917333733E+00   0.00000000000E+00
       141  -6.12323399574E-16   1.00000000000E+01   0.00000000000E+00
       142  -7.84590957278E-01   9.96917333733E+00   0.00000000000E+00
       143  -1.56434465040E+00   9.87688340595E+00   0.00000000000E+00
       144  -2.33445363856E+00   9.72369920398E+00   0.00000000000E+00
       145  -3.09016994375E+00   9.51056516295E+00   0.00000000000E+00
       146  -3.82683432365E+00   9.23879532511E+00   0.00000000000E+00
       147  -4.53990499740E+00   8.91006524188E+00   0.00000000000E+00
       148  -5.22498564716E+00   8.52640164354E+00   0.00000000000E+00
       149  -5.87785252292E+00   8.09016994375E+00   0.00000000000E+00
       150  -6.49448048330E+00   7.60405965600E+00   0.00000000000E+00
       151  -7.07106781187E+00   7.07106781187E+00   0.00000000000E+00
       152  -7.60405965600E+00   6.49448048330E+00   0.00000000000E+00
       153  -8.09016994375E+00   5.87785252292E+00   0.00000000000E+00
       154  -8.52640164354E+00   5.22498564716E+00   0.00000000000E+00
       155  -8.91006524188E+00   4.53990499740E+00   0.00000000000E+00
       156  -9.23879532511E+00   3.82683432365E+00   0.00000000000E+00
       157  -9.51056516295E+00   3.09016994375E+00   0.00000000000E+00
       158  -9.72369920398E+00   2.33445363856E+00   0.00000000000E+00
       159  -9.87688340595E+00   1.56434465040E+00   0.00000000000E+00
       160  -9.96917333733E+00   7.84590957278E-01   0.00000000000E+00
       161  -1.00000000000E+01   0.00000000000E+00   0.00000000000E+00
       162  -9.52500000000E+00   0.00000000000E+00   0.00000000000E+00
       163  -9.05000000000E+00   0.00000000000E+00   0.00000000000E+00
       164  -8.57500000000E+00   0.00000000000E+00   0.00000000000E+00
       165  -8.10000000000E+00   0.00000000000E+00   0.00000000000E+00
       166  -7.62500000000E+00   0.00000000000E+00   0.00000000000E+00
       167  -7.15000000000E+00   0.00000000000E+00   0.00000000000E+00
       168  -6.67500000000E+00   0.00000000000E+00   0.00000000000E+00
       169  -6.20000000000E+00   0.00000000000E+00   0.00000000000E+00
       170  -5.72500000000E+00   0.00000000000E+00   0.00000000000E+00
       171  -5.25000000000E+00   0.00000000000E+00   0.00000000000E+00
       172  -4.77500000000E+00   0.00000000000E+00   0.00000000000E+00
       173  -4.30000000000E+00   0.00000000000E+00   0.00000000000E+00
       174  -3.82500000000E+00   0.00000000000E+00   0.00000000000E+00
       175  -3.35000000000E+00   0.00000000000E+00   0.00000000000E+00
       176  -2.87500000000E+00   0.00000000000E+00   0.00000000000E+00
       177  -2.40000000000E+00   0.00000000000E+00   0.00000000000E+00
       178  -1.92500000000E+00   0.00000000000E+00   0.00000000000E+00
       179  -1.45000000000E+00   0.00000000000E+00   0.00000000000E+00
       180  -9.75000000000E-01   0.00000000000E+00   0.00000000000E+00
       181  -1.53098462805E-01   5.06694784331E-01   0.00000000000E+00
       182  -1.25501325528E-01   5.19246441350E-01   0.00000000000E+00
       183  -1.52262294665E-01   5.48245488152E-01   0.00000000000E+00
       184  -4.31456583600E-01   3.03635779136E-01   0.00000000000E+00
       185  -4.57597865647E-01   2.84562490682E-01   0.00000000000E+00
       186  -4.28579891713E-01   3.40637612311E-01   0.00000000000E+00
       187  -4.66943722759E-01   3.17450774824E-01   0.00000000000E+00
       188   5.00639219780E-01   1.45331650015E-01   0.00000000000E+00
       189   5.21612873790E-01   1.55917242281E-01   0.00000000000E+00
       190   4.96962141131E-01   1.74826900902E-01   0.00000000000E+00
       191   2.16997942907E-01   4.77117590492E-01   0.00000000000E+00
       192   2.49170827097E-01   4.69899367862E-01   0.00000000000E+00
       193  -5.13302076271E-01   5.77637240184E-02   0.00000000000E+00
       194  -5.51928092595E-01   7.63495715711E-02   0.00000000000E+00
       195  -5.22127889495E-01   9.80635035037E-02   0.00000000000E+00
       196   5.55182770171E-01   1.45826158235E-01   0.00000000000E+00
       197   5.24148884471E-01   1.25399396926E-01   0.00000000000E+00
       198   5.93046131821E-01   1.73358940296E-01   0.00000000000E+00
       199   5.35141378993E-01   1.89780364821E-01   0.00000000000E+00
       200   8.92505282872E+00   1.14648068219E-01   0.00000000000E+00
       201   9.00026316848E+00   2.03195781291E-01   0.00000000000E+00
       202   8.83885831974E+00   2.03750694946E-01   0.00000000000E+00
       203   9.00170697163E+00   8.35411760953E-02   0.00000000000E+00
       204   9.09797033282E+00   1.02760481651E-01   0.00000000000E+00
       205   7.22060015016E+00   7.08825011048E-02   0.00000000000E+00
       206   7.97331373667E+00   9.69107669245E-02   0.00000000000E+00
       207   8.02880392465E+00   1.78326342811E-01   0.00000000000E+00
       208   7.88425904656E+00   1.77255879352E-01   0.00000000000E+00
       209   8.08020952480E+00   6.93961026238E-02   0.00000000000E+00
       210   8.17647703932E+00   1.55720531338E-01   0.00000000000E+00
       211   6.59831318863E+00   9.13003725239E-02   0.00000000000E+00
       212   6.56108018602E+00   2.14956029923E-01   0.00000000000E+00
       213   6.47140110348E+00   1.22184994742E-01   0.00000000000E+00
       214   6.72311243182E+00   7.96416392991E-02   0.00000000000E+00
       215   6.68819707196E+00   1.67503552751E-01   0.00000000000E+00
       216   7.80091373892E+00   8.84692100691E-02   0.00000000000E+00
       217   7.73593353207E+00   1.90953800505E-01   0.00000000000E+00
       218   7.68017529083E+00   9.16274080910E-02   0.00000000000E+00
       219   1.44997527287E+00   2.17622559959E-01   0.00000000000E+00
       220   1.51841051603E+00   9.75603857606E-02   0.00000000000E+00
       221   1.60158900398E+00   1.89598394840E-01   0.00000000000E+00
       222   5.85971276504E+00   1.27510564632E-01   0.00000000000E+00
       223   5.74842015061E+00   9.22776061020E-02   0.00000000000E+00
       224   5.64528575802E+00   1.55847283920E-01   0.00000000000E+00
       225   5.52199277345E+00   1.99916971150E-01   0.00000000000E+00
       226   5.56076266120E+00   8.36138322282E-02   0.00000000000E+00
       227   4.72721650329E+00   9.66525945995E-02   0.00000000000E+00
       228   4.65895570001E+00   2.06608912832E-01   0.00000000000E+00
       229   4.59955470283E+00   9.35803330045E-02   0.00000000000E+00
       230   4.80382191715E+00   2.06402762125E-01   0.00000000000E+00
       231   4.73048260853E+00   3.39851819828E-01   0.00000000000E+00
       232   2.81507457066E+00   9.12098564125E-02   0.00000000000E+00
       233   2.70839143050E+00   1.69309642550E-01   0.00000000000E+00
       234   2.70516441076E+00   6.80687704265E-02   0.00000000000E+00
       235   2.76036535126E+00   2.97933047721E-01   0.00000000000E+00
       236   2.87128655102E+00   2.14551157921E-01   0.00000000000E+00
       237   2.85381121701E+00   3.18267162465E-01   0.00000000000E+00
       238   5.28212105016E+00   2.47982175092E-01   0.00000000000E+00
       239   5.29765121056E+00   1.20067776437E-01   0.00000000000E+00
       240   5.39365137619E+00   2.23065939715E-01   0.00000000000E+00
       241   5.16700224432E+00   8.69988798487E-02   0.00000000000E+00
       242   5.17911509976E+00   2.00653238549E-01   0.00000000000E+00
       243   5.06870960831E+00   1.48047630809E-01   0.00000000000E+00
       244   4.39325381010E+00   1.42799410959E-01   0.00000000000E+00
       245   4.52134887448E+00   1.84640424899E-01   0.00000000000E+00
       246   4.41554133369E+00   2.89973437902E-01   0.00000000000E+00
       247   4.49263412731E+00   8.04300346265E-02   0.00000000000E+00
       248   7.58153541084E+00   7.56468290541E-02   0.00000000000E+00
       249   7.49808978687E+00   1.15228444649E-01   0.00000000000E+00
       250   7.64772963180E+00   2.80411033965E-01   0.00000000000E+00
       251   7.60623276012E+00   1.70209756172E-01   0.00000000000E+00
       252   8.75426874220E+00   9.82631313312E-02   0.00000000000E+00
       253   8.68301090473E+00   2.12814782417E-01   0.00000000000E+00
       254   8.62952092085E+00   9.88228881079E-02   0.00000000000E+00
       255   9.14279678184E+00   2.21233526980E-01   0.00000000000E+00
       256   3.25604615289E+00   1.93393398077E-01   0.00000000000E+00
       257   3.41263616666E+00   2.11020875218E-01   0.00000000000E+00
       258   3.32152870094E+00   3.35304234742E-01   0.00000000000E+00
       259   3.34512444904E+00   8.32531334339E-02   0.00000000000E+00
       260   1.07851942334E+00   1.36929273988E-01   0.00000000000E+00
       261   1.00298587253E+00   2.23989247086E-01   0.00000000000E+00
       262   9.69334555573E-01   1.56496984741E-01   0.00000000000E+00
       263   1.10813981109E+00   2.52874279194E-01   0.00000000000E+00
       264   1.19817784479E+00   2.69278214797E-01   0.00000000000E+00
       265   1.17560993686E+00   3.81570857916E-01   0.00000000000E+00
       266   2.34143621677E+00   1.64233732548E-01   0.00000000000E+00
       267   2.46205899987E+00   9.68288750154E-02   0.00000000000E+00
       268   2.46415802820E+00   2.23433077668E-01   0.00000000000E+00
       269   2.21276507940E+00   2.04792189450E-01   0.00000000000E+00
       270   2.23988134114E+00   8.79249590033E-02   0.00000000000E+00
       271   8.66542282464E-01   2.38381294883E-01   0.00000000000E+00
       272   1.29568452303E+00   2.63979678768E-01   0.00000000000E+00
       273   1.20552973767E+00   1.69880093989E-01   0.00000000000E+00
       274   1.40351423165E+00   4.19318545696E-01   0.00000000000E+00
       275   6.27028044327E+00   1.25157984927E-01   0.00000000000E+00
       276   6.13869881968E+00   9.80769071419E-02   0.00000000000E+00
       277   6.07431231275E+00   1.53108962261E-01   0.00000000000E+00
       278   6.05013673549E+00   7.62383687908E-02   0.00000000000E+00
       279   3.66727077677E+00   1.70122053682E-01   0.00000000000E+00
       280   3.75176218513E+00   9.50480159541E-02   0.00000000000E+00
       281   3.78491347500E+00   2.14370422808E-01   0.00000000000E+00
       282   3.91385543772E+00   2.22737714010E-01   0.00000000000E+00
       283   3.86398816905E+00   1.12601690646E-01   0.00000000000E+00
       284   3.96503176524E+00   1.21740102621E-01   0.00000000000E+00
       285   1.84562465103E+00   3.39418518898E-01   0.00000000000E+00
       286   1.72530905377E+00   2.71158753529E-01   0.00000000000E+00
       287   1.84387382973E+00   2.02871159873E-01   0.00000000000E+00
       288   1.80004684221E+00   9.61097659397E-02   0.00000000000E+00
       289   1.88834728002E+00   9.41403271662E-02   0.00000000000E+00
       290   6.67773962895E+00   2.91198449107E-01   0.00000000000E+00
       291   6.66969186153E+00   4.01197305678E-01   0.00000000000E+00
       292   6.51234140204E+00   3.82377668012E-01   0.00000000000E+00
       293   6.81022280817E+00   2.06639076638E-01   0.00000000000E+00
       294   1.98707699126E+00   7.51872351927E-02   0.00000000000E+00
       295   1.75134680608E+00   5.62892724638E-02   0.00000000000E+00
       296   5.62895647952E+00   2.91467842293E-01   0.00000000000E+00
       297   5.77618935271E+00   3.76206180201E-01   0.00000000000E+00
       298   5.60096022692E+00   4.75948590120E-01   0.00000000000E+00
       299   9.67239510818E+00   4.27212986539E-01   0.00000000000E+00
       300   9.57287390144E+00   2.56232031736E-01   0.00000000000E+00
       301   9.69390785262E+00   2.37724709325E-01   0.00000000000E+00
       302   9.58813188478E+00   7.27996216060E-02   0.00000000000E+00
       303   9.54982659037E+00   1.49615346351E-01   0.00000000000E+00
       304   9.48708832762E+00   8.27023598499E-02   0.00000000000E+00
       305   6.44682181459E+00   2.37515101456E-01   0.00000000000E+00
       306   6.32133128143E+00   2.93238393868E-01   0.00000000000E+00
       307   1.58207715470E+00   3.41168023168E-01   0.00000000000E+00
       308   8.53837492538E+00   1.97698792092E-01   0.00000000000E+00
       309   8.47044755821E+00   3.02063919800E-01   0.00000000000E+00
       310   8.41129637287E+00   2.09476165231E-01   0.00000000000E+00
       311   8.59607143427E+00   3.40977471094E-01   0.00000000000E+00
       312   4.57130959379E+00   3.18525542537E-01   0.00000000000E+00
       313   4.47313622328E+00   4.54128540351E-01   0.00000000000E+00
       314   7.19815528886E+00   1.61614706235E-01   0.00000000000E+00
       315   7.13355597788E+00   7.31956270158E-02   0.00000000000E+00
       316   7.05289693998E+00   1.37986354248E-01   0.00000000000E+00
       317   6.96182330722E+00   2.62101675159E-01   0.00000000000E+00
       318   6.92615735448E+00   1.25595976376E-01   0.00000000000E+00
       319   2.96028794692E+00   3.25477938627E-01   0.00000000000E+00
       320   2.82164366237E+00   4.40888561781E-01   0.00000000000E+00
       321   5.33377754509E+00   3.42162466412E-01   0.00000000000E+00
       322   5.20488795404E+00   3.45101002155E-01   0.00000000000E+00
       323   5.46665433217E+00   3.45517606186E-01   0.00000000000E+00
       324   5.32157301291E+00   5.49145608910E-01   0.00000000000E+00
       325   7.12858283919E+00   2.80606901861E-01   0.00000000000E+00
       326   7.29590987980E+00   2.88341983515E-01   0.00000000000E+00
       327   7.03115962412E+00   4.29253842050E-01   0.00000000000E+00
       328   2.08525631015E+00   2.46307473938E-01   0.00000000000E+00
       329   2.18097906941E+00   3.18330851010E-01   0.00000000000E+00
       330   2.07694281082E+00   3.69255390570E-01   0.00000000000E+00
       331   2.32715790234E+00   3.11095693931E-01   0.00000000000E+00
       332   2.20563946785E+00   4.87621929512E-01   0.00000000000E+00
       333   8.09510734977E+00   3.00751179682E-01   0.00000000000E+00
       334   7.95684193205E+00   2.82727705082E-01   0.00000000000E+00
       335   6.81716071568E+00   3.94402744224E-01   0.00000000000E+00
       336   9.06683722030E+00   3.34026405186E-01   0.00000000000E+00
       337   9.06551185053E+00   5.00486589692E-01   0.00000000000E+00
       338   8.90105745272E+00   3.84491387185E-01   0.00000000000E+00
       339   1.71735168305E+00   1.27854182738E-01   0.00000000000E+00
       340   1.58420063708E+00   5.08546162543E-01   0.00000000000E+00
       341   3.40618872461E+00   5.12903298767E-01   0.00000000000E+00
       342   3.22955045772E+00   4.59524461801E-01   0.00000000000E+00
       343   7.79832583029E+00   3.32862284886E-01   0.00000000000E+00
       344   7.97546759064E+00   4.30500660410E-01   0.00000000000E+00
       345   4.28576796097E+00   8.40339849136E-02   0.00000000000E+00
       346   4.17608544452E+00   1.20121144320E-01   0.00000000000E+00
       347   4.06652687950E+00   1.94009997265E-01   0.00000000000E+00
       348   4.10403651980E+00   7.74933771037E-02   0.00000000000E+00
       349   4.63136754366E+00   4.52420530863E-01   0.00000000000E+00
       350   8.36804195820E+00   1.14885035003E-01   0.00000000000E+00
       351   8.30132336454E+00   1.93915003169E-01   0.00000000000E+00
       352   8.20760003138E+00   4.71053787386E-01   0.00000000000E+00
       353   8.22545358059E+00   2.86178051065E-01   0.00000000000E+00
       354   6.15621342657E+00   2.33956126872E-01   0.00000000000E+00
       355   6.05074457128E+00   3.50444234713E-01   0.00000000000E+00
       356   6.18692239882E+00   3.90538171099E-01   0.00000000000E+00
       357   6.07423442035E+00   5.62466051773E-01   0.00000000000E+00
       358   3.66831800835E+00   3.04946642295E-01   0.00000000000E+00
       359   3.82729578409E+00   3.56340998518E-01   0.00000000000E+00
       360   3.66274589434E+00   5.12448029043E-01   0.00000000000E+00
       361   3.05355523233E+00   4.84976603636E-01   0.00000000000E+00
       362   9.26414258232E+00   6.25059324707E-01   0.00000000000E+00
       363   9.22455684793E+00   3.60724740784E-01   0.00000000000E+00
       364   9.43334721145E+00   3.95935722633E-01   0.00000000000E+00
       365   9.33431448449E+00   2.60274980770E-01   0.00000000000E+00
       366   9.44219869599E+00   1.92721700125E-01   0.00000000000E+00
       367   1.73248882673E+00   4.44038253807E-01   0.00000000000E+00
       368   1.96256322499E+00   3.03670563799E-01   0.00000000000E+00
       369   1.94577295077E+00   4.95812505913E-01   0.00000000000E+00
       370   8.89799332903E+00   5.80896686168E-01   0.00000000000E+00
       371   8.67439701967E+00   5.50650164114E-01   0.00000000000E+00
       372   6.66746980000E+00   5.44852530652E-01   0.00000000000E+00
       373   6.89541426077E+00   6.30617438990E-01   0.00000000000E+00
       374   6.61805987462E+00   8.76256996836E-01   0.00000000000E+00
       375   9.52052130174E+00   6.56430437780E-01   0.00000000000E+00
       376   9.83062144259E+00   2.54630773856E-01   0.00000000000E+00
       377   4.57951055177E+00   6.33281366406E-01   0.00000000000E+00
       378   1.47250997649E+00   6.21878537399E-01   0.00000000000E+00
       379   1.71476892428E+00   7.15288267324E-01   0.00000000000E+00
       380   3.50524802010E+00   3.45795733101E-01   0.00000000000E+00
       381   3.13495323172E+00   3.05614083360E-01   0.00000000000E+00
       382   7.20636369729E+00   4.15716094233E-01   0.00000000000E+00
       383   7.15882177099E+00   6.09047677714E-01   0.00000000000E+00
       384   8.45059556488E+00   4.45998624799E-01   0.00000000000E+00
       385   3.22520808016E+00   6.93325524081E-01   0.00000000000E+00
       386   3.78268602881E+00   8.04540559628E-01   0.00000000000E+00
       387   3.43517522042E+00   1.06504611746E+00   0.00000000000E+00
       388   3.50226631847E+00   7.15310722621E-01   0.00000000000E+00
       389   3.95040544336E+00   5.30153323563E-01   0.00000000000E+00
       390   7.35369786457E+00   7.46208406319E-01   0.00000000000E+00
       391   7.05415060727E+00   9.61138846884E-01   0.00000000000E+00
       392   5.03739837890E+00   7.29164485260E-01   0.00000000000E+00
       393   4.77143770685E+00   7.99578735855E-01   0.00000000000E+00
       394   4.81360599467E+00   5.32202107710E-01   0.00000000000E+00
       395   5.28427315294E+00   8.67203157119E-01   0.00000000000E+00
       396   4.96115303084E+00   1.16049003101E+00   0.00000000000E+00
       397   9.03561273621E+00   7.49456912215E-01   0.00000000000E+00
       398   9.29878845452E+00   1.07340701720E+00   0.00000000000E+00
       399   8.81292797713E+00   7.46509902685E-01   0.00000000000E+00
       400   7.21246229413E+00   1.39518538243E+00   0.00000000000E+00
       401   6.59977244121E+00   1.53692755171E+00   0.00000000000E+00
       402   7.54017407477E+00   1.00692203133E+00   0.00000000000E+00
       403  -7.83274591023E+00   8.86495211312E-01   0.00000000000E+00
       404  -7.43300306214E+00   1.09121966309E+00   0.00000000000E+00
       405  -7.97417453517E+00   1.44906799214E+00   0.00000000000E+00
       406  -7.55529410944E+00   6.23800712704E-01   0.00000000000E+00
       407  -2.28563410643E+00   5.21309904008E+00   0.00000000000E+00
       408  -1.62311192864E+00   5.40659651710E+00   0.00000000000E+00
       409  -2.08656567144E+00   5.90151119903E+00   0.00000000000E+00
       410   2.60323224058E+00   6.20538190535E+00   0.00000000000E+00
       411   3.15631960863E+00   6.26068271650E+00   0.00000000000E+00
       412   2.97240778340E+00   6.83169249479E+00   0.00000000000E+00
       413   2.35922058775E+00   5.61326984083E+00   0.00000000000E+00
       414   2.97540343889E+00   5.73888351556E+00   0.00000000000E+00
       415   3.58921859907E+00   5.89638340414E+00   0.00000000000E+00
       416   4.22785101270E+00   6.06927449059E+00   0.00000000000E+00
       417   3.74135919959E+00   6.59074149678E+00   0.00000000000E+00
       418   3.39130890054E+00   5.28990489550E+00   0.00000000000E+00
       419   4.04306943407E+00   5.42881330993E+00   0.00000000000E+00
       420   8.77492481389E+00   3.65259368303E+00   0.00000000000E+00
       421   8.66347418295E+00   2.94590879844E+00   0.00000000000E+00
       422   8.22200846757E+00   4.07188335885E+00   0.00000000000E+00
       423   8.09832391462E+00   3.42082078338E+00   0.00000000000E+00
       424  -4.07704545024E+00   3.49870345707E+00   0.00000000000E+00
       425  -3.50336320573E+00   3.87650217042E+00   0.00000000000E+00
       426  -4.03153674474E+00   4.29764178850E+00   0.00000000000E+00
       427  -4.12821609722E+00   2.88166503469E+00   0.00000000000E+00
       428  -3.41756602067E+00   3.01324177795E+00   0.00000000000E+00
       429   6.94483439246E+00   5.84507168347E+00   0.00000000000E+00
       430   6.37863600173E+00   5.47170039392E+00   0.00000000000E+00
       431   6.91681514401E+00   5.05398602806E+00   0.00000000000E+00
       432   6.88563913757E+00   6.49571891827E+00   0.00000000000E+00
       433   6.36492927724E+00   6.14247767062E+00   0.00000000000E+00
       434  -2.00763332074E+00   4.16789702435E+00   0.00000000000E+00
       435  -1.37186415574E+00   4.17302715230E+00   0.00000000000E+00
       436  -1.84326698741E+00   4.71583021196E+00   0.00000000000E+00
       437  -2.48283763870E+00   3.77871670468E+00   0.00000000000E+00
       438  -1.80382600305E+00   3.60535536578E+00   0.00000000000E+00
       439   4.71903184537E+00   5.65695392010E+00   0.00000000000E+00
       440   3.83526282928E+00   4.77116298818E+00   0.00000000000E+00
       441   4.64406870019E+00   4.89505022004E+00   0.00000000000E+00
       442  -8.72958144268E+00   1.24764005023E+00   0.00000000000E+00
       443  -9.38422050292E+00   1.11171496859E+00   0.00000000000E+00
       444  -9.09165587347E+00   7.83318804255E-01   0.00000000000E+00
       445  -8.72088291270E+00   6.54406233166E-01   0.00000000000E+00
       446  -8.25657228080E+00   8.45491859029E-01   0.00000000000E+00
       447   2.26924920076E+00   7.83420496064E+00   0.00000000000E+00
       448   1.52557134797E+00   7.80466721198E+00   0.00000000000E+00
       449   1.90319466490E+00   7.23864970977E+00   0.00000000000E+00
       450   1.78900335190E+00   8.27988875744E+00   0.00000000000E+00
       451   2.34885581505E+00   8.61237772620E+00   0.00000000000E+00
       452  -3.01971107050E+00   7.64943297424E+00   0.00000000000E+00
       453  -3.74605231837E+00   7.81703334881E+00   0.00000000000E+00
       454  -3.58510897566E+00   7.27001493785E+00   0.00000000000E+00
       455  -3.12805401057E+00   6.87234162214E+00   0.00000000000E+00
       456  -8.32691891822E+00   2.70790107531E+00   0.00000000000E+00
       457  -7.82623042413E+00   2.19867119679E+00   0.00000000000E+00
       458  -7.65762460023E+00   2.83203902993E+00   0.00000000000E+00
       459  -8.12600440815E+00   3.35536744511E+00   0.00000000000E+00
       460   6.40067495341E+00   6.82251438675E+00   0.00000000000E+00
       461   5.83252815387E+00   6.44634136200E+00   0.00000000000E+00
       462  -6.71541200873E+00   3.51010932876E+00   0.00000000000E+00
       463  -7.20477258490E+00   4.19004515120E+00   0.00000000000E+00
       464  -7.43917681150E+00   3.46275096032E+00   0.00000000000E+00
       465  -6.14377429650E-01   1.74689853729E-01   0.00000000000E+00
       466  -6.14219627479E-01   2.45365005395E-01   0.00000000000E+00
       467  -7.32243798682E-01   1.96408107299E-01   0.00000000000E+00
       468  -6.56365687809E-01   9.58963150576E-02   0.00000000000E+00
       469  -8.53209126938E-01   3.51044823682E-01   0.00000000000E+00
       470   6.30734876909E-01   5.69010948561E-01   0.00000000000E+00
       471   5.09643959430E-01   5.20499389532E-01   0.00000000000E+00
       472   5.63044509079E-01   4.72008731930E-01   0.00000000000E+00
       473   6.39522249497E-01   4.36818574375E-01   0.00000000000E+00
       474   7.71049861621E-01   4.91804147845E-01   0.00000000000E+00
       475   4.88555274119E-01   2.12602995704E-01   0.00000000000E+00
       476   5.20891167687E-01   2.41590177549E-01   0.00000000000E+00
       477   9.21517699995E+00   1.14066276071E-01   0.00000000000E+00
       478   9.31980856544E+00   1.43345167758E-01   0.00000000000E+00
       479   8.85318568376E+00   8.27526887624E-02   0.00000000000E+00
       480   8.27830343445E+00   8.90999265046E-02   0.00000000000E+00
       481   7.89987384231E+00   7.30760913721E-02   0.00000000000E+00
       482   6.82265546515E+00   8.92718328130E-02   0.00000000000E+00
       483   6.37317732934E+00   8.44322800808E-02   0.00000000000E+00
       484   5.90935474847E+00   6.39328030973E-02   0.00000000000E+00
       485   5.97539386677E+00   1.29686224921E-01   0.00000000000E+00
       486   4.94914988811E+00   1.89532718403E-01   0.00000000000E+00
       487   4.97513778674E+00   8.28332191174E-02   0.00000000000E+00
       488   3.49122824337E+00   9.99778009211E-02   0.00000000000E+00
       489   3.59315822874E+00   1.10338946845E-01   0.00000000000E+00
       490   2.97435503167E+00   9.53295675781E-02   0.00000000000E+00
       491   3.12011214308E+00   1.48969754917E-01   0.00000000000E+00
       492   1.61641034347E+00   8.22264638864E-02   0.00000000000E+00
       493   1.16835577369E+00   7.50420972553E-02   0.00000000000E+00
       494   1.24970546133E+00   7.54089830731E-02   0.00000000000E+00
       495   9.74986351776E+00   1.14823246618E-01   0.00000000000E+00
       496   9.24835097640E+00   2.19262742032E-01   0.00000000000E+00
       497   8.42759012845E+00   6.79923537793E-02   0.00000000000E+00
       498   8.51568044253E+00   8.42786133871E-02   0.00000000000E+00
       499   7.43870637928E+00   5.87433156498E-02   0.00000000000E+00
       500   7.35253948406E+00   1.19602172273E-01   0.00000000000E+00
       501   6.98070107361E+00   6.58955826560E-02   0.00000000000E+00
       502   6.51315152714E+00   5.48163909524E-02   0.00000000000E+00
       503   6.37428848107E+00   1.70656506223E-01   0.00000000000E+00
       504   5.65688501899E+00   6.42976367734E-02   0.00000000000E+00
       505   5.07189335349E+00   6.35429298624E-02   0.00000000000E+00
       506   4.85482387056E+00   9.58760356302E-02   0.00000000000E+00
       507   4.03139762613E+00   7.71207520493E-02   0.00000000000E+00
       508   3.66315068995E+00   7.31939285885E-02   0.00000000000E+00
       509   3.55664143361E+00   2.08400951035E-01   0.00000000000E+00
       510   3.21194506045E+00   8.33261474320E-02   0.00000000000E+00
       511   3.01795571058E+00   2.19013200902E-01   0.00000000000E+00
       512   2.34464465830E+00   6.87095492490E-02   0.00000000000E+00
       513   1.97715841858E+00   1.74646878063E-01   0.00000000000E+00
       514   1.32505536259E+00   1.35861577497E-01   0.00000000000E+00
       515   6.60782640246E-01   1.42237174220E-01   0.00000000000E+00
       516   6.13106089138E-01   8.30372324395E-02   0.00000000000E+00
       517   6.81286254244E-01   6.73129457801E-02   0.00000000000E+00
       518   2.07197030644E-01   8.62042080429E-01   0.00000000000E+00
       519   1.27823659485E-01   9.94429196686E-01   0.00000000000E+00
       520   6.03983934198E-02   8.69826085666E-01   0.00000000000E+00
       521  -9.52741484298E+00   4.98871740185E-01   0.00000000000E+00
       522   5.55211246002E-01   5.36921321307E-02   0.00000000000E+00
       523  -5.17121911641E-01   1.41521912077E-01   0.00000000000E+00
       524  -5.67871615295E-01   1.27693979395E-01   0.00000000000E+00
       525   7.76292541836E-01   1.11290322241E-01   0.00000000000E+00
       526  -9.11397105104E+00   3.60949386593E-01   0.00000000000E+00
       527  -8.76440635904E+00   2.81652819783E-01   0.00000000000E+00
       528  -8.39043968674E+00   3.76907568214E-01   0.00000000000E+00
       529  -5.23053853489E-01   3.32631881171E-01   0.00000000000E+00
       530  -5.04179686258E-01   3.87467313356E-01   0.00000000000E+00
       531  -5.69894903070E-01   3.85918640590E-01   0.00000000000E+00
       532   5.22215334265E-01   8.79613340834E-02   0.00000000000E+00
       533   5.60662863007E-01   1.02251828998E-01   0.00000000000E+00
       534   8.66812794353E+00   1.38955333769E+00   0.00000000000E+00
       535   8.87431222371E+00   9.70381952837E-01   0.00000000000E+00
       536   9.38985721897E+00   8.00973118431E-02   0.00000000000E+00
       537   9.18597383842E+00   1.85755091586E+00   0.00000000000E+00
       538  -7.71871364013E+00   2.86904830695E-01   0.00000000000E+00
       539  -7.34353732005E+00   3.18292497168E-01   0.00000000000E+00
       540  -7.96973677114E+00   4.92430943605E-01   0.00000000000E+00
       541  -6.90932492215E+00   3.26626891569E-01   0.00000000000E+00
       542  -7.12231548183E+00   6.92124870490E-01   0.00000000000E+00
       543  -6.52905541038E+00   3.04398443235E-01   0.00000000000E+00
       544  -9.20022364715E+00   1.83361392060E+00   0.00000000000E+00
       545  -8.51158245272E+00   2.01678803408E+00   0.00000000000E+00
       546  -9.01340331706E+00   2.53647097375E+00   0.00000000000E+00
       547  -6.89848342017E+00   1.16878255361E+00   0.00000000000E+00
       548  -4.50478891356E+00   4.49951956106E-01   0.00000000000E+00
       549  -4.97316007647E+00   2.69147540580E-01   0.00000000000E+00
       550  -6.25197007031E+00   2.84005359875E+00   0.00000000000E+00
       551  -6.03932465298E+00   3.53307640225E+00   0.00000000000E+00
       552  -5.85840622361E+00   9.62150341094E-01   0.00000000000E+00
       553  -5.36283279606E+00   7.84162980129E-01   0.00000000000E+00
       554  -5.39646302597E+00   1.33650955297E+00   0.00000000000E+00
       555  -8.38787511734E+00   4.45692571978E+00   0.00000000000E+00
       556  -7.85041725438E+00   4.67377117371E+00   0.00000000000E+00
       557  -4.99128963456E+00   5.61808094720E-01   0.00000000000E+00
       558  -5.34472183425E+00   3.33977652072E-01   0.00000000000E+00
       559  -3.85678676434E+00   2.36810343114E+00   0.00000000000E+00
       560  -3.17895227432E+00   2.16215274476E+00   0.00000000000E+00
       561  -7.94983844350E+00   3.99692151356E+00   0.00000000000E+00
       562  -2.24253898181E+00   3.22194646479E-01   0.00000000000E+00
       563  -2.68352679346E+00   4.36589693399E-01   0.00000000000E+00
       564  -6.71503070956E+00   4.72655125218E+00   0.00000000000E+00
       565  -6.98341879224E+00   5.34105889675E+00   0.00000000000E+00
       566  -7.29662608749E+00   4.84935644325E+00   0.00000000000E+00
       567  -3.48584434338E+00   6.89912386567E-01   0.00000000000E+00
       568  -3.81350553972E+00   1.06127080425E+00   0.00000000000E+00
       569  -3.94504838027E+00   6.22037572661E-01   0.00000000000E+00
       570  -6.45866917728E+00   6.82327295399E+00   0.00000000000E+00
       571  -5.76617614304E+00   7.27352281696E+00   0.00000000000E+00
       572  -4.91632924192E+00   7.25870177785E+00   0.00000000000E+00
       573  -5.15991579378E+00   7.89862914287E+00   0.00000000000E+00
       574  -1.67081185037E+00   8.07617852680E-01   0.00000000000E+00
       575  -1.58738765858E+00   3.57449479591E-01   0.00000000000E+00
       576  -1.33895994761E+00   5.79168773630E-01   0.00000000000E+00
       577   1.16444377893E+00   1.16270642235E+00   0.00000000000E+00
       578   1.05959757188E+00   8.02765000366E-01   0.00000000000E+00
       579   1.41065007608E+00   8.60778045742E-01   0.00000000000E+00
       580   1.76212849590E+00   1.26705621904E+00   0.00000000000E+00
       581   1.19840205094E+00   1.68849998185E+00   0.00000000000E+00
       582   7.18399036793E-01   1.40812933071E+00   0.00000000000E+00
       583   8.74097108596E+00   3.37375716932E-01   0.00000000000E+00
       584   9.11787498359E+00   2.48616859271E+00   0.00000000000E+00
       585   8.34451419957E+00   3.15507575480E-01   0.00000000000E+00
       586   8.51802025909E+00   2.17004200509E+00   0.00000000000E+00
       587   7.39061357450E+00   4.86824285178E-01   0.00000000000E+00
       588   7.57310230974E+00   6.64646488706E-01   0.00000000000E+00
       589   6.46006099366E+00   4.34900488228E+00   0.00000000000E+00
       590   7.22643410730E+00   4.36252002572E+00   0.00000000000E+00
       591   7.49300294839E+00   2.53759528444E+00   0.00000000000E+00
       592   7.20022892111E+00   2.01566381950E+00   0.00000000000E+00
       593   7.83951739414E+00   2.12315285254E+00   0.00000000000E+00
       594   7.52541347461E+00   5.56029472037E+00   0.00000000000E+00
       595   7.99801323964E+00   5.23689591066E+00   0.00000000000E+00
       596   5.49049251301E+00   1.12624493358E+00   0.00000000000E+00
       597   5.81626719208E+00   5.84351301549E-01   0.00000000000E+00
       598   4.91645769154E+00   4.17398778379E+00   0.00000000000E+00
       599   4.23874621554E+00   4.20323620973E+00   0.00000000000E+00
       600   4.54159456089E+00   3.72685118177E+00   0.00000000000E+00
       601   5.21119625880E+00   2.88803604767E+00   0.00000000000E+00
       602   5.07355203303E+00   3.55352713112E+00   0.00000000000E+00
       603   4.56666866730E+00   3.17309440803E+00   0.00000000000E+00
       604   5.88216345555E+00   7.18979782618E+00   0.00000000000E+00
       605   5.05734488891E+00   4.57488056944E-01   0.00000000000E+00
       606   4.02305996050E+00   1.22392843746E+00   0.00000000000E+00
       607   4.46490773104E+00   9.52956987537E-01   0.00000000000E+00
       608   4.50271544797E+00   1.37736206784E+00   0.00000000000E+00
       609   5.11162692034E+00   7.86028184894E+00   0.00000000000E+00
       610   5.39895298472E+00   7.41679721509E+00   0.00000000000E+00
       611   4.24284586234E+00   2.45068362318E-01   0.00000000000E+00
       612   4.10558437584E+00   3.65124667736E-01   0.00000000000E+00
       613   5.29018799423E+00   6.02060145179E+00   0.00000000000E+00
       614   4.78292756375E+00   6.20505341707E+00   0.00000000000E+00
       615   5.22072888440E+00   6.72253207339E+00   0.00000000000E+00
       616   2.40930826387E+00   4.53796103509E-01   0.00000000000E+00
       617   2.48125334490E+00   3.45748955720E-01   0.00000000000E+00
       618   3.86884994312E+00   8.63181076509E+00   0.00000000000E+00
       619   2.94042700237E+00   6.72056877858E-01   0.00000000000E+00
       620   2.71030629104E+00   6.25027023933E-01   0.00000000000E+00
       621   2.69691288594E+00   3.69810378249E-01   0.00000000000E+00
       622  -3.89384364009E-01   3.55726301925E-01   0.00000000000E+00
       623  -4.06491655832E-01   3.23777206789E-01   0.00000000000E+00
       624  -6.26483438143E-01   5.62287370042E-01   0.00000000000E+00
       625  -5.35467363069E-01   5.20450311344E-01   0.00000000000E+00
       626  -4.93604688951E-01   6.11082545010E-01   0.00000000000E+00
       627  -4.55083490378E-01   4.09303008091E-01   0.00000000000E+00
       628  -4.64676476947E-01   3.61568021426E-01   0.00000000000E+00
       629  -4.18893781499E-01   3.79995993807E-01   0.00000000000E+00
       630  -2.97142654391E-01   4.73020398876E-01   0.00000000000E+00
       631  -3.08738982791E-01   4.34790998915E-01   0.00000000000E+00
       632  -2.83633792539E-01   4.39888498325E-01   0.00000000000E+00
       633   4.58784321036E-01   2.84028259462E-01   0.00000000000E+00
       634   4.32967635566E-01   2.96487679671E-01   0.00000000000E+00
       635   2.07480933462E+00   7.96049436243E-01   0.00000000000E+00
       636   4.16322343804E-01   3.23892357242E-01   0.00000000000E+00
       637   4.26988969380E-01   3.64760162889E-01   0.00000000000E+00
       638   3.92880324204E-01   3.47698329964E-01   0.00000000000E+00
       639   2.60193789625E+00   8.09205516620E-02   0.00000000000E+00
       640   3.87492436551E-01   3.73076424097E-01   0.00000000000E+00
       641  -2.57585583963E-01   4.60437349057E-01   0.00000000000E+00
       642  -3.61242149857E-01   3.77155790287E-01   0.00000000000E+00
       643  -2.22368639957E-01   4.78170277535E-01   0.00000000000E+00
       644  -1.86438689708E-01   4.92015833947E-01   0.00000000000E+00
       645  -1.81804886571E-01   6.10537311370E-01   0.00000000000E+00
       646  -1.13678694313E-01   5.89192008100E-01   0.00000000000E+00
       647  -1.17616636816E-01   6.57179150997E-01   0.00000000000E+00
       648  -5.55980211318E-01   2.84332273999E-01   0.00000000000E+00
       649  -6.05201751007E-01   3.20659075561E-01   0.00000000000E+00
       650  -4.60924672731E-01   7.65223623222E-01   0.00000000000E+00
       651  -3.60148602528E-01   6.38708482056E-01   0.00000000000E+00
       652  -3.08511312920E-01   7.46558903811E-01   0.00000000000E+00
       653  -2.26127823829E+00   7.89765876729E-01   0.00000000000E+00
       654  -1.20478895132E+00   3.09658398517E-01   0.00000000000E+00
       655  -1.04752074902E+00   5.84747865433E-01   0.00000000000E+00
       656   2.60672586548E+00   9.15943264742E+00   0.00000000000E+00
       657   3.61403812559E-01   3.94033302990E-01   0.00000000000E+00
       658  -4.67870770011E+00   8.34592572637E+00   0.00000000000E+00
       659  -5.39257313971E-02   6.15666792198E-01   0.00000000000E+00
       660  -5.36721978320E-02   6.81413284579E-01   0.00000000000E+00
       661  -3.97631511507E+00   8.49101224229E+00   0.00000000000E+00
       662  -8.60147719461E-01   1.53114619500E+00   0.00000000000E+00
       663  -9.34830264519E-01   1.12768222394E+00   0.00000000000E+00
       664  -6.65720361200E-01   1.23243482459E+00   0.00000000000E+00
       665   1.00442566195E+00   9.36834829569E+00   0.00000000000E+00
       666   1.53303679522E+00   8.89357590526E+00   0.00000000000E+00
       667   3.03248703159E-01   4.41535307922E-01   0.00000000000E+00
       668   2.83059947405E-01   4.63097862053E-01   0.00000000000E+00
       669   1.37869786358E-01   8.83086930406E+00   0.00000000000E+00
       670   1.56527231930E-01   8.16253070317E+00   0.00000000000E+00
       671   7.53154397665E-01   8.69858439113E+00   0.00000000000E+00
       672   5.58841153783E-02   2.14051168754E+00   0.00000000000E+00
       673   5.22587373355E-01   2.54850027801E+00   0.00000000000E+00
       674  -3.30877770196E-02   2.83094135863E+00   0.00000000000E+00
       675   3.78054486592E-01   9.37858825916E+00   0.00000000000E+00
       676  -3.17922672836E-01   9.28789108198E+00   0.00000000000E+00
       677   1.83992371314E+00   6.15326850470E+00   0.00000000000E+00
       678   3.47044916683E-01   1.66569736294E+00   0.00000000000E+00
       679   6.56785091626E-01   1.96372839298E+00   0.00000000000E+00
       680  -2.64649969940E-01   7.48869312842E+00   0.00000000000E+00
       681  -5.37352792773E-01   8.13544359302E+00   0.00000000000E+00
       682   9.22514059609E-02   5.50434580418E-01   0.00000000000E+00
       683   4.67949998181E-02   5.67838213557E-01   0.00000000000E+00
       684   6.34198421332E-02   5.24844055547E-01   0.00000000000E+00
       685  -2.13659740578E+00   8.54883734628E+00   0.00000000000E+00
       686  -1.45973623631E+00   8.88082375491E+00   0.00000000000E+00
       687  -2.03873560666E+00   9.19121491584E+00   0.00000000000E+00
       688  -2.69854610227E+00   8.92583086808E+00   0.00000000000E+00
       689  -3.34463682294E+00   8.91193660534E+00   0.00000000000E+00
       690  -3.22585298376E+00   8.34094233577E+00   0.00000000000E+00
       691  -2.65451981950E+00   8.25143498834E+00   0.00000000000E+00
       692   1.30777237191E-01   5.70988298950E-01   0.00000000000E+00
       693   1.32671665676E-01   6.33118917507E-01   0.00000000000E+00
       694   8.79930874742E-02   5.99418823575E-01   0.00000000000E+00
       695   4.09396111943E-01   7.40784537506E+00   0.00000000000E+00
       696   6.38847568927E-01   6.78985864986E+00   0.00000000000E+00
       697   1.14970322481E+00   7.19419766403E+00   0.00000000000E+00
       698  -5.30890772749E+00   6.64984800377E+00   0.00000000000E+00
       699  -4.53913220472E+00   6.54132337330E+00   0.00000000000E+00
       700  -2.00481884739E+00   1.33136548743E+00   0.00000000000E+00
       701  -2.47801730427E+00   1.87336001307E+00   0.00000000000E+00
       702  -2.50426382490E+00   1.30438496188E+00   0.00000000000E+00
       703  -5.61096306450E+00   6.05968475148E+00   0.00000000000E+00
       704  -5.02977560667E+00   6.13533802346E+00   0.00000000000E+00
       705  -6.44327727850E+00   5.94445665056E+00   0.00000000000E+00
       706  -6.97211134170E+00   6.45568272101E+00   0.00000000000E+00
       707   4.53329280219E+00   7.72837130048E+00   0.00000000000E+00
       708   4.20337345812E+00   8.18201199430E+00   0.00000000000E+00
       709   4.02859002237E+00   7.68477503040E+00   0.00000000000E+00
       710  -7.84214162389E-01   8.74787376657E+00   0.00000000000E+00
       711  -1.16183352295E+00   8.18724812701E+00   0.00000000000E+00
       712   1.29698408272E+00   4.87685596504E+00   0.00000000000E+00
       713   7.44372821758E-01   4.67927839048E+00   0.00000000000E+00
       714   1.32636402336E+00   4.29873557923E+00   0.00000000000E+00
       715   4.23104618533E+00   1.80749266872E+00   0.00000000000E+00
       716   3.53398398476E+00   1.72638553966E+00   0.00000000000E+00
       717   2.78251873479E+00   5.16878735167E+00   0.00000000000E+00
       718  -6.36939654030E+00   5.21281039713E+00   0.00000000000E+00
       719  -5.94249363272E+00   4.68542010868E+00   0.00000000000E+00
       720  -5.78359448453E+00   5.38867369306E+00   0.00000000000E+00
       721  -3.24990091871E+00   6.14206005858E+00   0.00000000000E+00
       722  -3.78060192079E+00   6.69051799284E+00   0.00000000000E+00
       723  -3.93453625797E+00   5.95242869154E+00   0.00000000000E+00
       724  -2.19189153517E+00   7.79213141733E+00   0.00000000000E+00
       725  -2.55275787467E+00   4.51360751255E+00   0.00000000000E+00
       726  -3.02745633794E+00   3.60949606164E+00   0.00000000000E+00
       727  -3.18862643143E+00   3.46149608147E-01   0.00000000000E+00
       728  -3.64283652585E+00   3.17238606119E-01   0.00000000000E+00
       729   9.55460938902E-01   5.36213741900E+00   0.00000000000E+00
       730   1.65315324842E+00   5.37709624261E+00   0.00000000000E+00
       731   2.06998548740E+00   9.23994249900E+00   0.00000000000E+00
       732  -8.53026085129E-01   4.43983742198E+00   0.00000000000E+00
       733  -3.15008629656E-01   4.30764319724E+00   0.00000000000E+00
       734  -6.01648682271E-01   4.92613867523E+00   0.00000000000E+00
       735   5.83717095681E+00   5.75462882545E+00   0.00000000000E+00
       736   1.88301305405E+00   3.99130289805E+00   0.00000000000E+00
       737   1.95948501098E+00   3.30072432226E+00   0.00000000000E+00
       738   2.50563750838E+00   3.73334618278E+00   0.00000000000E+00
       739   8.55739350533E-01   7.93637225159E+00   0.00000000000E+00
       740  -2.75178113949E+00   5.67237718750E+00   0.00000000000E+00
       741  -3.39673341372E+00   5.42796112364E+00   0.00000000000E+00
       742  -4.17690881810E+00   7.24727724144E+00   0.00000000000E+00
       743  -4.44237149789E+00   7.84309657994E+00   0.00000000000E+00
       744   3.17738651017E+00   8.76449131457E+00   0.00000000000E+00
       745  -7.29789029380E+00   5.90331705847E+00   0.00000000000E+00
       746  -2.66763539044E+00   2.60965409859E+00   0.00000000000E+00
       747   3.15313635077E+00   3.42815296065E+00   0.00000000000E+00
       748   2.96664825068E+00   4.09724274219E+00   0.00000000000E+00
       749   3.95737730791E+00   3.49056828458E+00   0.00000000000E+00
       750  -4.49507610475E+00   2.42037157932E+00   0.00000000000E+00
       751  -4.83518112298E+00   1.78258071412E+00   0.00000000000E+00
       752  -4.23981569314E+00   1.93052135696E+00   0.00000000000E+00
       753  -4.26377364844E+00   1.38137017317E+00   0.00000000000E+00
       754  -4.80864853697E+00   1.02784239036E+00   0.00000000000E+00
       755  -4.26050133301E+00   9.06196106497E-01   0.00000000000E+00
       756  -1.18390198245E+00   3.43004311171E+00   0.00000000000E+00
       757  -7.39804646410E-01   3.86852626763E+00   0.00000000000E+00
       758   1.34948093551E-01   7.35733049604E-01   0.00000000000E+00
       759   7.10033908556E-02   6.63674092591E-01   0.00000000000E+00
       760  -1.56016482362E+00   2.90159798963E+00   0.00000000000E+00
       761  -9.97583871251E-01   2.84214812059E+00   0.00000000000E+00
       762  -1.93476520217E+00   4.48251852721E-01   0.00000000000E+00
       763  -2.45700782719E+00   7.09661620145E+00   0.00000000000E+00
       764  -1.97947046137E+00   6.65971891029E+00   0.00000000000E+00
       765  -1.91425714848E+00   7.24806681326E+00   0.00000000000E+00
       766  -1.55454892588E+00   7.66379403088E+00   0.00000000000E+00
       767  -1.70092152522E+00   8.21456693528E+00   0.00000000000E+00
       768   4.84697022646E-01   6.05585069107E+00   0.00000000000E+00
       769   3.81447749249E-01   5.28897511395E+00   0.00000000000E+00
       770  -2.60343661677E+00   6.36009546825E+00   0.00000000000E+00
       771   5.63695188843E+00   4.61874123795E+00   0.00000000000E+00
       772   5.92372451724E+00   4.01117510143E+00   0.00000000000E+00
       773   7.36056211877E+00   3.16316953486E+00   0.00000000000E+00
       774   6.54004416607E+00   3.11819141296E+00   0.00000000000E+00
       775   7.01315514788E+00   2.64906229440E+00   0.00000000000E+00
       776  -5.74946737165E+00   4.76318583932E-01   0.00000000000E+00
       777  -8.58384080031E+00   3.88208785100E+00   0.00000000000E+00
       778   7.76824018760E+00   4.37303158560E+00   0.00000000000E+00
       779   7.60929245969E+00   3.83908249968E+00   0.00000000000E+00
       780   2.24265771794E+00   6.71590672295E+00   0.00000000000E+00
       781   1.64632673188E+00   6.74830418638E+00   0.00000000000E+00
       782   2.94998027969E+00   7.56342677998E+00   0.00000000000E+00
       783   2.46778966263E+00   7.21477849751E+00   0.00000000000E+00
       784   2.94101933312E+00   2.00270512930E+00   0.00000000000E+00
       785   2.92162708357E+00   1.34789297754E+00   0.00000000000E+00
       786   4.16887986730E-01   6.46542887035E-01   0.00000000000E+00
       787   4.63483491353E-01   7.45691684271E-01   0.00000000000E+00
       788   3.50801100991E-01   6.97138071143E-01   0.00000000000E+00
       789  -4.54971032557E-02   3.59098574381E+00   0.00000000000E+00
       790   3.91581441501E-01   3.11087840231E+00   0.00000000000E+00
       791   6.28359688596E-01   3.57179777044E+00   0.00000000000E+00
       792   5.40556270197E+00   2.13073266274E+00   0.00000000000E+00
       793   5.87112266953E+00   1.50102053833E+00   0.00000000000E+00
       794   6.07119479954E+00   2.05804188118E+00   0.00000000000E+00
       795   1.14453601826E+00   6.46887971627E+00   0.00000000000E+00
       796   2.21814019262E+00   5.07410268188E+00   0.00000000000E+00
       797   1.81572472328E+00   4.69661870064E+00   0.00000000000E+00
       798   2.48008366888E+00   4.51474127363E+00   0.00000000000E+00
       799   3.39800706152E+00   2.30948809904E+00   0.00000000000E+00
       800   3.60453898570E+00   2.83465413796E+00   0.00000000000E+00
       801   3.02368408801E+00   2.65379354057E+00   0.00000000000E+00
       802   3.14923850761E+00   4.68034848887E+00   0.00000000000E+00
       803  -9.79066979904E-01   9.35780968986E+00   0.00000000000E+00
       804   1.30109824874E+00   3.56096886845E+00   0.00000000000E+00
       805   3.28450191179E-01   4.15340396135E+00   0.00000000000E+00
       806   5.44809844325E+00   3.94574056398E+00   0.00000000000E+00
       807  -2.44911861910E-01   5.57521916548E+00   0.00000000000E+00
       808  -7.03550915576E-01   6.07583883701E+00   0.00000000000E+00
       809  -9.63266230657E-01   5.52184099989E+00   0.00000000000E+00
       810  -1.38836699280E+00   7.02807350636E+00   0.00000000000E+00
       811  -1.20087571505E+00   4.87896942763E+00   0.00000000000E+00
       812  -4.74958453384E+00   3.11675175799E+00   0.00000000000E+00
       813  -4.67764772871E+00   3.91983179831E+00   0.00000000000E+00
       814  -2.00613166567E+00   2.40775326727E+00   0.00000000000E+00
       815  -2.86902854761E+00   5.09256916609E+00   0.00000000000E+00
       816  -7.23092568320E+00   1.77235883618E+00   0.00000000000E+00
       817  -6.53893143936E+00   1.67856698922E+00   0.00000000000E+00
       818  -6.73469825148E+00   2.28459690695E+00   0.00000000000E+00
       819  -7.01338852161E+00   2.88816117760E+00   0.00000000000E+00
       820  -8.80743051737E+00   3.23589923017E+00   0.00000000000E+00
       821  -5.79740505126E+00   4.07651207674E+00   0.00000000000E+00
       822  -6.43055216585E+00   4.11553889013E+00   0.00000000000E+00
       823  -4.66799564340E+00   4.63883738255E+00   0.00000000000E+00
       824  -5.26118113888E+00   4.31795260153E+00   0.00000000000E+00
       825   5.75729657638E+00   3.41345280151E+00   0.00000000000E+00
       826   6.92910041155E+00   3.75294754113E+00   0.00000000000E+00
       827  -3.29948304554E+00   1.10082582478E+00   0.00000000000E+00
       828  -3.67614971045E+00   1.66852494420E+00   0.00000000000E+00
       829  -6.66681715932E+00   6.72362509385E-01   0.00000000000E+00
       830   3.91039221672E+00   2.31497739011E+00   0.00000000000E+00
       831   4.11423802587E+00   2.85853473219E+00   0.00000000000E+00
       832  -1.05432428429E-01   5.42260721875E-01   0.00000000000E+00
       833  -2.20915261357E+00   3.06223723679E+00   0.00000000000E+00
       834  -2.74134490126E+00   3.21076868596E+00   0.00000000000E+00
       835  -2.99807673252E+00   1.51413795058E+00   0.00000000000E+00
       836  -3.35823620377E+00   4.63580096667E+00   0.00000000000E+00
       837  -3.00328075579E+00   4.09437240465E+00   0.00000000000E+00
       838  -7.05672531194E-01   6.80062674961E+00   0.00000000000E+00
       839  -1.35906286087E+00   6.20832822402E+00   0.00000000000E+00
       840   6.26557419835E+00   1.12390445496E+00   0.00000000000E+00
       841   7.48612906647E+00   2.70183802829E-01   0.00000000000E+00
       842   5.90282430082E+00   5.21378587069E+00   0.00000000000E+00
       843   5.91285543533E+00   2.65094586239E+00   0.00000000000E+00
       844  -5.33755088520E+00   3.66616290589E+00   0.00000000000E+00
       845  -7.69430475059E+00   5.30637107625E+00   0.00000000000E+00
       846   2.87528344730E+00   8.14942827463E+00   0.00000000000E+00
       847   7.99342384808E+00   2.73223448677E+00   0.00000000000E+00
       848   6.54283190252E+00   2.35109931048E+00   0.00000000000E+00
       849   4.72263676504E+00   8.24142640583E+00   0.00000000000E+00
       850   8.03388748773E-02   1.19137207244E+00   0.00000000000E+00
       851  -4.14338073302E-02   1.55400364853E+00   0.00000000000E+00
       852  -1.82123489220E-01   1.22132638075E+00   0.00000000000E+00
       853   9.97526842950E-01   3.35368308965E-01   0.00000000000E+00
       854   2.36884412073E+00   1.69924745240E+00   0.00000000000E+00
       855  -2.49372769562E-01   8.63802635264E+00   0.00000000000E+00
       856   1.29130104866E+00   8.32261770348E+00   0.00000000000E+00
       857   2.37920385884E+00   1.12349226208E+00   0.00000000000E+00
       858   1.51142405765E+00   2.81479956123E+00   0.00000000000E+00
       859   1.09839305661E+00   2.33103171686E+00   0.00000000000E+00
       860   1.77110052922E+00   2.11472537222E+00   0.00000000000E+00
       861   9.31391402675E-01   2.97440237983E+00   0.00000000000E+00
       862   2.43798542370E+00   2.33961275423E+00   0.00000000000E+00
       863   2.03543121465E+00   2.69156945864E+00   0.00000000000E+00
       864   8.17811247299E+00   4.71180081926E+00   0.00000000000E+00
       865  -1.79196493540E+00   1.82639085267E+00   0.00000000000E+00
       866  -5.52830819088E+00   1.92647560452E+00   0.00000000000E+00
       867  -5.16087241696E+00   2.44260718102E+00   0.00000000000E+00
       868   4.83448570942E+00   7.26735991517E+00   0.00000000000E+00
       869   4.22452694799E+00   7.20901164144E+00   0.00000000000E+00
       870   4.51778571690E+00   6.66716541171E+00   0.00000000000E+00
       871  -9.36047343423E-01   7.56188637778E+00   0.00000000000E+00
       872   6.26528754364E+00   4.93803652291E+00   0.00000000000E+00
       873  -5.91360559587E+00   6.54787292456E+00   0.00000000000E+00
       874  -5.55736577221E+00   3.01072902623E+00   0.00000000000E+00
       875  -5.24029533868E+00   4.95990184999E+00   0.00000000000E+00
       876  -4.72382494431E+00   5.19433386411E+00   0.00000000000E+00
       877  -5.14252240829E+00   5.57336116927E+00   0.00000000000E+00
       878  -1.95954221139E-01   7.03666550086E-01   0.00000000000E+00
       879  -2.59788471264E-01   6.44217479451E-01   0.00000000000E+00
       880  -5.16760827231E-01   1.88866933776E+00   0.00000000000E+00
       881  -4.50398352694E-01   1.43304755368E+00   0.00000000000E+00
       882   4.59455350627E+00   2.40918412307E+00   0.00000000000E+00
       883   5.31212649814E+00   1.54107481763E+00   0.00000000000E+00
       884   4.83341033215E+00   1.74194221446E+00   0.00000000000E+00
       885   7.66913073986E+00   1.52788352349E+00   0.00000000000E+00
       886   4.90041189002E+00   3.29801031833E-01   0.00000000000E+00
       887   7.60535343044E+00   4.87987122452E+00   0.00000000000E+00
       888  -6.21006913298E+00   5.36235189835E-01   0.00000000000E+00
       889  -5.97806510813E+00   2.55439451293E-01   0.00000000000E+00
       890  -6.37277051760E+00   1.10230926589E+00   0.00000000000E+00
       891   5.34874056116E+00   5.33809911275E+00   0.00000000000E+00
       892  -1.20043676560E+00   2.17895965178E+00   0.00000000000E+00
       893   5.43664603361E+00   9.99893225603E-02   0.00000000000E+00
       894  -5.44774979530E-01   2.51531465688E+00   0.00000000000E+00
       895   3.53556849078E+00   8.03526764335E+00   0.00000000000E+00
       896   6.48076524976E+00   6.13065936221E-01   0.00000000000E+00
       897   5.92098218774E+00   9.15836728517E-01   0.00000000000E+00
       898  -1.20663797142E+00   8.74670641306E-01   0.00000000000E+00
       899  -3.65757763939E-01   9.03503487297E-01   0.00000000000E+00
       900   1.47442012627E-01   5.04265026440E-01   0.00000000000E+00
       901   1.25062024826E-01   5.26941854169E-01   0.00000000000E+00
       902   8.15774962294E+00   1.65572505162E+00   0.00000000000E+00
       903   8.10630950752E+00   1.03527587741E+00   0.00000000000E+00
       904   8.00487743145E+00   6.58733331352E-01   0.00000000000E+00
       905   7.80158027473E+00   7.83051502200E-01   0.00000000000E+00
       906  -7.28144938739E+00   2.39941724092E+00   0.00000000000E+00
       907   3.57958309329E+00   7.31518880896E+00   0.00000000000E+00
       908  -4.16808719183E-01   1.12234277858E+00   0.00000000000E+00
       909  -6.23071354937E-01   9.51088108747E-01   0.00000000000E+00
       910  -2.80952888481E+00   9.79602951542E-01   0.00000000000E+00
       911   2.10112925769E+00   1.07148970734E-01   0.00000000000E+00
       912   7.17452843666E-01   2.22402828648E-01   0.00000000000E+00
       913  -5.98540128528E+00   1.53584528760E+00   0.00000000000E+00
       914  -4.04353476393E+00   2.77845626977E-01   0.00000000000E+00
       915   4.12246333578E+00   7.80356727626E-01   0.00000000000E+00
       916   5.58229043336E+00   7.56827021417E-01   0.00000000000E+00
       917   6.27990682125E+00   7.66617800543E-01   0.00000000000E+00
       918   3.06058215404E+00   9.26794136408E-01   0.00000000000E+00
       919  -3.09392569347E+00   7.06781400658E-01   0.00000000000E+00
       920   6.30928044748E+00   5.05989384342E-01   0.00000000000E+00
       921   8.58323328393E+00   9.02819390619E-01   0.00000000000E+00
       922  -1.38174514892E+00   1.37738717744E+00   0.00000000000E+00
       923   6.03497143610E+00   2.26008664899E-01   0.00000000000E+00
       924   1.24941601338E+00   6.05461665692E-01   0.00000000000E+00
       925  -2.02333927022E-01   5.53528597635E-01   0.00000000000E+00
       926  -2.35170241908E-01   5.86765185818E-01   0.00000000000E+00
       927  -2.46809252724E-01   5.43264437762E-01   0.00000000000E+00
       928   3.24062184758E-01   1.33290887931E+00   0.00000000000E+00
       929   5.28408751464E-01   1.14011600608E+00   0.00000000000E+00
       930   7.79419029750E+00   5.50077201933E-01   0.00000000000E+00
       931   8.17014719240E+00   7.04650082043E-01   0.00000000000E+00
       932   8.36972038638E+00   6.86859085313E-01   0.00000000000E+00
       933   4.34484469858E+00   6.26859445093E-01   0.00000000000E+00
       934   4.17408053240E+00   5.15552619792E-01   0.00000000000E+00
       935   4.30736701230E+00   4.16528029790E-01   0.00000000000E+00
       936   2.75040551749E+00   8.97164400639E-01   0.00000000000E+00
       937   2.44134231010E+00   6.87025433593E-01   0.00000000000E+00
       938   7.79579047078E-01   9.87098688073E-01   0.00000000000E+00
       939  -2.15442191243E-01   5.14116724880E-01   0.00000000000E+00
       940  -1.81915113089E-01   5.22920285789E-01   0.00000000000E+00
       941  -2.13780993108E-01   9.92656316402E-01   0.00000000000E+00
       942   3.11615336064E-01   1.03813485515E+00   0.00000000000E+00
       943   9.82217272337E-01   5.26320936015E-01   0.00000000000E+00
       944   8.10472997758E-01   6.85255221356E-01   0.00000000000E+00
       945   5.16143319600E-01   9.22483990264E-01   0.00000000000E+00
       946  -5.40905216311E-01   2.43793491597E-01   0.00000000000E+00
       947   2.59504002672E+00   4.52625184623E-01   0.00000000000E+00
       948  -8.71659031169E-01   7.99366396564E-01   0.00000000000E+00
       949  -3.35716425950E-02   1.02139412439E+00   0.00000000000E+00
       950   6.20531563653E-01   7.56532633571E-01   0.00000000000E+00
       951   5.24535424153E-01   3.35629393074E-01   0.00000000000E+00
       952   4.62787150905E-01   3.23871879232E-01   0.00000000000E+00
       953   4.98881875470E-01   2.86523532354E-01   0.00000000000E+00
       954   8.45219676549E+00   1.34866191899E-01   0.00000000000E+00
       955   5.06064586849E+00   2.75211780453E-01   0.00000000000E+00
       956   5.92959439333E+00   4.26302593571E-01   0.00000000000E+00
       957   5.91819300312E+00   2.62847775727E-01   0.00000000000E+00
       958   3.97537655342E+00   3.37363072200E-01   0.00000000000E+00
       959  -7.91230381692E-01   5.82663151581E-01   0.00000000000E+00
       960   7.61178834813E+00   4.30668944048E-01   0.00000000000E+00
       961  -6.41116918222E-01   7.15368618021E-01   0.00000000000E+00
       962  -7.12867660990E-01   4.69795473934E-01   0.00000000000E+00
       963   8.68168916147E-01   3.86958780155E-01   0.00000000000E+00
       964   5.10931846317E-01   6.30687084841E-01   0.00000000000E+00
       965   6.76104694428E+00   1.35764025375E-01   0.00000000000E+00
       966   6.95998294367E-03   7.41756303386E-01   0.00000000000E+00
       967   3.54806810857E-01   8.29455585031E-01   0.00000000000E+00
       968   5.76316482126E+00   2.16318977948E-01   0.00000000000E+00
       969  -8.09667635097E-02   8.63601759499E-01   0.00000000000E+00
       970   9.67717408402E+00   6.59872703401E-02   0.00000000000E+00
       971   6.34460769446E-01   2.71405611899E-01   0.00000000000E+00
       972   6.04685321174E-01   3.45178095959E-01   0.00000000000E+00
       973   5.60352552297E-01   2.84649993808E-01   0.00000000000E+00
       974   5.13239881617E-01   5.14847319966E-02   0.00000000000E+00
       975   2.61060250340E+00   2.87794718870E-01   0.00000000000E+00
       976   1.41818718064E+00   8.82781491938E-02   0.00000000000E+00
       977  -6.02290662406E-01   4.61190563564E-01   0.00000000000E+00
       978   2.51921255512E-01   7.33743025474E-01   0.00000000000E+00
       979   1.99650925173E-01   6.54272855243E-01   0.00000000000E+00
       980   9.07493265447E-01   9.77318029195E-02   0.00000000000E+00
       981   1.00154021281E+00   8.02222156526E-02   0.00000000000E+00
       982   4.20645987833E+00   3.84001430410E-01   0.00000000000E+00
       983  -5.08189707406E-01   4.47915015503E-01   0.00000000000E+00
       984  -4.43827599665E-01   4.54842994492E-01   0.00000000000E+00
       985  -2.12282537088E-01   8.24002002148E-01   0.00000000000E+00
       986   7.23508321361E-01   3.42919213066E-01   0.00000000000E+00
       987   4.83864662405E-01   3.78093083810E-01   0.00000000000E+00
       988  -4.94672743440E-01   2.37666350262E-01   0.00000000000E+00
       989  -5.23537678796E-01   2.08005818830E-01   0.00000000000E+00
       990  -4.86396520770E-01   2.07560125949E-01   0.00000000000E+00
       991   1.61569226520E-01   5.34969775985E-01   0.00000000000E+00
       992   2.75823702200E-01   6.44936569843E-01   0.00000000000E+00
       993  -9.67399240214E-03   5.24959062008E-01   0.00000000000E+00
       994  -3.64400521412E-02   5.40049352244E-01   0.00000000000E+00
       995  -1.06664089647E-01   7.42598959649E-01   0.00000000000E+00
       996   3.72190933819E-01   4.36850080850E-01   0.00000000000E+00
       997   3.32377737985E-01   4.18428602387E-01   0.00000000000E+00
       998   4.96685238907E-01   4.39717274686E-01   0.00000000000E+00
       999   4.31801310557E-01   4.63071845494E-01   0.00000000000E+00
      1000   6.37641369140E-01   2.07838967786E-01   0.00000000000E+00
      1001  -6.73098093338E-01   3.77833137515E-01   0.00000000000E+00
      1002   2.79232368578E-01   5.79245963486E-01   0.00000000000E+00
      1003   2.33786926581E-01   6.03584808706E-01   0.00000000000E+00
      1004   2.69216306417E-01   5.34570011735E-01   0.00000000000E+00
      1005   2.32140674145E-01   5.09797348733E-01   0.00000000000E+00
      1006   2.78968980581E-01   4.97932681089E-01   0.00000000000E+00
      1007  -4.99673919023E-01   2.81154492252E-01   0.00000000000E+00
      1008  -4.61690115545E-01   5.11694587519E-01   0.00000000000E+00
      1009  -3.96932721438E-01   5.52402671636E-01   0.00000000000E+00
      1010   4.26482935614E-03   6.53342571566E-01   0.00000000000E+00
      1011   2.46159132699E-02   5.28215775587E-01   0.00000000000E+00
      1012  -3.97528710269E-01   4.82934301377E-01   0.00000000000E+00
      1013  -3.43322848077E-01   5.07733812109E-01   0.00000000000E+00
      1014   4.15584549184E-01   5.52524106417E-01   0.00000000000E+00
      1015   5.49539085888E-01   4.00421908305E-01   0.00000000000E+00
      1016   1.82815076344E-01   5.82802537099E-01   0.00000000000E+00
      1017   3.43638945804E-01   6.06673488503E-01   0.00000000000E+00
      1018   3.67199622468E-01   4.86007866072E-01   0.00000000000E+00
      1019   3.16197896145E-01   4.79015037767E-01   0.00000000000E+00
      1020   3.38806328062E-01   4.53441442574E-01   0.00000000000E+00
      1021  -7.17710583198E-02   5.24328798935E-01   0.00000000000E+00
      1022   1.85341247238E-01   4.98448207516E-01   0.00000000000E+00
      1023   4.46312679112E-02   6.17270451768E-01   0.00000000000E+00
      1024  -5.67562831918E-01   2.09144377189E-01   0.00000000000E+00
      1025  -3.98959331537E-01   4.22915971545E-01   0.00000000000E+00
      1026  -3.56693589289E-01   4.04045225607E-01   0.00000000000E+00
      1027  -3.45949220253E-01   4.47581203434E-01   0.00000000000E+00
      1028  -2.87145254165E-01   5.83641967862E-01   0.00000000000E+00
      1029  -3.02440375500E-02   5.75312853858E-01   0.00000000000E+00
      1030   3.00933718219E-03   5.97995448772E-01   0.00000000000E+00
      1031   4.72964861061E-01   2.52008923695E-01   0.00000000000E+00
      1032   9.51346374736E-02   5.16449924126E-01   0.00000000000E+00
      1033  -3.35867992520E-01   5.61958881456E-01   0.00000000000E+00
      1034  -2.94107934941E-01   5.28048207877E-01   0.00000000000E+00
      1035   2.31412560612E-01   5.56666117859E-01   0.00000000000E+00
      1036   4.04459418449E-01   4.06685867575E-01   0.00000000000E+00
      1037   5.78660755851E-01   2.27573152014E-01   0.00000000000E+00
      1038  -6.94963817345E-01   2.97873514694E-01   0.00000000000E+00
      1039   5.98109242125E-01   1.28981646885E-01   0.00000000000E+00
      1040  -3.84553229647E-01   3.88907408156E-01   0.00000000000E+00
      1041  -3.25797188239E-01   4.13387468882E-01   0.00000000000E+00
      1042  -4.77564210962E-05   5.55870367903E-01   0.00000000000E+00
      1043  -5.48001016720E-01   1.73631338041E-01   0.00000000000E+00
      1044   4.48759919940E-01   4.10465646891E-01   0.00000000000E+00
      1045  -2.54359607767E-01   4.98669749196E-01   0.00000000000E+00
      1046  -4.64753574476E-01   2.58325573085E-01   0.00000000000E+00
      1047  -9.99907598120E-02   5.12846252194E-01   0.00000000000E+00
      1048  -6.84656800880E-02   5.63345816884E-01   0.00000000000E+00
      1049   1.97490709508E-01   5.35622962364E-01   0.00000000000E+00
      1050  -5.03017729988E-01   1.78511472406E-01   0.00000000000E+00
      1051   3.24028232275E-01   5.31216458385E-01   0.00000000000E+00
      1052  -5.72535623922E+00   2.46803357133E+00   0.00000000000E+00
      1053   4.41821587876E-02   4.80421550231E+00   0.00000000000E+00
      1054  -5.90775059987E-01   3.17965987654E+00   0.00000000000E+00
      1055  -6.12350410516E+00   2.12516148330E+00   0.00000000000E+00
      1056   8.75380841771E-01   4.04350795624E+00   0.00000000000E+00
      1057   3.54514521774E+00   4.12962480501E+00   0.00000000000E+00
      1058  -4.07348796508E+00   5.14336239283E+00   0.00000000000E+00
      1059   2.52030598239E+00   3.01235896440E+00   0.00000000000E+00
      1060   6.31621468449E+00   3.72893602142E+00   0.00000000000E+00
      1061   1.20662105131E+00   5.88040236295E+00   0.00000000000E+00
      1062   4.04158096759E-02   6.80815405499E+00   0.00000000000E+00
      1063  -2.44841093250E-01   6.27317904607E+00   0.00000000000E+00
      1064  -4.56736112480E+00   5.76934720808E+00   0.00000000000E+00
      1065   2.56973173227E+00   1.68647568661E-01   0.00000000000E+00
      1066   9.63898968443E+00   1.48432208396E-01   0.00000000000E+00
      1067  -4.98450586435E-01  -3.92291126068E-02   0.00000000000E+00
      1068  -4.93834095472E-01  -7.82165576360E-02   0.00000000000E+00
      1069  -4.86187004317E-01  -1.16724406418E-01   0.00000000000E+00
      1070  -4.75546229352E-01  -1.54514568182E-01   0.00000000000E+00
      1071  -4.61953288779E-01  -1.91345823488E-01   0.00000000000E+00
      1072  -4.45497217736E-01  -2.26990223341E-01   0.00000000000E+00
      1073  -4.26303723608E-01  -2.61238497485E-01   0.00000000000E+00
      1074  -4.04496315884E-01  -2.93884635698E-01   0.00000000000E+00
      1075  -3.80197002812E-01  -3.24720713155E-01   0.00000000000E+00
      1076  -3.53543174880E-01  -3.53545981013E-01   0.00000000000E+00
      1077  -3.24712390827E-01  -3.80194016191E-01   0.00000000000E+00
      1078  -2.93887642679E-01  -4.04507950057E-01   0.00000000000E+00
      1079  -2.61252442217E-01  -4.26331465676E-01   0.00000000000E+00
      1080  -2.26996483538E-01  -4.45510677398E-01   0.00000000000E+00
      1081  -1.91337186962E-01  -4.61934525650E-01   0.00000000000E+00
      1082  -1.54503382290E-01  -4.75521470619E-01   0.00000000000E+00
      1083  -1.16720913307E-01  -4.86189891826E-01   0.00000000000E+00
      1084  -7.82170533642E-02  -4.93855955805E-01   0.00000000000E+00
      1085  -3.92281720715E-02  -4.98459137853E-01   0.00000000000E+00
      1086   1.67250856032E-06  -4.99992559980E-01   0.00000000000E+00
      1087   3.92314287537E-02  -4.98456765918E-01   0.00000000000E+00
      1088   7.82201424864E-02  -4.93852100040E-01   0.00000000000E+00
      1089   1.16723999909E-01  -4.86186024107E-01   0.00000000000E+00
      1090   1.54506625987E-01  -4.75518180189E-01   0.00000000000E+00
      1091   1.91340527524E-01  -4.61931499125E-01   0.00000000000E+00
      1092   2.26999786863E-01  -4.45507555927E-01   0.00000000000E+00
      1093   2.61255933854E-01  -4.26328655659E-01   0.00000000000E+00
      1094   2.93892391259E-01  -4.04506988409E-01   0.00000000000E+00
      1095   3.24719916030E-01  -3.80196569299E-01   0.00000000000E+00
      1096   3.53554456882E-01  -3.53552594435E-01   0.00000000000E+00
      1097   3.80211137599E-01  -3.24729990769E-01   0.00000000000E+00
      1098   4.04509493949E-01  -2.93893212713E-01   0.00000000000E+00
      1099   4.26311479694E-01  -2.61243499325E-01   0.00000000000E+00
      1100   4.45496846716E-01  -2.26990676958E-01   0.00000000000E+00
      1101   4.61945587114E-01  -1.91342858648E-01   0.00000000000E+00
      1102   4.75537032789E-01  -1.54510989002E-01   0.00000000000E+00
      1103   4.86183708273E-01  -1.16722456014E-01   0.00000000000E+00
      1104   4.93839206200E-01  -7.82162843481E-02   0.00000000000E+00
      1105   4.98459580845E-01  -3.92293507155E-02   0.00000000000E+00
      1106   9.96919161603E+00  -7.84587025422E-01   0.00000000000E+00
      1107   9.87678412373E+00  -1.56432568868E+00   0.00000000000E+00
      1108   9.72367416607E+00  -2.33444911771E+00   0.00000000000E+00
      1109   9.51074065385E+00  -3.09021978597E+00   0.00000000000E+00
      1110   9.23891173865E+00  -3.82685718173E+00   0.00000000000E+00
      1111   8.90993693892E+00  -4.53981353016E+00   0.00000000000E+00
      1112   8.52622958995E+00  -5.22486999291E+00   0.00000000000E+00
      1113   8.09018987519E+00  -5.87786425948E+00   0.00000000000E+00
      1114   7.60422274799E+00  -6.49459982007E+00   0.00000000000E+00
      1115   7.07108912959E+00  -7.07105189676E+00   0.00000000000E+00
      1116   6.49439831789E+00  -7.60393138830E+00   0.00000000000E+00
      1117   5.87784782442E+00  -8.09013976875E+00   0.00000000000E+00
      1118   5.22511867202E+00  -8.52657311629E+00   0.00000000000E+00
      1119   4.53999572825E+00  -8.91015112313E+00   0.00000000000E+00
      1120   3.82681055632E+00  -9.23862998008E+00   0.00000000000E+00
      1121   3.09013251211E+00  -9.51036360627E+00   0.00000000000E+00
      1122   2.33447999110E+00  -9.72372048384E+00   0.00000000000E+00
      1123   1.56440284257E+00  -9.87704200194E+00   0.00000000000E+00
      1124   7.84628561151E-01  -9.96913531946E+00   0.00000000000E+00
      1125   3.34451649452E-05  -9.99985119960E+00   0.00000000000E+00
      1126  -7.84563444816E-01  -9.96918275680E+00   0.00000000000E+00
      1127  -1.56434107277E+00  -9.87711911523E+00   0.00000000000E+00
      1128  -2.33441827654E+00  -9.72379783402E+00   0.00000000000E+00
      1129  -3.09006764274E+00  -9.51042941338E+00   0.00000000000E+00
      1130  -3.82674374706E+00  -9.23869050976E+00   0.00000000000E+00
      1131  -4.53992967718E+00  -8.91021354470E+00   0.00000000000E+00
      1132  -5.22504885138E+00  -8.52662930920E+00   0.00000000000E+00
      1133  -5.87775286455E+00  -8.09015899316E+00   0.00000000000E+00
      1134  -6.49424782119E+00  -7.60388031985E+00   0.00000000000E+00
      1135  -7.07086350109E+00  -7.07091961676E+00   0.00000000000E+00
      1136  -7.60394005957E+00  -6.49441425920E+00   0.00000000000E+00
      1137  -8.08992632667E+00  -5.87769270159E+00   0.00000000000E+00
      1138  -8.52607447188E+00  -5.22476995017E+00   0.00000000000E+00
      1139  -8.90994435913E+00  -4.53980445818E+00   0.00000000000E+00
      1140  -9.23906577822E+00  -3.82691646340E+00   0.00000000000E+00
      1141  -9.51092458830E+00  -3.09029135976E+00   0.00000000000E+00
      1142  -9.72374008665E+00  -2.33448812711E+00   0.00000000000E+00
      1143  -9.87668190921E+00  -1.56433115422E+00   0.00000000000E+00
      1144  -9.96901172892E+00  -7.84582249340E-01   0.00000000000E+00
      1145   5.07388688606E-01  -1.42745009764E-01   0.00000000000E+00
      1146   2.06429572028E-01  -4.88388786265E-01   0.00000000000E+00
      1147   2.38209415725E-01  -4.87045457622E-01   0.00000000000E+00
      1148   2.27831751240E-01  -5.29463524363E-01   0.00000000000E+00
      1149  -4.74392183738E-01  -2.36465331916E-01   0.00000000000E+00
      1150  -4.52542063660E-01  -2.57197058439E-01   0.00000000000E+00
      1151  -4.73989565227E-01  -2.74780310845E-01   0.00000000000E+00
      1152  -4.40900398008E-01  -2.87949589619E-01   0.00000000000E+00
      1153  -5.16969236028E-01  -2.57794114666E-01   0.00000000000E+00
      1154  -5.47900249262E-01  -2.17396616386E-01   0.00000000000E+00
      1155  -5.01318846242E-01  -2.16375379653E-01   0.00000000000E+00
      1156  -5.66211183538E-01  -1.72231726750E-01   0.00000000000E+00
      1157  -5.12562277790E-01  -1.82114628135E-01   0.00000000000E+00
      1158   5.04811390553E-01  -1.72928375402E-01   0.00000000000E+00
      1159   5.48189147842E-01  -1.50129517570E-01   0.00000000000E+00
      1160   5.95049387929E-01  -1.82743953095E-01   0.00000000000E+00
      1161   5.40228933613E-01  -1.95674817764E-01   0.00000000000E+00
      1162   2.32976765423E+00  -9.53624777129E-02   0.00000000000E+00
      1163   2.44050340258E+00  -8.46096878615E-02   0.00000000000E+00
      1164   2.39946820213E+00  -1.79412449172E-01   0.00000000000E+00
      1165   2.26077883935E+00  -2.19108955243E-01   0.00000000000E+00
      1166   2.20762531791E+00  -9.86223617354E-02   0.00000000000E+00
      1167   7.99018030679E-01  -1.69959725384E-01   0.00000000000E+00
      1168   7.28075650599E-01  -9.61517701532E-02   0.00000000000E+00
      1169   8.04052024639E-01  -7.26923978083E-02   0.00000000000E+00
      1170   9.53390957973E-01  -1.93966932328E-01   0.00000000000E+00
      1171   9.99509091894E-01  -7.97617194967E-02   0.00000000000E+00
      1172   1.08433228909E+00  -1.23423101888E-01   0.00000000000E+00
      1173   8.02408218728E+00  -8.70714455468E-02   0.00000000000E+00
      1174   8.06327182476E+00  -1.79760259620E-01   0.00000000000E+00
      1175   7.92642813313E+00  -1.75690802133E-01   0.00000000000E+00
      1176   8.16585426310E+00  -1.03472233941E-01   0.00000000000E+00
      1177   5.16529303620E+00  -9.06347836445E-02   0.00000000000E+00
      1178   5.17114808494E+00  -2.16167167184E-01   0.00000000000E+00
      1179   5.05902500723E+00  -1.56490809179E-01   0.00000000000E+00
      1180   5.30209799184E+00  -1.17731407386E-01   0.00000000000E+00
      1181   7.82167058925E+00  -9.21962537632E-02   0.00000000000E+00
      1182   7.79634037807E+00  -1.93726801742E-01   0.00000000000E+00
      1183   7.70384018779E+00  -1.14508060322E-01   0.00000000000E+00
      1184   1.53380616722E+00  -1.04584438271E-01   0.00000000000E+00
      1185   1.63096474985E+00  -6.26469894579E-02   0.00000000000E+00
      1186   1.65470174991E+00  -1.44189117210E-01   0.00000000000E+00
      1187   6.22287670800E+00  -2.17907275475E-01   0.00000000000E+00
      1188   6.27391384165E+00  -9.47301625942E-02   0.00000000000E+00
      1189   6.36591981109E+00  -1.85329822998E-01   0.00000000000E+00
      1190   6.75860715037E+00  -9.72611440616E-02   0.00000000000E+00
      1191   6.63245893591E+00  -9.15663606089E-02   0.00000000000E+00
      1192   6.56749800483E+00  -1.71459935749E-01   0.00000000000E+00
      1193   6.53285251957E+00  -7.74712343057E-02   0.00000000000E+00
      1194   4.01024104253E+00  -1.03361084068E-01   0.00000000000E+00
      1195   4.12560282917E+00  -1.57664430497E-01   0.00000000000E+00
      1196   4.03916241345E+00  -2.24187195608E-01   0.00000000000E+00
      1197   3.89758183750E+00  -8.30860023713E-02   0.00000000000E+00
      1198   5.79703105348E+00  -8.54314812306E-02   0.00000000000E+00
      1199   5.55094212968E+00  -8.18874101295E-02   0.00000000000E+00
      1200   5.63064551504E+00  -1.28381163106E-01   0.00000000000E+00
      1201   8.66406372036E+00  -1.05530861989E-01   0.00000000000E+00
      1202   8.74028338041E+00  -5.50356806595E-02   0.00000000000E+00
      1203   8.79774386378E+00  -1.21588479087E-01   0.00000000000E+00
      1204   7.08130869630E+00  -8.74290263241E-02   0.00000000000E+00
      1205   7.00117221250E+00  -1.78939126413E-01   0.00000000000E+00
      1206   6.98177861767E+00  -7.59480431477E-02   0.00000000000E+00
      1207   7.13773057384E+00  -1.97288914028E-01   0.00000000000E+00
      1208   7.57685891677E+00  -1.26938960780E-01   0.00000000000E+00
      1209   7.47223556360E+00  -1.25919206878E-01   0.00000000000E+00
      1210   7.67691323961E+00  -2.72078630697E-01   0.00000000000E+00
      1211   9.11500636780E+00  -8.31524630034E-02   0.00000000000E+00
      1212   9.04789389410E+00  -1.65419617803E-01   0.00000000000E+00
      1213   8.97129965957E+00  -1.39500440577E-01   0.00000000000E+00
      1214   9.00376691844E+00  -7.78519669261E-02   0.00000000000E+00
      1215   3.53402472941E+00  -2.15291535834E-01   0.00000000000E+00
      1216   3.47931343836E+00  -3.59774478194E-01   0.00000000000E+00
      1217   3.38661197533E+00  -2.29018372858E-01   0.00000000000E+00
      1218   3.41648745059E+00  -6.84955673532E-02   0.00000000000E+00
      1219   4.35329720164E+00  -7.98889590890E-02   0.00000000000E+00
      1220   4.33198454882E+00  -1.57601784128E-01   0.00000000000E+00
      1221   4.28670866378E+00  -1.00183805208E-01   0.00000000000E+00
      1222   5.31148365458E+00  -2.76174067503E-01   0.00000000000E+00
      1223   5.42334878773E+00  -1.79322887197E-01   0.00000000000E+00
      1224   4.69385458950E+00  -1.26577814580E-01   0.00000000000E+00
      1225   4.55916405514E+00  -1.45415949765E-01   0.00000000000E+00
      1226   4.59330442220E+00  -6.89128779500E-02   0.00000000000E+00
      1227   4.81416538686E+00  -9.44081584163E-02   0.00000000000E+00
      1228   4.82001168962E+00  -2.08887080019E-01   0.00000000000E+00
      1229   2.82061103603E+00  -9.91024583862E-02   0.00000000000E+00
      1230   2.75105308194E+00  -2.00878840486E-01   0.00000000000E+00
      1231   2.71909733143E+00  -8.63008204323E-02   0.00000000000E+00
      1232   2.90267549675E+00  -2.26046975334E-01   0.00000000000E+00
      1233   2.78898142194E+00  -3.69539046986E-01   0.00000000000E+00
      1234   9.98708566777E-01  -3.27686891280E-01   0.00000000000E+00
      1235   8.34794727763E-01  -3.25258958802E-01   0.00000000000E+00
      1236   1.09694395807E+00  -2.42917435376E-01   0.00000000000E+00
      1237   2.38211797740E+00  -3.11397007831E-01   0.00000000000E+00
      1238   2.25158462603E+00  -3.71453930241E-01   0.00000000000E+00
      1239   2.51143503193E+00  -2.22785021588E-01   0.00000000000E+00
      1240   2.51454578602E+00  -3.93652452163E-01   0.00000000000E+00
      1241   7.02750546119E+00  -3.20433507129E-01   0.00000000000E+00
      1242   6.88981451117E+00  -2.71909702781E-01   0.00000000000E+00
      1243   6.88341976953E+00  -1.25387834063E-01   0.00000000000E+00
      1244   6.79000247525E+00  -2.12857671600E-01   0.00000000000E+00
      1245   7.17870632436E+00  -8.00181204158E-02   0.00000000000E+00
      1246   1.70805551533E+00  -2.80149384232E-01   0.00000000000E+00
      1247   1.82126003072E+00  -3.84182657671E-01   0.00000000000E+00
      1248   1.70982856317E+00  -4.46250455341E-01   0.00000000000E+00
      1249   1.77360163414E+00  -1.41333033398E-01   0.00000000000E+00
      1250   1.86561881450E+00  -2.45736288439E-01   0.00000000000E+00
      1251   2.47220630729E+00  -1.43211544795E-01   0.00000000000E+00
      1252   9.68191111007E+00  -4.31890787146E-01   0.00000000000E+00
      1253   9.58195343696E+00  -2.66020938267E-01   0.00000000000E+00
      1254   9.68370007531E+00  -2.75993510057E-01   0.00000000000E+00
      1255   9.59494051260E+00  -7.58196678650E-02   0.00000000000E+00
      1256   9.55866761745E+00  -1.55215937717E-01   0.00000000000E+00
      1257   9.49084706577E+00  -8.52334541329E-02   0.00000000000E+00
      1258   1.43853247538E+00  -2.22164562109E-01   0.00000000000E+00
      1259   1.36469425010E+00  -3.63392200130E-01   0.00000000000E+00
      1260   1.27872626651E+00  -2.53920864622E-01   0.00000000000E+00
      1261   1.57795961975E+00  -2.27585336095E-01   0.00000000000E+00
      1262   1.54068481557E+00  -3.80356773246E-01   0.00000000000E+00
      1263   6.48643603003E+00  -2.49275279776E-01   0.00000000000E+00
      1264   6.46117731054E+00  -1.27170347879E-01   0.00000000000E+00
      1265   6.36693685510E+00  -3.36323815513E-01   0.00000000000E+00
      1266   1.99560733876E+00  -8.08713749418E-02   0.00000000000E+00
      1267   1.89691789298E+00  -1.13462018698E-01   0.00000000000E+00
      1268   1.71060362678E+00  -6.96338280131E-02   0.00000000000E+00
      1269   4.70097770042E+00  -2.59999318921E-01   0.00000000000E+00
      1270   4.77016404103E+00  -5.26833321990E-01   0.00000000000E+00
      1271   4.96120430071E+00  -4.36334450708E-01   0.00000000000E+00
      1272   4.93209539116E+00  -6.33449498501E-01   0.00000000000E+00
      1273   8.55443804983E+00  -2.14743379379E-01   0.00000000000E+00
      1274   8.45510073044E+00  -3.14035913465E-01   0.00000000000E+00
      1275   8.42023092718E+00  -2.22866775362E-01   0.00000000000E+00
      1276   8.73883633767E+00  -2.64910550039E-01   0.00000000000E+00
      1277   8.58223594632E+00  -3.89296733527E-01   0.00000000000E+00
      1278   2.64240816182E+00  -2.98207012583E-01   0.00000000000E+00
      1279   2.65484673228E+00  -4.55953486258E-01   0.00000000000E+00
      1280   6.08012067767E+00  -1.38607756343E-01   0.00000000000E+00
      1281   6.07695666788E+00  -3.00105478123E-01   0.00000000000E+00
      1282   5.98602143654E+00  -2.11610320434E-01   0.00000000000E+00
      1283   3.67802040742E+00  -1.90106824921E-01   0.00000000000E+00
      1284   3.78900215354E+00  -1.15000942817E-01   0.00000000000E+00
      1285   3.80845527803E+00  -2.75231380518E-01   0.00000000000E+00
      1286   3.99306773062E+00  -3.71409395002E-01   0.00000000000E+00
      1287   4.15854079559E+00  -2.77058190843E-01   0.00000000000E+00
      1288   4.19878308112E+00  -4.42152707459E-01   0.00000000000E+00
      1289   8.98996277276E+00  -3.62833947561E-01   0.00000000000E+00
      1290   8.87433245442E+00  -3.63452619888E-01   0.00000000000E+00
      1291   8.92646569983E+00  -2.23077950419E-01   0.00000000000E+00
      1292   5.32199994862E+00  -4.70181295586E-01   0.00000000000E+00
      1293   5.15445630975E+00  -3.75255388829E-01   0.00000000000E+00
      1294   5.48499918787E+00  -3.24884916404E-01   0.00000000000E+00
      1295   8.17937784126E+00  -2.40504804202E-01   0.00000000000E+00
      1296   8.18459334110E+00  -4.06234545088E-01   0.00000000000E+00
      1297   8.02720443294E+00  -2.97381376005E-01   0.00000000000E+00
      1298   8.31020509418E+00  -1.59152532336E-01   0.00000000000E+00
      1299   8.32513809150E+00  -2.97027878220E-01   0.00000000000E+00
      1300   2.12223898765E+00  -3.11158816811E-01   0.00000000000E+00
      1301   1.96755886506E+00  -3.71871417816E-01   0.00000000000E+00
      1302   2.00913905524E+00  -1.99394199452E-01   0.00000000000E+00
      1303   2.12726601606E+00  -5.31435685915E-01   0.00000000000E+00
      1304   4.43304547433E+00  -1.41032017285E-01   0.00000000000E+00
      1305   4.35306149050E+00  -2.88038901372E-01   0.00000000000E+00
      1306   4.58486035059E+00  -3.77757580702E-01   0.00000000000E+00
      1307   4.38492054992E+00  -4.89584444899E-01   0.00000000000E+00
      1308   7.85284974056E+00  -3.14160261796E-01   0.00000000000E+00
      1309   7.97700552081E+00  -4.76207911231E-01   0.00000000000E+00
      1310   3.21610085121E+00  -5.15629855996E-01   0.00000000000E+00
      1311   3.41859704437E+00  -5.17845575408E-01   0.00000000000E+00
      1312   3.33644393925E+00  -6.96940688791E-01   0.00000000000E+00
      1313   3.24658122903E+00  -2.12673054117E-01   0.00000000000E+00
      1314   3.32390426385E+00  -1.07660959683E-01   0.00000000000E+00
      1315   3.81543549071E+00  -4.22835250159E-01   0.00000000000E+00
      1316   3.65528989444E+00  -3.54967885239E-01   0.00000000000E+00
      1317   3.57110601452E+00  -4.90320008636E-01   0.00000000000E+00
      1318   3.71184479694E+00  -5.16866761452E-01   0.00000000000E+00
      1319   6.53355745767E+00  -3.91861032603E-01   0.00000000000E+00
      1320   6.60173206696E+00  -2.77804698038E-01   0.00000000000E+00
      1321   6.68434371442E+00  -2.03767063570E-01   0.00000000000E+00
      1322   6.72835158545E+00  -3.70724882519E-01   0.00000000000E+00
      1323   4.60980065875E+00  -2.28956937893E-01   0.00000000000E+00
      1324   4.51045174369E+00  -2.37674626677E-01   0.00000000000E+00
      1325   2.53620458400E+00  -6.00278075450E-01   0.00000000000E+00
      1326   8.44211433299E+00  -1.24491018196E-01   0.00000000000E+00
      1327   5.83352794163E+00  -4.98448713438E-01   0.00000000000E+00
      1328   5.77697809423E+00  -3.13802360931E-01   0.00000000000E+00
      1329   5.92904345055E+00  -3.31995742250E-01   0.00000000000E+00
      1330   5.64890349617E+00  -4.22008564634E-01   0.00000000000E+00
      1331   6.80710252948E+00  -6.41918591669E-01   0.00000000000E+00
      1332   6.90843556307E+00  -4.23115194965E-01   0.00000000000E+00
      1333   9.33973614656E+00  -5.87361011066E-01   0.00000000000E+00
      1334   9.29191338296E+00  -4.02356901220E-01   0.00000000000E+00
      1335   9.46321173710E+00  -3.95360870827E-01   0.00000000000E+00
      1336   9.31610877540E+00  -2.71304196211E-01   0.00000000000E+00
      1337   9.44587993503E+00  -1.94589561855E-01   0.00000000000E+00
      1338   1.60865269165E+00  -6.07819685022E-01   0.00000000000E+00
      1339   1.85523839552E+00  -5.76905742530E-01   0.00000000000E+00
      1340   2.99387275263E+00  -4.35151329461E-01   0.00000000000E+00
      1341   2.78169171383E+00  -6.31314532744E-01   0.00000000000E+00
      1342   8.94953708675E+00  -5.09501617474E-01   0.00000000000E+00
      1343   8.83831557840E+00  -6.63940532218E-01   0.00000000000E+00
      1344   8.76036058478E+00  -4.70597957841E-01   0.00000000000E+00
      1345   5.48323956926E+00  -1.03535049390E-01   0.00000000000E+00
      1346   5.53997153384E+00  -1.77535046756E-01   0.00000000000E+00
      1347   5.49394677422E+00  -5.23457890277E-01   0.00000000000E+00
      1348   9.58748176414E+00  -6.21372297683E-01   0.00000000000E+00
      1349   9.80592803091E+00  -2.48010080622E-01   0.00000000000E+00
      1350   5.12517685534E+00  -5.87580881874E-01   0.00000000000E+00
      1351   5.36039442276E+00  -7.43297126227E-01   0.00000000000E+00
      1352   7.15155386192E+00  -3.43908165022E-01   0.00000000000E+00
      1353   7.07116257358E+00  -5.18113821178E-01   0.00000000000E+00
      1354   7.25965225635E+00  -1.29243287041E-01   0.00000000000E+00
      1355   7.25673424853E+00  -2.65658636384E-01   0.00000000000E+00
      1356   6.20606538443E+00  -4.15980691487E-01   0.00000000000E+00
      1357   6.17388958690E+00  -6.05548041072E-01   0.00000000000E+00
      1358   6.27239784601E+00  -7.68632442431E-01   0.00000000000E+00
      1359   5.97204625547E+00  -7.87577459403E-01   0.00000000000E+00
      1360   6.38676573938E+00  -5.57588790737E-01   0.00000000000E+00
      1361   5.65343681569E+00  -6.56917548532E-01   0.00000000000E+00
      1362   4.79038481930E+00  -3.50041387790E-01   0.00000000000E+00
      1363   4.77174719210E+00  -7.44256707905E-01   0.00000000000E+00
      1364   8.57890610510E+00  -6.32485693899E-01   0.00000000000E+00
      1365   4.55912180114E+00  -6.40931706076E-01   0.00000000000E+00
      1366   4.22918311800E+00  -7.05072130989E-01   0.00000000000E+00
      1367   2.35642235125E+00  -4.91622019032E-01   0.00000000000E+00
      1368   2.56952221287E+00  -8.88125513542E-01   0.00000000000E+00
      1369   2.31888657257E+00  -7.54527194700E-01   0.00000000000E+00
      1370   6.52717847860E+00  -7.78133099781E-01   0.00000000000E+00
      1371   6.60008116771E+00  -5.49512075905E-01   0.00000000000E+00
      1372   1.37344284891E+00  -5.52148936507E-01   0.00000000000E+00
      1373   1.73472223431E+00  -8.30389564630E-01   0.00000000000E+00
      1374   1.45465982077E+00  -8.53234571952E-01   0.00000000000E+00
      1375   3.90854277976E+00  -5.95230201483E-01   0.00000000000E+00
      1376   3.91851565588E+00  -9.05859612378E-01   0.00000000000E+00
      1377   3.60884980528E+00  -7.20980461744E-01   0.00000000000E+00
      1378   7.29184936460E+00  -7.02962340405E-01   0.00000000000E+00
      1379   7.01214035599E+00  -7.87730218157E-01   0.00000000000E+00
      1380   9.49270048769E+00  -9.24326347063E-01   0.00000000000E+00
      1381   9.20433401081E+00  -3.20073529221E-01   0.00000000000E+00
      1382   9.13111691727E+00  -4.57191843534E-01   0.00000000000E+00
      1383   9.08196455578E+00  -2.84419569199E-01   0.00000000000E+00
      1384   3.08081484961E+00  -7.72510986221E-01   0.00000000000E+00
      1385   3.05199531662E+00  -1.20094462903E+00   0.00000000000E+00
      1386   2.82611915419E+00  -9.56055856923E-01   0.00000000000E+00
      1387   5.61854766384E+00  -9.81066077283E-01   0.00000000000E+00
      1388   9.09089748776E+00  -7.60741151686E-01   0.00000000000E+00
      1389   9.14488328306E+00  -1.21590292501E+00   0.00000000000E+00
      1390  -2.67798585885E+00  -2.68017999880E-01   0.00000000000E+00
      1391  -2.69120343878E+00  -6.16464190952E-01   0.00000000000E+00
      1392  -3.11669496792E+00  -3.90927271448E-01   0.00000000000E+00
      1393  -2.30119683899E+00  -3.64273303604E-01   0.00000000000E+00
      1394   7.12579265807E+00  -1.07657432461E+00   0.00000000000E+00
      1395   7.35801319633E+00  -1.38290406759E+00   0.00000000000E+00
      1396   6.82065383711E+00  -1.55978645548E+00   0.00000000000E+00
      1397   7.58993726217E+00  -9.98845757851E-01   0.00000000000E+00
      1398  -6.23576300834E+00  -7.22098908953E+00   0.00000000000E+00
      1399  -5.56668146253E+00  -7.27086873735E+00   0.00000000000E+00
      1400  -6.46307610462E+00  -6.60733706141E+00   0.00000000000E+00
      1401  -5.87508104919E+00  -6.60692283796E+00   0.00000000000E+00
      1402  -7.23924428360E+00  -5.00937497247E+00   0.00000000000E+00
      1403  -7.08005007696E+00  -4.38018682981E+00   0.00000000000E+00
      1404  -6.65292092998E+00  -4.86856931416E+00   0.00000000000E+00
      1405  -6.97984705253E+00  -3.61936609136E+00   0.00000000000E+00
      1406  -6.41157086531E+00  -4.24492189505E+00   0.00000000000E+00
      1407  -2.77157610166E+00  -2.65820567395E+00   0.00000000000E+00
      1408  -2.15019438053E+00  -2.68940843830E+00   0.00000000000E+00
      1409  -2.51998612841E+00  -3.28684760709E+00   0.00000000000E+00
      1410  -3.05002944787E+00  -2.17364292488E+00   0.00000000000E+00
      1411  -2.48621520914E+00  -2.11222947824E+00   0.00000000000E+00
      1412  -2.23924836790E+00  -3.96992561871E+00   0.00000000000E+00
      1413  -1.87712647897E+00  -3.36515704053E+00   0.00000000000E+00
      1414  -2.54350243257E+00  -4.46800795574E+00   0.00000000000E+00
      1415  -2.94017317508E+00  -3.89498480021E+00   0.00000000000E+00
      1416  -4.26869599954E+00  -8.48440450132E+00   0.00000000000E+00
      1417  -3.64276646060E+00  -8.52250652119E+00   0.00000000000E+00
      1418  -3.16087303352E+00  -5.33234704268E+00   0.00000000000E+00
      1419  -3.68364349173E+00  -4.91973828679E+00   0.00000000000E+00
      1420  -3.07494556917E+00  -4.64581240416E+00   0.00000000000E+00
      1421  -3.25491094183E+00  -5.91894028331E+00   0.00000000000E+00
      1422  -3.83131851767E+00  -5.63508786803E+00   0.00000000000E+00
      1423   4.34095259095E+00  -6.92668286199E+00   0.00000000000E+00
      1424   4.87479015048E+00  -6.60685470584E+00   0.00000000000E+00
      1425   4.97899161200E+00  -7.17508657850E+00   0.00000000000E+00
      1426   5.17024319505E+00  -6.01378557109E+00   0.00000000000E+00
      1427   5.38385919314E+00  -6.81233618818E+00   0.00000000000E+00
      1428   6.95299730178E+00  -3.50033352279E+00   0.00000000000E+00
      1429   6.61359610175E+00  -2.84343592511E+00   0.00000000000E+00
      1430   7.35082764825E+00  -2.89554267737E+00   0.00000000000E+00
      1431   6.65869044898E+00  -3.99022137286E+00   0.00000000000E+00
      1432   6.32756768977E+00  -3.53195172518E+00   0.00000000000E+00
      1433   1.62962364023E+00  -4.24816832301E+00   0.00000000000E+00
      1434   1.96711682339E+00  -3.70802863123E+00   0.00000000000E+00
      1435   2.30228192999E+00  -4.26274618076E+00   0.00000000000E+00
      1436   9.36025557188E-01  -4.21736267430E+00   0.00000000000E+00
      1437   1.34101794153E+00  -3.62223820953E+00   0.00000000000E+00
      1438  -1.02222886389E+00  -4.17585463924E+00   0.00000000000E+00
      1439  -1.61769517889E+00  -4.03924208977E+00   0.00000000000E+00
      1440  -1.19347087616E+00  -3.43750604351E+00   0.00000000000E+00
      1441  -8.44026259229E-01  -4.85591211178E+00   0.00000000000E+00
      1442  -1.40747456314E+00  -4.60098689281E+00   0.00000000000E+00
      1443   7.35717097375E+00  -5.96667201751E+00   0.00000000000E+00
      1444   7.39024858832E+00  -5.33580098063E+00   0.00000000000E+00
      1445   6.91941766585E+00  -6.37124444802E+00   0.00000000000E+00
      1446   6.79689894357E+00  -5.72435893319E+00   0.00000000000E+00
      1447   4.96526495719E+00  -4.51740623776E+00   0.00000000000E+00
      1448   4.93659005839E+00  -3.85065425502E+00   0.00000000000E+00
      1449   5.46463221056E+00  -4.17115045718E+00   0.00000000000E+00
      1450   5.61139465842E+00  -3.55816711041E+00   0.00000000000E+00
      1451   2.47330076730E-01  -4.23302668424E+00   0.00000000000E+00
      1452  -1.26089154415E-01  -4.93331604857E+00   0.00000000000E+00
      1453  -4.07029262761E-01  -4.27416746981E+00   0.00000000000E+00
      1454   1.14342904915E+00  -2.90914262601E+00   0.00000000000E+00
      1455   6.24732239880E-01  -3.46296651487E+00   0.00000000000E+00
      1456   5.81632798845E-01  -2.70958324265E+00   0.00000000000E+00
      1457   4.01374490290E-02  -2.94264616954E+00   0.00000000000E+00
      1458   6.32087605245E+00  -6.11365219272E+00   0.00000000000E+00
      1459   6.43880395539E+00  -6.79323738465E+00   0.00000000000E+00
      1460   5.85782762067E+00  -6.48269745725E+00   0.00000000000E+00
      1461   5.92869398097E+00  -7.19401733427E+00   0.00000000000E+00
      1462   5.01049948048E+00  -9.07075521490E-01   0.00000000000E+00
      1463   4.96115476473E+00  -1.55773612139E+00   0.00000000000E+00
      1464   4.58685524670E+00  -1.01299349147E+00   0.00000000000E+00
      1465   4.35290672104E+00  -1.47836285521E+00   0.00000000000E+00
      1466   5.29746791640E+00  -1.10923622923E+00   0.00000000000E+00
      1467   5.55510430911E+00  -1.43732794900E+00   0.00000000000E+00
      1468  -2.32327447768E+00  -1.48286164364E+00   0.00000000000E+00
      1469  -2.95348637826E+00  -1.64492812532E+00   0.00000000000E+00
      1470  -2.76505488881E+00  -1.08749588629E+00   0.00000000000E+00
      1471  -2.19310163896E+00  -8.56884801120E-01   0.00000000000E+00
      1472  -2.68389672380E+00  -5.76201866652E+00   0.00000000000E+00
      1473  -2.94821430339E+00  -6.57315895999E+00   0.00000000000E+00
      1474  -3.85984628415E+00  -6.94121357768E+00   0.00000000000E+00
      1475  -4.53101040962E+00  -6.91876885991E+00   0.00000000000E+00
      1476  -4.37186650486E+00  -6.30052264698E+00   0.00000000000E+00
      1477  -7.36915590115E-01  -1.77504557160E-01   0.00000000000E+00
      1478  -8.52633700243E-01  -3.36423960675E-01   0.00000000000E+00
      1479  -7.03729297561E-01  -2.72628025218E-01   0.00000000000E+00
      1480   2.88644565218E-01  -4.70039715964E-01   0.00000000000E+00
      1481   2.73633936927E-01  -5.06258534157E-01   0.00000000000E+00
      1482   2.60662513814E-01  -4.63497002972E-01   0.00000000000E+00
      1483   9.21388196793E+00  -8.15783465190E-02   0.00000000000E+00
      1484   9.30891753260E+00  -1.35335775577E-01   0.00000000000E+00
      1485   7.91913059507E+00  -7.03428818149E-02   0.00000000000E+00
      1486   7.34050590122E+00  -7.32659819312E-02   0.00000000000E+00
      1487   7.41522914410E+00  -7.27716284566E-02   0.00000000000E+00
      1488   6.83863239615E+00  -5.36577340328E-02   0.00000000000E+00
      1489   6.36759781378E+00  -8.02753299097E-02   0.00000000000E+00
      1490   5.89352625011E+00  -7.45805671216E-02   0.00000000000E+00
      1491   5.97259608672E+00  -1.09886480937E-01   0.00000000000E+00
      1492   5.41443539505E+00  -7.89299028680E-02   0.00000000000E+00
      1493   4.97680734585E+00  -9.37513133235E-02   0.00000000000E+00
      1494   5.06807379959E+00  -6.67068927260E-02   0.00000000000E+00
      1495   4.11398405793E+00  -6.90685424803E-02   0.00000000000E+00
      1496   3.50414749047E+00  -9.03087505955E-02   0.00000000000E+00
      1497   3.59120018477E+00  -1.16329997013E-01   0.00000000000E+00
      1498   3.11855557419E+00  -1.81777280121E-01   0.00000000000E+00
      1499   3.00896836493E+00  -1.35208152665E-01   0.00000000000E+00
      1500   3.08363448527E+00  -7.97138484675E-02   0.00000000000E+00
      1501   2.53586128831E+00  -9.86819129042E-02   0.00000000000E+00
      1502   2.63358691679E+00  -1.46433228015E-01   0.00000000000E+00
      1503   2.09029954232E+00  -9.52710495782E-02   0.00000000000E+00
      1504   1.16639533420E+00  -7.05987764023E-02   0.00000000000E+00
      1505   1.24496012617E+00  -7.03000857418E-02   0.00000000000E+00
      1506   9.76057451949E+00  -9.56061763006E-02   0.00000000000E+00
      1507   9.18401530063E+00  -1.91611928219E-01   0.00000000000E+00
      1508   8.90707212590E+00  -9.16522271614E-02   0.00000000000E+00
      1509   8.36245853664E+00  -6.94254869424E-02   0.00000000000E+00
      1510   7.37148715969E+00  -1.77518590260E-01   0.00000000000E+00
      1511   6.02411669110E+00  -6.21235593199E-02   0.00000000000E+00
      1512   5.87570366262E+00  -1.83536560106E-01   0.00000000000E+00
      1513   5.74174302977E+00  -1.72949684095E-01   0.00000000000E+00
      1514   5.70013391966E+00  -7.73524656864E-02   0.00000000000E+00
      1515   4.94734624654E+00  -1.96068260570E-01   0.00000000000E+00
      1516   4.20669433975E+00  -8.45317677053E-02   0.00000000000E+00
      1517   3.91991599143E+00  -1.97067984971E-01   0.00000000000E+00
      1518   3.67039454914E+00  -8.42875529503E-02   0.00000000000E+00
      1519   3.18607092539E+00  -9.69708570648E-02   0.00000000000E+00
      1520   3.03538268297E+00  -2.59230611085E-01   0.00000000000E+00
      1521   2.13631344912E+00  -1.84608256503E-01   0.00000000000E+00
      1522   1.31760994459E+00  -1.32766763833E-01   0.00000000000E+00
      1523   1.19632827415E+00  -1.65129095920E-01   0.00000000000E+00
      1524   8.95482552827E-01  -8.72186607116E-02   0.00000000000E+00
      1525   6.39246928924E-01  -7.78861957509E-02   0.00000000000E+00
      1526  -3.86616266336E-01  -3.49321658285E-01   0.00000000000E+00
      1527  -3.71631938346E-01  -3.76479590552E-01   0.00000000000E+00
      1528  -4.12489535591E-01  -3.65837996111E-01   0.00000000000E+00
      1529  -9.52503578523E+00  -5.06041152674E-01   0.00000000000E+00
      1530   5.58672230230E-01  -5.31303125032E-02   0.00000000000E+00
      1531  -5.22828898511E-01  -9.83891924047E-02   0.00000000000E+00
      1532  -5.22443869565E-01  -1.40823654350E-01   0.00000000000E+00
      1533  -5.53401112651E-01  -7.33381066383E-02   0.00000000000E+00
      1534  -5.73347074412E-01  -1.21610983717E-01   0.00000000000E+00
      1535  -9.09661446495E+00  -3.78357343025E-01   0.00000000000E+00
      1536  -8.75257382758E+00  -2.77815228522E-01   0.00000000000E+00
      1537  -8.62636663811E+00  -7.00039309371E-01   0.00000000000E+00
      1538  -8.05343753099E+00  -6.81887710777E-01   0.00000000000E+00
      1539  -8.20097187372E+00  -1.18169925969E+00   0.00000000000E+00
      1540  -8.34909633402E+00  -3.26275219537E-01   0.00000000000E+00
      1541  -5.21752177328E-01  -4.16034664364E-01   0.00000000000E+00
      1542  -5.95563983049E-01  -3.68821129631E-01   0.00000000000E+00
      1543  -5.03443348208E-01  -3.48402356739E-01   0.00000000000E+00
      1544   5.23064397489E-01  -8.73001296152E-02   0.00000000000E+00
      1545   5.65580298953E-01  -1.03746387006E-01   0.00000000000E+00
      1546   5.26081248232E-01  -1.20128699994E-01   0.00000000000E+00
      1547   8.54658984296E+00  -1.32438451587E+00   0.00000000000E+00
      1548   8.77823345367E+00  -9.17160324657E-01   0.00000000000E+00
      1549   9.38977965100E+00  -8.27811184128E-02   0.00000000000E+00
      1550   9.05140976099E+00  -1.89727560573E+00   0.00000000000E+00
      1551  -7.60492391165E+00  -4.97525153087E-01   0.00000000000E+00
      1552  -7.29621885861E+00  -2.92410467378E-01   0.00000000000E+00
      1553  -7.96228739484E+00  -3.04535543497E-01   0.00000000000E+00
      1554  -6.90342647723E+00  -3.03774868252E-01   0.00000000000E+00
      1555  -7.13179439820E+00  -6.43826695190E-01   0.00000000000E+00
      1556  -9.41077460410E+00  -1.12933212900E+00   0.00000000000E+00
      1557  -6.52123501041E+00  -2.68088087910E-01   0.00000000000E+00
      1558  -9.11385515307E+00  -1.86085992334E+00   0.00000000000E+00
      1559  -8.53206027684E+00  -2.41847658693E+00   0.00000000000E+00
      1560  -9.14874160879E+00  -2.55805456387E+00   0.00000000000E+00
      1561  -6.35328859715E+00  -2.42840573701E+00   0.00000000000E+00
      1562  -5.79503159642E+00  -1.78728022151E+00   0.00000000000E+00
      1563  -5.73922070100E+00  -2.46416496960E+00   0.00000000000E+00
      1564  -6.83519806216E+00  -1.09356707094E+00   0.00000000000E+00
      1565  -7.56080528726E+00  -1.06249050168E+00   0.00000000000E+00
      1566  -8.78961198501E+00  -3.16616102952E+00   0.00000000000E+00
      1567  -4.52534955546E+00  -4.70583898167E-01   0.00000000000E+00
      1568  -4.98102181035E+00  -2.69670872380E-01   0.00000000000E+00
      1569  -7.00371278549E+00  -2.79578472890E+00   0.00000000000E+00
      1570  -7.68209054478E+00  -2.27514047559E+00   0.00000000000E+00
      1571  -6.96072935338E+00  -2.15262848113E+00   0.00000000000E+00
      1572  -6.07435808258E+00  -9.98399996876E-01   0.00000000000E+00
      1573  -5.41551527942E+00  -7.76930047308E-01   0.00000000000E+00
      1574  -5.46119503888E+00  -1.25391016364E+00   0.00000000000E+00
      1575  -8.16725964769E+00  -4.09967185953E+00   0.00000000000E+00
      1576  -8.22746981993E+00  -4.70609622120E+00   0.00000000000E+00
      1577  -5.02124410732E+00  -5.87716649456E-01   0.00000000000E+00
      1578  -5.35871880966E+00  -3.36556540281E-01   0.00000000000E+00
      1579  -7.68422942923E+00  -4.56738298445E+00   0.00000000000E+00
      1580  -7.53057433534E+00  -4.03199808427E+00   0.00000000000E+00
      1581  -6.79619254935E+00  -5.48513157739E+00   0.00000000000E+00
      1582  -3.49764766006E+00  -7.38448781977E-01   0.00000000000E+00
      1583  -3.84506641560E+00  -1.11728573269E+00   0.00000000000E+00
      1584  -3.97557503590E+00  -6.37378110434E-01   0.00000000000E+00
      1585  -4.92825703482E+00  -7.32834783446E+00   0.00000000000E+00
      1586  -5.25031447027E+00  -7.82265843353E+00   0.00000000000E+00
      1587  -1.65841335415E+00  -7.47805957953E-01   0.00000000000E+00
      1588  -1.58597338555E+00  -3.56985458578E-01   0.00000000000E+00
      1589  -1.34330402813E+00  -5.89918422911E-01   0.00000000000E+00
      1590   1.18799875584E+00  -1.11941527346E+00   0.00000000000E+00
      1591   1.10461053143E+00  -7.21071019665E-01   0.00000000000E+00
      1592   1.71840318806E+00  -1.24863785739E+00   0.00000000000E+00
      1593   1.23027314623E+00  -1.54920196025E+00   0.00000000000E+00
      1594   7.88859343469E-01  -1.43079451319E+00   0.00000000000E+00
      1595   5.22340985630E-01  -2.34420524648E-01   0.00000000000E+00
      1596   5.76015316102E-01  -2.33460711714E-01   0.00000000000E+00
      1597   5.43899734560E-01  -2.85951484039E-01   0.00000000000E+00
      1598   8.35525345572E+00  -1.88362027023E+00   0.00000000000E+00
      1599   7.78483802176E+00  -2.23902755540E+00   0.00000000000E+00
      1600   7.87525991972E+00  -1.50312267899E+00   0.00000000000E+00
      1601   8.68115040616E+00  -3.20121286124E+00   0.00000000000E+00
      1602   9.08881283238E+00  -2.60300674318E+00   0.00000000000E+00
      1603   8.47911956999E+00  -2.45579362529E+00   0.00000000000E+00
      1604   7.42005975687E+00  -4.60781505569E-01   0.00000000000E+00
      1605   7.57603374187E+00  -6.31570959388E-01   0.00000000000E+00
      1606   7.25937223472E+00  -4.28964520118E-01   0.00000000000E+00
      1607   7.36060940463E+00  -3.17028341838E-01   0.00000000000E+00
      1608   6.28456062008E+00  -4.83174804208E+00   0.00000000000E+00
      1609   6.68625880135E+00  -4.51681284608E+00   0.00000000000E+00
      1610   6.71945142681E+00  -5.10532982894E+00   0.00000000000E+00
      1611   7.07400233159E+00  -2.25099943915E+00   0.00000000000E+00
      1612   8.51723112710E+00  -3.96936344738E+00   0.00000000000E+00
      1613   8.13398156154E+00  -3.53943797842E+00   0.00000000000E+00
      1614   7.98158068235E+00  -5.16266471411E+00   0.00000000000E+00
      1615   4.35264706268E+00  -4.17995790701E+00   0.00000000000E+00
      1616   4.34139292113E+00  -3.47335805640E+00   0.00000000000E+00
      1617   4.20216281401E+00  -1.07572369746E+00   0.00000000000E+00
      1618   5.15004517332E+00  -7.81880009612E+00   0.00000000000E+00
      1619   5.46388755677E+00  -7.41807599316E+00   0.00000000000E+00
      1620   4.08306505768E+00  -5.30956290398E-01   0.00000000000E+00
      1621   4.43175423693E+00  -5.57025573990E+00   0.00000000000E+00
      1622   4.42176595296E+00  -6.21045424917E+00   0.00000000000E+00
      1623   3.81230874565E+00  -8.61664587079E+00   0.00000000000E+00
      1624  -4.19884502519E-01  -3.26528528689E-01   0.00000000000E+00
      1625   4.82069992418E-01  -2.29683290552E-01   0.00000000000E+00
      1626  -6.26900068071E-01  -5.42690527626E-01   0.00000000000E+00
      1627  -5.25471410058E-01  -4.93734814166E-01   0.00000000000E+00
      1628  -4.99511983891E-01  -6.04021525424E-01   0.00000000000E+00
      1629  -4.50864457107E-01  -3.95703791275E-01   0.00000000000E+00
      1630  -2.96101939754E-01  -4.76819050329E-01   0.00000000000E+00
      1631  -3.09021279638E-01  -4.38164475629E-01   0.00000000000E+00
      1632  -2.84327862265E-01  -4.40584716164E-01   0.00000000000E+00
      1633  -2.57980545366E-01  -4.61657422957E-01   0.00000000000E+00
      1634   4.41962244272E-01  -3.17776094365E-01   0.00000000000E+00
      1635   4.10539123643E-01  -3.28390321644E-01   0.00000000000E+00
      1636   2.01096500916E+00  -8.50342903195E-01   0.00000000000E+00
      1637   4.31994545815E-01  -3.62497691090E-01   0.00000000000E+00
      1638   3.93196918368E-01  -3.47354398283E-01   0.00000000000E+00
      1639   3.89291854742E-01  -3.72304299992E-01   0.00000000000E+00
      1640   2.59245938037E+00  -9.16393772031E+00   0.00000000000E+00
      1641   3.63654301725E-01  -3.94820456476E-01   0.00000000000E+00
      1642   1.00435104963E+00  -9.37762732017E+00   0.00000000000E+00
      1643   1.48884529040E+00  -8.91621814720E+00   0.00000000000E+00
      1644   2.82759895695E-01  -4.42113890188E-01   0.00000000000E+00
      1645   1.66090815447E-01  -2.19624240157E+00   0.00000000000E+00
      1646   7.30913433638E-01  -8.69719976096E+00   0.00000000000E+00
      1647   5.50960855161E-03  -8.77244135479E+00   0.00000000000E+00
      1648   2.24777696793E-01  -8.12660054447E+00   0.00000000000E+00
      1649   4.00459387913E-01  -7.45934176884E+00   0.00000000000E+00
      1650   8.43275039088E-01  -7.94627054370E+00   0.00000000000E+00
      1651   3.01309748291E+00  -6.70566005062E+00   0.00000000000E+00
      1652   3.09798952983E+00  -7.54001302970E+00   0.00000000000E+00
      1653   2.42883798548E+00  -7.30114438079E+00   0.00000000000E+00
      1654   1.22751889251E+00  -8.33645973087E+00   0.00000000000E+00
      1655   9.34252159458E-02  -5.46617334360E-01   0.00000000000E+00
      1656   5.29913870769E-02  -5.63474803414E-01   0.00000000000E+00
      1657   6.41775980672E-02  -5.24217169034E-01   0.00000000000E+00
      1658  -1.95352396737E+00  -8.53198592149E+00   0.00000000000E+00
      1659  -1.52559713508E+00  -9.08824535918E+00   0.00000000000E+00
      1660  -2.07017566752E+00  -9.20845779186E+00   0.00000000000E+00
      1661   1.52414735828E-01  -5.06663564359E-01   0.00000000000E+00
      1662  -2.61266339464E+00  -7.26358935923E+00   0.00000000000E+00
      1663  -2.29241078239E+00  -6.81959314614E+00   0.00000000000E+00
      1664  -1.97302841792E+00  -7.30225812177E+00   0.00000000000E+00
      1665  -3.08837111906E+00  -8.83786289721E+00   0.00000000000E+00
      1666  -2.48113862878E+00  -8.82381813638E+00   0.00000000000E+00
      1667  -2.62109323003E+00  -9.21878796778E+00   0.00000000000E+00
      1668   1.28459013233E-01  -5.68187316739E-01   0.00000000000E+00
      1669   1.25300054277E-01  -6.26942279666E-01   0.00000000000E+00
      1670   9.28624525201E-02  -5.83286700846E-01   0.00000000000E+00
      1671  -3.24863072644E+00  -8.24573931182E+00   0.00000000000E+00
      1672  -2.67827266906E+00  -8.33460666693E+00   0.00000000000E+00
      1673  -7.81697588370E-01  -1.55873546385E+00   0.00000000000E+00
      1674  -9.07558302244E-01  -1.16760151098E+00   0.00000000000E+00
      1675  -6.27575083545E-01  -1.25212841376E+00   0.00000000000E+00
      1676  -2.28471947646E+00  -7.85433317814E+00   0.00000000000E+00
      1677  -2.97209816397E+00  -7.79198212197E+00   0.00000000000E+00
      1678  -2.06496559425E-02  -6.05437137997E-01   0.00000000000E+00
      1679  -6.68038107752E-02  -6.21077402079E-01   0.00000000000E+00
      1680  -6.18778638332E-02  -5.82210857929E-01   0.00000000000E+00
      1681  -4.65383213804E+00  -7.89728729347E+00   0.00000000000E+00
      1682  -1.21000974947E+00  -3.08059149737E-01   0.00000000000E+00
      1683  -1.06094946560E+00  -5.95623314128E-01   0.00000000000E+00
      1684  -4.73318979097E-01  -7.66405653183E-01   0.00000000000E+00
      1685  -3.80017001359E-01  -6.52408580248E-01   0.00000000000E+00
      1686  -3.21232460006E-01  -7.49939012452E-01   0.00000000000E+00
      1687  -6.22168211804E-01  -2.93506577304E-01   0.00000000000E+00
      1688  -6.23765696816E-01  -2.20142725214E-01   0.00000000000E+00
      1689  -5.72490798786E-01  -2.58611900440E-01   0.00000000000E+00
      1690  -1.99497142972E-01  -6.95229664532E-01   0.00000000000E+00
      1691  -1.56637551452E-01  -6.24228483702E-01   0.00000000000E+00
      1692  -1.10024478691E-01  -6.58875610164E-01   0.00000000000E+00
      1693  -2.21717341869E-01  -4.78125367528E-01   0.00000000000E+00
      1694  -1.89880331089E-01  -4.87454871363E-01   0.00000000000E+00
      1695  -5.12899117740E+00  -6.62958512672E+00   0.00000000000E+00
      1696  -4.52227511688E+00  -5.58108557060E+00   0.00000000000E+00
      1697  -4.95545350741E+00  -5.97969604432E+00   0.00000000000E+00
      1698  -5.14814515395E+00  -5.36978705844E+00   0.00000000000E+00
      1699  -7.40510021578E+00  -5.70967718983E+00   0.00000000000E+00
      1700   4.56994934938E+00  -7.59432776423E+00   0.00000000000E+00
      1701   4.12628999082E+00  -8.05978199459E+00   0.00000000000E+00
      1702   4.07766944939E+00  -7.46783073581E+00   0.00000000000E+00
      1703  -1.09904968391E+00  -8.53348464498E+00   0.00000000000E+00
      1704  -9.72778987763E-01  -9.28005612575E+00   0.00000000000E+00
      1705   4.43350883819E+00  -2.08951138965E+00   0.00000000000E+00
      1706   4.96092359539E+00  -2.41598457746E+00   0.00000000000E+00
      1707   3.09344074326E-01  -4.46197087936E-01   0.00000000000E+00
      1708   3.23957723353E+00  -5.87185091166E+00   0.00000000000E+00
      1709   2.60819350068E+00  -6.14615203830E+00   0.00000000000E+00
      1710   2.46797555003E+00  -5.47859806258E+00   0.00000000000E+00
      1711  -5.54147984038E+00  -5.98805226739E+00   0.00000000000E+00
      1712  -5.82308022491E+00  -5.36600861523E+00   0.00000000000E+00
      1713  -4.63448041689E+00  -5.05835285071E+00   0.00000000000E+00
      1714  -4.18841372831E+00  -5.14985034047E+00   0.00000000000E+00
      1715   5.13029776252E-01  -6.79910490086E+00   0.00000000000E+00
      1716   1.07490847757E+00  -7.19603366066E+00   0.00000000000E+00
      1717  -3.63498938435E+00  -3.40808759169E-01   0.00000000000E+00
      1718   9.64216832422E-01  -5.42165900557E+00   0.00000000000E+00
      1719   1.29723697806E+00  -4.82375745655E+00   0.00000000000E+00
      1720   1.67017675623E+00  -5.43462793513E+00   0.00000000000E+00
      1721   2.05939953933E+00  -9.24662656862E+00   0.00000000000E+00
      1722   2.28398131931E+00  -8.55756488125E+00   0.00000000000E+00
      1723   5.80147159558E+00  -5.89708631344E+00   0.00000000000E+00
      1724   3.31688210041E+00  -3.60207538569E-01   0.00000000000E+00
      1725   1.74495661598E+00  -3.12470575597E+00   0.00000000000E+00
      1726   1.66193511185E+00  -2.41765814029E+00   0.00000000000E+00
      1727   2.21755791097E+00  -2.72729885334E+00   0.00000000000E+00
      1728   7.37842230458E+00  -1.77619112100E+00   0.00000000000E+00
      1729  -8.10166521995E+00  -2.98054642692E+00   0.00000000000E+00
      1730  -7.77101587893E+00  -3.55278897383E+00   0.00000000000E+00
      1731  -8.31075850869E+00  -3.50952672378E+00   0.00000000000E+00
      1732   3.81973084864E-01  -9.38269202603E+00   0.00000000000E+00
      1733  -3.22457682332E-01  -9.36401073602E+00   0.00000000000E+00
      1734  -2.18111284648E+00  -6.23394056747E+00   0.00000000000E+00
      1735  -1.73785736543E+00  -6.72193957040E+00   0.00000000000E+00
      1736  -4.36609104688E+00  -7.39417511372E+00   0.00000000000E+00
      1737   3.13709662941E+00  -8.77222488515E+00   0.00000000000E+00
      1738   5.55789288144E+00  -5.48286949305E+00   0.00000000000E+00
      1739  -1.96662192330E+00  -4.68602230383E+00   0.00000000000E+00
      1740  -2.56769376093E+00  -5.05723088502E+00   0.00000000000E+00
      1741   3.05935032492E+00  -4.22054262730E+00   0.00000000000E+00
      1742   2.55842855766E+00  -3.69939512744E+00   0.00000000000E+00
      1743   3.14941304630E+00  -3.47235681263E+00   0.00000000000E+00
      1744   4.39494750667E+00  -4.87391772711E+00   0.00000000000E+00
      1745   5.01440633144E+00  -5.22504005860E+00   0.00000000000E+00
      1746   3.71522727134E+00  -3.83003423532E+00   0.00000000000E+00
      1747   3.76245966134E+00  -4.53437693047E+00   0.00000000000E+00
      1748  -5.24902152646E+00  -2.21830232585E+00   0.00000000000E+00
      1749  -4.71937545191E+00  -2.63713089320E+00   0.00000000000E+00
      1750  -5.31534956501E+00  -2.86153096407E+00   0.00000000000E+00
      1751  -4.26135302492E+00  -1.37355624136E+00   0.00000000000E+00
      1752  -4.84227013174E+00  -1.10798338575E+00   0.00000000000E+00
      1753  -4.28177627047E+00  -9.26121717683E-01   0.00000000000E+00
      1754  -6.49520205953E-01  -3.73137266416E+00   0.00000000000E+00
      1755   8.11902491827E-02  -6.76718321986E-01   0.00000000000E+00
      1756   1.47151802023E-01  -7.13274601627E-01   0.00000000000E+00
      1757  -1.57797120122E+00  -7.88507621922E+00   0.00000000000E+00
      1758  -3.78139071090E+00  -7.80583538584E+00   0.00000000000E+00
      1759  -3.22691200632E+00  -7.24778882988E+00   0.00000000000E+00
      1760  -2.79430310008E-01  -5.79123521862E+00   0.00000000000E+00
      1761   5.59034703767E-01  -6.06703291519E+00   0.00000000000E+00
      1762   5.45345634838E-02  -6.44877082885E+00   0.00000000000E+00
      1763   6.10338589718E+00  -4.20580569966E+00   0.00000000000E+00
      1764   6.52576776838E+00  -2.16880962646E+00   0.00000000000E+00
      1765  -5.93462700936E+00  -3.00684209273E+00   0.00000000000E+00
      1766  -6.48398689742E+00  -3.09666623186E+00   0.00000000000E+00
      1767  -5.79711043983E+00  -4.51305911463E-01   0.00000000000E+00
      1768  -8.68332805575E+00  -3.82841610688E+00   0.00000000000E+00
      1769   7.89937375606E+00  -4.08904979199E+00   0.00000000000E+00
      1770   1.53720658282E+00  -6.60915726521E+00   0.00000000000E+00
      1771   1.96550747437E+00  -6.05352244533E+00   0.00000000000E+00
      1772   2.22269343070E+00  -6.64546872005E+00   0.00000000000E+00
      1773   1.43371159707E+00  -7.81066530634E+00   0.00000000000E+00
      1774   2.01326554813E+00  -7.84724141560E+00   0.00000000000E+00
      1775   1.66933740191E+00  -8.29988298889E+00   0.00000000000E+00
      1776   2.88987332118E+00  -8.16345162817E+00   0.00000000000E+00
      1777   3.44848559644E+00  -8.12729623817E+00   0.00000000000E+00
      1778   4.20845993300E-01  -6.42492090503E-01   0.00000000000E+00
      1779   4.62925232235E-01  -7.42817432203E-01   0.00000000000E+00
      1780   3.50604007603E-01  -6.91148631213E-01   0.00000000000E+00
      1781   6.17321916058E+00  -8.69023229966E-02   0.00000000000E+00
      1782   5.51741464766E+00  -2.78918583183E+00   0.00000000000E+00
      1783   5.51570674218E+00  -2.07617000409E+00   0.00000000000E+00
      1784   6.03693654670E+00  -2.46768317530E+00   0.00000000000E+00
      1785   1.77396422323E+00  -7.23810349830E+00   0.00000000000E+00
      1786   2.69997139633E+00  -4.81510472195E+00   0.00000000000E+00
      1787   3.09621778129E+00  -5.26337301109E+00   0.00000000000E+00
      1788  -6.75232463815E-01  -7.15711095536E+00   0.00000000000E+00
      1789  -4.98614539481E-01  -6.52314299771E+00   0.00000000000E+00
      1790  -6.74423962138E-02  -7.01010392510E+00   0.00000000000E+00
      1791   5.97534954229E-01  -4.84502862513E+00   0.00000000000E+00
      1792  -1.19829410188E-01  -3.63980339889E+00   0.00000000000E+00
      1793   3.92334969301E+00  -5.86689624016E+00   0.00000000000E+00
      1794   8.09779524802E+00  -1.00379872448E+00   0.00000000000E+00
      1795   7.86915664897E+00  -7.04650270744E-01   0.00000000000E+00
      1796  -6.25111950038E+00  -5.94907846880E+00   0.00000000000E+00
      1797  -3.65025213076E+00  -6.29208887932E+00   0.00000000000E+00
      1798  -4.61966635778E+00  -1.89331022462E+00   0.00000000000E+00
      1799  -3.27368607200E+00  -2.51967227973E+00   0.00000000000E+00
      1800  -3.13606927262E+00  -3.09955276202E+00   0.00000000000E+00
      1801  -5.19343693026E+00  -1.65215726428E+00   0.00000000000E+00
      1802  -6.14845904257E+00  -3.63293250931E+00   0.00000000000E+00
      1803  -5.62567673693E+00  -4.26862103433E+00   0.00000000000E+00
      1804  -6.06333486314E+00  -4.81661775126E+00   0.00000000000E+00
      1805  -5.55033983870E+00  -4.90372076968E+00   0.00000000000E+00
      1806  -4.31390004467E+00  -4.55406019769E+00   0.00000000000E+00
      1807  -3.60996391755E+00  -4.21511407226E+00   0.00000000000E+00
      1808   6.02311972635E+00  -3.05931521420E+00   0.00000000000E+00
      1809  -3.31768767462E+00  -1.20311641657E+00   0.00000000000E+00
      1810  -3.72397378636E+00  -1.89887946444E+00   0.00000000000E+00
      1811  -7.21893742156E+00  -1.63235344370E+00   0.00000000000E+00
      1812  -6.60828179992E+00  -6.15237271818E-01   0.00000000000E+00
      1813   3.94859635554E+00  -1.84105640416E+00   0.00000000000E+00
      1814   3.46467331195E+00  -1.47404052503E+00   0.00000000000E+00
      1815   3.92072984564E+00  -1.29192305227E+00   0.00000000000E+00
      1816  -1.04186070366E-01  -5.27030886206E-01   0.00000000000E+00
      1817  -1.46790320601E-01  -5.42468129873E-01   0.00000000000E+00
      1818  -1.38559452355E-01  -5.07369320458E-01   0.00000000000E+00
      1819  -7.51504183396E+00  -3.04915630791E+00   0.00000000000E+00
      1820   3.76935624801E+00  -6.42938737104E+00   0.00000000000E+00
      1821   3.66450813811E+00  -7.11328844766E+00   0.00000000000E+00
      1822  -1.33254828735E+00  -7.26901725749E+00   0.00000000000E+00
      1823  -8.58039805685E-01  -6.09543159001E+00   0.00000000000E+00
      1824  -9.29114823700E-01  -5.54084678610E+00   0.00000000000E+00
      1825   6.76479465424E+00  -9.99082012926E-01   0.00000000000E+00
      1826   7.49447134845E+00  -2.64964065586E-01   0.00000000000E+00
      1827   6.15661618869E+00  -5.42827021999E+00   0.00000000000E+00
      1828   7.21422485823E+00  -4.17536473971E+00   0.00000000000E+00
      1829   7.59249472555E+00  -3.52859383823E+00   0.00000000000E+00
      1830   6.08365002474E+00  -1.72214313727E+00   0.00000000000E+00
      1831   3.99643047853E+00  -2.41755756836E+00   0.00000000000E+00
      1832   4.40470906809E+00  -2.76211128860E+00   0.00000000000E+00
      1833   3.73959195837E+00  -3.01846123020E+00   0.00000000000E+00
      1834  -6.32713294153E+00  -5.27518285899E+00   0.00000000000E+00
      1835  -7.86077841189E+00  -5.17696993944E+00   0.00000000000E+00
      1836  -8.36008997775E+00  -1.74232215498E+00   0.00000000000E+00
      1837  -7.80457902101E+00  -1.57880116713E+00   0.00000000000E+00
      1838   2.54278954078E+00  -7.88188306710E+00   0.00000000000E+00
      1839   8.00356322747E+00  -2.97183431909E+00   0.00000000000E+00
      1840  -1.46669539681E+00  -5.97963465111E+00   0.00000000000E+00
      1841  -1.11634395842E+00  -6.64229829649E+00   0.00000000000E+00
      1842   4.72227978276E+00  -8.18192681887E+00   0.00000000000E+00
      1843   6.99016039587E-02  -1.20271537786E+00   0.00000000000E+00
      1844  -8.72731202988E-03  -1.57862604803E+00   0.00000000000E+00
      1845  -1.82696849648E-01  -1.23526128685E+00   0.00000000000E+00
      1846   1.16787801882E+00  -3.96980446243E-01   0.00000000000E+00
      1847   2.24295922829E+00  -1.87382740174E+00   0.00000000000E+00
      1848   2.76994919792E+00  -2.45856073256E+00   0.00000000000E+00
      1849  -4.02900183067E-01  -8.28377821923E+00   0.00000000000E+00
      1850  -2.15359475376E-01  -7.64892747523E+00   0.00000000000E+00
      1851   2.26411317240E+00  -1.15244698939E+00   0.00000000000E+00
      1852   3.43563549863E+00  -1.44508126487E-01   0.00000000000E+00
      1853   9.34598384554E-01  -2.08379403802E+00   0.00000000000E+00
      1854   1.55763381180E+00  -1.83462387954E+00   0.00000000000E+00
      1855   2.67696769566E+00  -3.09776256977E+00   0.00000000000E+00
      1856   8.26714965075E+00  -4.62398697340E+00   0.00000000000E+00
      1857  -1.03151178390E+00  -2.12645770331E+00   0.00000000000E+00
      1858  -9.69250579179E-01  -2.77753608701E+00   0.00000000000E+00
      1859  -1.50375999284E+00  -2.72276156035E+00   0.00000000000E+00
      1860  -1.74171834631E+00  -1.24516425765E+00   0.00000000000E+00
      1861  -8.80212813092E+00  -1.23341685733E+00   0.00000000000E+00
      1862  -6.53867805265E+00  -1.67118062821E+00   0.00000000000E+00
      1863   5.64672709641E+00  -4.85016530212E+00   0.00000000000E+00
      1864  -6.93171532180E+00  -6.21942636223E+00   0.00000000000E+00
      1865  -2.12514265959E-01  -6.02406063781E-01   0.00000000000E+00
      1866  -1.62108419414E-01  -5.81182595712E-01   0.00000000000E+00
      1867  -4.28843053506E-01  -1.89790151567E+00   0.00000000000E+00
      1868  -4.10421793112E-01  -1.44107324594E+00   0.00000000000E+00
      1869   4.95640661694E+00  -3.15779490951E+00   0.00000000000E+00
      1870   4.91062200302E+00  -2.96306376782E-01   0.00000000000E+00
      1871   7.64920865973E+00  -4.72130971795E+00   0.00000000000E+00
      1872  -6.20098141284E+00  -4.19979723779E-01   0.00000000000E+00
      1873  -5.98417699192E+00  -2.19973199430E-01   0.00000000000E+00
      1874   2.93167238413E+00  -1.78385829335E+00   0.00000000000E+00
      1875   2.64819475174E+00  -1.30118706909E+00   0.00000000000E+00
      1876   3.42772922685E+00  -2.26796178458E+00   0.00000000000E+00
      1877  -1.77051176872E+00  -1.95457285333E+00   0.00000000000E+00
      1878  -4.76330023846E-01  -2.50582756626E+00   0.00000000000E+00
      1879  -9.10071053877E+00  -7.86248367580E-01   0.00000000000E+00
      1880   5.90954135303E+00  -1.21075005550E+00   0.00000000000E+00
      1881   6.33575177846E+00  -1.11801495183E+00   0.00000000000E+00
      1882  -5.40664907671E-01  -8.84829414228E+00   0.00000000000E+00
      1883  -1.25413286529E+00  -9.36046381558E-01   0.00000000000E+00
      1884  -3.79878561123E-01  -9.06977094197E-01   0.00000000000E+00
      1885   1.23928043926E-01  -5.27256246305E-01   0.00000000000E+00
      1886   7.74973144130E+00  -4.72488776793E-01   0.00000000000E+00
      1887   3.68664717768E+00  -7.64507261058E+00   0.00000000000E+00
      1888  -4.16572921070E-01  -1.12983198187E+00   0.00000000000E+00
      1889  -6.21624812926E-01  -9.63399866135E-01   0.00000000000E+00
      1890  -6.58161569889E-01  -8.83984754725E-02   0.00000000000E+00
      1891  -3.68678175149E+00  -2.76808057335E+00   0.00000000000E+00
      1892   7.07048919743E-01  -2.53614389131E-01   0.00000000000E+00
      1893   6.70281381213E-01  -1.60814968753E-01   0.00000000000E+00
      1894  -4.19153351620E+00  -2.45297394313E+00   0.00000000000E+00
      1895   7.13723955685E+00  -4.79240739324E+00   0.00000000000E+00
      1896  -1.91884905030E+00  -4.67443004697E-01   0.00000000000E+00
      1897  -4.04501864225E+00  -2.78098391155E-01   0.00000000000E+00
      1898   3.15408806418E+00  -3.26303894839E-01   0.00000000000E+00
      1899   3.36307202033E+00  -9.81449535106E-01   0.00000000000E+00
      1900  -3.08192163313E+00  -7.96261998560E-01   0.00000000000E+00
      1901   8.45497347814E+00  -9.08173298552E-01   0.00000000000E+00
      1902   8.39346063738E+00  -4.46244800838E-01   0.00000000000E+00
      1903  -1.25087597305E+00  -1.49281390832E+00   0.00000000000E+00
      1904   1.18533000040E+00  -2.61976643579E-01   0.00000000000E+00
      1905   3.65390259239E+00  -1.07267483927E+00   0.00000000000E+00
      1906   3.54840783647E-01  -1.35282131468E+00   0.00000000000E+00
      1907   5.47481775486E-01  -1.14112289078E+00   0.00000000000E+00
      1908   8.22443667966E+00  -6.44989494725E-01   0.00000000000E+00
      1909   7.57798885112E+00  -4.21626106384E-01   0.00000000000E+00
      1910   4.50835279033E+00  -7.10721689999E-02   0.00000000000E+00
      1911   7.99234136101E-01  -9.67873084319E-01   0.00000000000E+00
      1912  -2.10049622321E-01  -5.10500451733E-01   0.00000000000E+00
      1913  -1.71794122004E-01  -5.11192541287E-01   0.00000000000E+00
      1914  -1.89758767048E-01  -5.50155050371E-01   0.00000000000E+00
      1915  -2.26068369988E-01  -1.00618648770E+00   0.00000000000E+00
      1916   3.01205559002E-01  -1.03074161024E+00   0.00000000000E+00
      1917   9.47018946223E-01  -4.85864148874E-01   0.00000000000E+00
      1918   8.11710170659E-01  -6.62401357671E-01   0.00000000000E+00
      1919   5.16197778023E-01  -9.16897896256E-01   0.00000000000E+00
      1920   7.74388147087E-02  -9.61104007641E-01   0.00000000000E+00
      1921   1.92562649747E-01  -8.34015233399E-01   0.00000000000E+00
      1922  -8.82206605284E-01  -8.16982327614E-01   0.00000000000E+00
      1923  -7.03142217647E-02  -1.05620856904E+00   0.00000000000E+00
      1924   6.25926470967E-01  -7.52220428906E-01   0.00000000000E+00
      1925   4.73767559910E-01  -3.40917541276E-01   0.00000000000E+00
      1926   4.84152432079E-01  -2.98774162304E-01   0.00000000000E+00
      1927   5.22663050432E-01  -3.42512685880E-01   0.00000000000E+00
      1928   8.27786139335E+00  -6.55191973455E-02   0.00000000000E+00
      1929   4.89041613377E+00  -1.18622962466E-01   0.00000000000E+00
      1930   5.03453251003E+00  -2.80716546564E-01   0.00000000000E+00
      1931   4.30323731994E-01  -1.73292744798E+00   0.00000000000E+00
      1932   4.24156722867E+00  -1.78896515120E-01   0.00000000000E+00
      1933   6.02507290039E+00  -4.84471020470E-01   0.00000000000E+00
      1934  -7.96697145580E-01  -5.70339028412E-01   0.00000000000E+00
      1935  -6.47845287617E-01  -7.09917315745E-01   0.00000000000E+00
      1936   5.64250301856E+00  -2.56392761595E-01   0.00000000000E+00
      1937   7.59758868809E-01  -4.74788918672E-01   0.00000000000E+00
      1938   6.90151810089E-01  -3.52303452409E-01   0.00000000000E+00
      1939   3.90326369816E-02  -7.70232115974E-01   0.00000000000E+00
      1940  -7.91715076333E-02  -8.94260760306E-01   0.00000000000E+00
      1941   6.56536436072E-02  -6.16209782150E-01   0.00000000000E+00
      1942   2.56105024520E-02  -6.54905880251E-01   0.00000000000E+00
      1943   5.13977977059E-01  -6.31669938170E-01   0.00000000000E+00
      1944   3.49999166457E-01  -8.22475608168E-01   0.00000000000E+00
      1945   8.54099642168E+00  -8.86584097768E-02   0.00000000000E+00
      1946   9.68568445186E+00  -6.45989690297E-02   0.00000000000E+00
      1947   6.23196344483E-01  -2.81789541261E-01   0.00000000000E+00
      1948   5.94514853065E-01  -3.49820842494E-01   0.00000000000E+00
      1949   5.14807082953E-01  -5.15752154364E-02   0.00000000000E+00
      1950   1.41575654371E+00  -9.09443761438E-02   0.00000000000E+00
      1951  -5.93463450711E-01  -4.49851383266E-01   0.00000000000E+00
      1952   2.49771172986E-01  -7.23191040510E-01   0.00000000000E+00
      1953  -4.68946389435E-01  -4.49022035635E-01   0.00000000000E+00
      1954   6.31705953564E-01  -5.65602993002E-01   0.00000000000E+00
      1955  -2.17413729002E-01  -8.34928477828E-01   0.00000000000E+00
      1956   2.91947987946E+00  -8.93593536583E-02   0.00000000000E+00
      1957   4.88065526950E-01  -3.83027072744E-01   0.00000000000E+00
      1958   1.57586513843E-01  -5.43162339208E-01   0.00000000000E+00
      1959   2.72980292219E-01  -6.37163936747E-01   0.00000000000E+00
      1960   1.98383190866E-01  -6.45866284493E-01   0.00000000000E+00
      1961  -9.24387123061E-03  -5.26625201079E-01   0.00000000000E+00
      1962  -3.83325759568E-02  -5.49192786521E-01   0.00000000000E+00
      1963  -3.83289734886E-02  -6.77196959097E-01   0.00000000000E+00
      1964  -9.71390349564E-02  -7.52653608116E-01   0.00000000000E+00
      1965   3.74547651117E-01  -4.38134632330E-01   0.00000000000E+00
      1966   3.33771162735E-01  -4.18388617247E-01   0.00000000000E+00
      1967   4.98363968491E-01  -4.41285889935E-01   0.00000000000E+00
      1968   5.13400065251E-01  -5.23014571931E-01   0.00000000000E+00
      1969   4.32953304266E-01  -4.64364967221E-01   0.00000000000E+00
      1970  -2.81518480738E-01  -6.43576395677E-01   0.00000000000E+00
      1971  -2.85502786343E-01  -5.31682046749E-01   0.00000000000E+00
      1972  -3.40091809330E-01  -5.14896675382E-01   0.00000000000E+00
      1973   6.33494623145E-01  -2.21785247002E-01   0.00000000000E+00
      1974   2.75242435476E-01  -5.65482869340E-01   0.00000000000E+00
      1975   2.23930287361E-01  -5.87987607854E-01   0.00000000000E+00
      1976   5.63517220363E-01  -4.76719016902E-01   0.00000000000E+00
      1977   6.33650901837E-01  -4.38406718761E-01   0.00000000000E+00
      1978  -5.51650600020E-01  -3.04219468629E-01   0.00000000000E+00
      1979  -5.01335584941E-01  -2.99329819918E-01   0.00000000000E+00
      1980  -4.49811680062E-01  -3.49963210932E-01   0.00000000000E+00
      1981  -4.46054596151E-01  -5.05213045712E-01   0.00000000000E+00
      1982  -3.96976544888E-01  -5.57780741288E-01   0.00000000000E+00
      1983  -2.67653769676E-01  -5.80344291548E-01   0.00000000000E+00
      1984   2.56033110104E-02  -5.27472051747E-01   0.00000000000E+00
      1985  -3.23292408997E-01  -5.79349048538E-01   0.00000000000E+00
      1986  -3.86601818797E-01  -4.93979586014E-01   0.00000000000E+00
      1987   4.21921475515E-01  -5.51731355253E-01   0.00000000000E+00
      1988   5.49275539736E-01  -4.02278564352E-01   0.00000000000E+00
      1989   1.71490708115E-01  -5.87069311766E-01   0.00000000000E+00
      1990   3.42950338298E-01  -5.93615440468E-01   0.00000000000E+00
      1991  -6.91542282295E-01  -4.33646615105E-01   0.00000000000E+00
      1992   3.73742837781E-01  -4.87581636035E-01   0.00000000000E+00
      1993   3.20835509745E-01  -4.90735552633E-01   0.00000000000E+00
      1994   3.41977605863E-01  -4.55874877215E-01   0.00000000000E+00
      1995   3.12452480980E-01  -5.37474691808E-01   0.00000000000E+00
      1996  -6.63668867300E-02  -5.22894616727E-01   0.00000000000E+00
      1997   1.77230216646E-01  -4.89154400201E-01   0.00000000000E+00
      1998   1.84513014654E-01  -5.18704196147E-01   0.00000000000E+00
      1999  -4.07190379215E-01  -4.43509463089E-01   0.00000000000E+00
      2000  -3.60964666978E-01  -4.12156823519E-01   0.00000000000E+00
      2001  -3.45907651974E-01  -4.55158401570E-01   0.00000000000E+00
      2002  -4.64680318941E-01  -3.14021897023E-01   0.00000000000E+00
      2003  -6.93127494990E-01  -3.41005261587E-01   0.00000000000E+00
      2004   2.53930587920E-02  -5.98848606388E-01   0.00000000000E+00
      2005   4.63406165758E-01  -2.60175265912E-01   0.00000000000E+00
      2006   4.44435685965E-01  -2.85333838758E-01   0.00000000000E+00
      2007   9.55941031303E-02  -5.15429958727E-01   0.00000000000E+00
      2008   4.06040768844E-01  -4.06346025552E-01   0.00000000000E+00
      2009  -2.35440906346E-01  -5.44707902994E-01   0.00000000000E+00
      2010   6.02086925659E-01  -1.34598455764E-01   0.00000000000E+00
      2011   3.54380528464E-01  -5.32227735240E-01   0.00000000000E+00
      2012  -4.00155983365E-01  -3.98772332325E-01   0.00000000000E+00
      2013  -3.26418447455E-01  -4.17233750658E-01   0.00000000000E+00
      2014  -1.08936086577E-01  -5.85031779039E-01   0.00000000000E+00
      2015   5.70264078650E-03  -5.60486068939E-01   0.00000000000E+00
      2016  -6.28995642639E-01  -1.55526270903E-01   0.00000000000E+00
      2017   4.51466316831E-01  -4.10587891188E-01   0.00000000000E+00
      2018   5.01159966122E-01  -2.04500363989E-01   0.00000000000E+00
      2019  -7.54405507483E-02  -5.52190669116E-01   0.00000000000E+00
      2020   1.92863596505E-01  -5.52377219159E-01   0.00000000000E+00
      2021  -2.50969309684E-01  -4.98900566172E-01   0.00000000000E+00
      2022  -5.12668020441E-01  -5.82918815973E-02   0.00000000000E+00
      2023   4.98070403166E-01  -2.60670053157E-01   0.00000000000E+00
      2024   9.86110318743E-01  -6.53215993452E+00   0.00000000000E+00
      2025  -8.67181709142E-01  -7.79594159335E+00   0.00000000000E+00
      2026  -5.74626758055E-01  -3.19464089070E+00   0.00000000000E+00
      2027  -4.22830313641E+00  -3.77855878699E+00   0.00000000000E+00
      2028  -4.77232615218E+00  -3.31752996960E+00   0.00000000000E+00
      2029  -4.20328540890E+00  -3.07155009877E+00   0.00000000000E+00
      2030  -1.46617376270E+00  -5.18211655348E+00   0.00000000000E+00
      2031   2.01270993049E+00  -4.84179078753E+00   0.00000000000E+00
      2032   3.26129286127E+00  -4.82357766245E+00   0.00000000000E+00
      2033   3.75429479364E+00  -5.25253292902E+00   0.00000000000E+00
      2034  -5.00990713250E+00  -4.71159329114E+00   0.00000000000E+00
      2035  -4.88388066503E+00  -4.03048412416E+00   0.00000000000E+00
      2036  -2.05536573567E+00  -5.48349393790E+00   0.00000000000E+00
      2037   2.22639225492E+00  -3.29091819066E+00   0.00000000000E+00
      2038   1.28679902576E+00  -6.00713065073E+00   0.00000000000E+00
      2039  -5.50073383992E-01  -5.28409639246E+00   0.00000000000E+00
      2040   3.15528350853E+00  -2.87549976043E+00   0.00000000000E+00
      2041  -5.43801190952E+00  -3.53688490536E+00   0.00000000000E+00
      2042   3.32032289350E-01  -5.40935773802E+00   0.00000000000E+00
      2043  -3.62139244521E+00  -3.47502642634E+00   0.00000000000E+00
      2044   9.66751011470E+00  -1.65421831852E-01   0.00000000000E+00
      2045  -5.00000000000E-01   0.00000000000E+00   5.00000000000E+00
      2046  -4.98458666867E-01   3.92295478639E-02   5.00000000000E+00
      2047  -4.93844170298E-01   7.82172325201E-02   5.00000000000E+00
      2048  -4.86184960199E-01   1.16722681928E-01   5.00000000000E+00
      2049  -4.75528258148E-01   1.54508497187E-01   5.00000000000E+00
      2050  -4.61939766256E-01   1.91341716183E-01   5.00000000000E+00
      2051  -4.45503262094E-01   2.26995249870E-01   5.00000000000E+00
      2052  -4.26320082177E-01   2.61249282358E-01   5.00000000000E+00
      2053  -4.04508497187E-01   2.93892626146E-01   5.00000000000E+00
      2054  -3.80202982800E-01   3.24724024165E-01   5.00000000000E+00
      2055  -3.53553390593E-01   3.53553390593E-01   5.00000000000E+00
      2056  -3.24724024165E-01   3.80202982800E-01   5.00000000000E+00
      2057  -2.93892626146E-01   4.04508497187E-01   5.00000000000E+00
      2058  -2.61249282358E-01   4.26320082177E-01   5.00000000000E+00
      2059  -2.26995249870E-01   4.45503262094E-01   5.00000000000E+00
      2060  -1.91341716183E-01   4.61939766256E-01   5.00000000000E+00
      2061  -1.54508497187E-01   4.75528258148E-01   5.00000000000E+00
      2062  -1.16722681928E-01   4.86184960199E-01   5.00000000000E+00
      2063  -7.82172325201E-02   4.93844170298E-01   5.00000000000E+00
      2064  -3.92295478639E-02   4.98458666867E-01   5.00000000000E+00
      2065  -3.06161699787E-17   5.00000000000E-01   5.00000000000E+00
      2066   3.92295478639E-02   4.98458666867E-01   5.00000000000E+00
      2067   7.82172325201E-02   4.93844170298E-01   5.00000000000E+00
      2068   1.16722681928E-01   4.86184960199E-01   5.00000000000E+00
      2069   1.54508497187E-01   4.75528258148E-01   5.00000000000E+00
      2070   1.91341716183E-01   4.61939766256E-01   5.00000000000E+00
      2071   2.26995249870E-01   4.45503262094E-01   5.00000000000E+00
      2072   2.61249282358E-01   4.26320082177E-01   5.00000000000E+00
      2073   2.93892626146E-01   4.04508497187E-01   5.00000000000E+00
      2074   3.24724024165E-01   3.80202982800E-01   5.00000000000E+00
      2075   3.53553390593E-01   3.53553390593E-01   5.00000000000E+00
      2076   3.80202982800E-01   3.24724024165E-01   5.00000000000E+00
      2077   4.04508497187E-01   2.93892626146E-01   5.00000000000E+00
      2078   4.26320082177E-01   2.61249282358E-01   5.00000000000E+00
      2079   4.45503262094E-01   2.26995249870E-01   5.00000000000E+00
      2080   4.61939766256E-01   1.91341716183E-01   5.00000000000E+00
      2081   4.75528258148E-01   1.54508497187E-01   5.00000000000E+00
      2082   4.86184960199E-01   1.16722681928E-01   5.00000000000E+00
      2083   4.93844170298E-01   7.82172325201E-02   5.00000000000E+00
      2084   4.98458666867E-01   3.92295478639E-02   5.00000000000E+00
      2085   5.00000000000E-01   0.00000000000E+00   5.00000000000E+00
      2086   6.18750000000E-01   0.00000000000E+00   5.00000000000E+00
      2087   7.37500000000E-01   0.00000000000E+00   5.00000000000E+00
      2088   8.56250000000E-01   0.00000000000E+00   5.00000000000E+00
      2089   9.75000000000E-01   0.00000000000E+00   5.00000000000E+00
      2090   1.09375000000E+00   0.00000000000E+00   5.00000000000E+00
      2091   1.21250000000E+00   0.00000000000E+00   5.00000000000E+00
      2092   1.33125000000E+00   0.00000000000E+00   5.00000000000E+00
      2093   1.45000000000E+00   0.00000000000E+00   5.00000000000E+00
      2094   1.56875000000E+00   0.00000000000E+00   5.00000000000E+00
      2095   1.68750000000E+00   0.00000000000E+00   5.00000000000E+00
      2096   1.80625000000E+00   0.00000000000E+00   5.00000000000E+00
      2097   1.92500000000E+00   0.00000000000E+00   5.00000000000E+00
      2098   2.04375000000E+00   0.00000000000E+00   5.00000000000E+00
      2099   2.16250000000E+00   0.00000000000E+00   5.00000000000E+00
      2100   2.28125000000E+00   0.00000000000E+00   5.00000000000E+00
      2101   2.40000000000E+00   0.00000000000E+00   5.00000000000E+00
      2102   2.51875000000E+00   0.00000000000E+00   5.00000000000E+00
      2103   2.63750000000E+00   0.00000000000E+00   5.00000000000E+00
      2104   2.75625000000E+00   0.00000000000E+00   5.00000000000E+00
      2105   2.87500000000E+00   0.00000000000E+00   5.00000000000E+00
      2106   2.99375000000E+00   0.00000000000E+00   5.00000000000E+00
      2107   3.11250000000E+00   0.00000000000E+00   5.00000000000E+00
      2108   3.23125000000E+00   0.00000000000E+00   5.00000000000E+00
      2109   3.35000000000E+00   0.00000000000E+00   5.00000000000E+00
      2110   3.46875000000E+00   0.00000000000E+00   5.00000000000E+00
      2111   3.58750000000E+00   0.00000000000E+00   5.00000000000E+00
      2112   3.70625000000E+00   0.00000000000E+00   5.00000000000E+00
      2113   3.82500000000E+00   0.00000000000E+00   5.00000000000E+00
      2114   3.94375000000E+00   0.00000000000E+00   5.00000000000E+00
      2115   4.06250000000E+00   0.00000000000E+00   5.00000000000E+00
      2116   4.18125000000E+00   0.00000000000E+00   5.00000000000E+00
      2117   4.30000000000E+00   0.00000000000E+00   5.00000000000E+00
      2118   4.41875000000E+00   0.00000000000E+00   5.00000000000E+00
      2119   4.53750000000E+00   0.00000000000E+00   5.00000000000E+00
      2120   4.65625000000E+00   0.00000000000E+00   5.00000000000E+00
      2121   4.77500000000E+00   0.00000000000E+00   5.00000000000E+00
      2122   4.89375000000E+00   0.00000000000E+00   5.00000000000E+00
      2123   5.01250000000E+00   0.00000000000E+00   5.00000000000E+00
      2124   5.13125000000E+00   0.00000000000E+00   5.00000000000E+00
      2125   5.25000000000E+00   0.00000000000E+00   5.00000000000E+00
      2126   5.36875000000E+00   0.00000000000E+00   5.00000000000E+00
      2127   5.48750000000E+00   0.00000000000E+00   5.00000000000E+00
      2128   5.60625000000E+00   0.00000000000E+00   5.00000000000E+00
      2129   5.72500000000E+00   0.00000000000E+00   5.00000000000E+00
      2130   5.84375000000E+00   0.00000000000E+00   5.00000000000E+00
      2131   5.96250000000E+00   0.00000000000E+00   5.00000000000E+00
      2132   6.08125000000E+00   0.00000000000E+00   5.00000000000E+00
      2133   6.20000000000E+00   0.00000000000E+00   5.00000000000E+00
      2134   6.31875000000E+00   0.00000000000E+00   5.00000000000E+00
      2135   6.43750000000E+00   0.00000000000E+00   5.00000000000E+00
      2136   6.55625000000E+00   0.00000000000E+00   5.00000000000E+00
      2137   6.67500000000E+00   0.00000000000E+00   5.00000000000E+00
      2138   6.79375000000E+00   0.00000000000E+00   5.00000000000E+00
      2139   6.91250000000E+00   0.00000000000E+00   5.00000000000E+00
      2140   7.03125000000E+00   0.00000000000E+00   5.00000000000E+00
      2141   7.15000000000E+00   0.00000000000E+00   5.00000000000E+00
      2142   7.26875000000E+00   0.00000000000E+00   5.00000000000E+00
      2143   7.38750000000E+00   0.00000000000E+00   5.00000000000E+00
      2144   7.50625000000E+00   0.00000000000E+00   5.00000000000E+00
      2145   7.62500000000E+00   0.00000000000E+00   5.00000000000E+00
      2146   7.74375000000E+00   0.00000000000E+00   5.00000000000E+00
      2147   7.86250000000E+00   0.00000000000E+00   5.00000000000E+00
      2148   7.98125000000E+00   0.00000000000E+00   5.00000000000E+00
      2149   8.10000000000E+00   0.00000000000E+00   5.00000000000E+00
      2150   8.21875000000E+00   0.00000000000E+00   5.00000000000E+00
      2151   8.33750000000E+00   0.00000000000E+00   5.00000000000E+00
      2152   8.45625000000E+00   0.00000000000E+00   5.00000000000E+00
      2153   8.57500000000E+00   0.00000000000E+00   5.00000000000E+00
      2154   8.69375000000E+00   0.00000000000E+00   5.00000000000E+00
      2155   8.81250000000E+00   0.00000000000E+00   5.00000000000E+00
      2156   8.93125000000E+00   0.00000000000E+00   5.00000000000E+00
      2157   9.05000000000E+00   0.00000000000E+00   5.00000000000E+00
      2158   9.16875000000E+00   0.00000000000E+00   5.00000000000E+00
      2159   9.28750000000E+00   0.00000000000E+00   5.00000000000E+00
      2160   9.40625000000E+00   0.00000000000E+00   5.00000000000E+00
      2161   9.52500000000E+00   0.00000000000E+00   5.00000000000E+00
      2162   9.64375000000E+00   0.00000000000E+00   5.00000000000E+00
      2163   9.76250000000E+00   0.00000000000E+00   5.00000000000E+00
      2164   9.88125000000E+00   0.00000000000E+00   5.00000000000E+00
      2165   1.00000000000E+01   0.00000000000E+00   5.00000000000E+00
      2166   9.96917333733E+00   7.84590957278E-01   5.00000000000E+00
      2167   9.87688340595E+00   1.56434465040E+00   5.00000000000E+00
      2168   9.72369920398E+00   2.33445363856E+00   5.00000000000E+00
      2169   9.51056516295E+00   3.09016994375E+00   5.00000000000E+00
      2170   9.23879532511E+00   3.82683432365E+00   5.00000000000E+00
      2171   8.91006524188E+00   4.53990499740E+00   5.00000000000E+00
      2172   8.52640164354E+00   5.22498564716E+00   5.00000000000E+00
      2173   8.09016994375E+00   5.87785252292E+00   5.00000000000E+00
      2174   7.60405965600E+00   6.49448048330E+00   5.00000000000E+00
      2175   7.07106781187E+00   7.07106781187E+00   5.00000000000E+00
      2176   6.49448048330E+00   7.60405965600E+00   5.00000000000E+00
      2177   5.87785252292E+00   8.09016994375E+00   5.00000000000E+00
      2178   5.22498564716E+00   8.52640164354E+00   5.00000000000E+00
      2179   4.53990499740E+00   8.91006524188E+00   5.00000000000E+00
      2180   3.82683432365E+00   9.23879532511E+00   5.00000000000E+00
      2181   3.09016994375E+00   9.51056516295E+00   5.00000000000E+00
      2182   2.33445363856E+00   9.72369920398E+00   5.00000000000E+00
      2183   1.56434465040E+00   9.87688340595E+00   5.00000000000E+00
      2184   7.84590957278E-01   9.96917333733E+00   5.00000000000E+00
      2185  -6.12323399574E-16   1.00000000000E+01   5.00000000000E+00
      2186  -7.84590957278E-01   9.96917333733E+00   5.00000000000E+00
      2187  -1.56434465040E+00   9.87688340595E+00   5.00000000000E+00
      2188  -2.33445363856E+00   9.72369920398E+00   5.00000000000E+00
      2189  -3.09016994375E+00   9.51056516295E+00   5.00000000000E+00
      2190  -3.82683432365E+00   9.23879532511E+00   5.00000000000E+00
      2191  -4.53990499740E+00   8.91006524188E+00   5.00000000000E+00
      2192  -5.22498564716E+00   8.52640164354E+00   5.00000000000E+00
      2193  -5.87785252292E+00   8.09016994375E+00   5.00000000000E+00
      2194  -6.49448048330E+00   7.60405965600E+00   5.00000000000E+00
      2195  -7.07106781187E+00   7.07106781187E+00   5.00000000000E+00
      2196  -7.60405965600E+00   6.49448048330E+00   5.00000000000E+00
      2197  -8.09016994375E+00   5.87785252292E+00   5.00000000000E+00
      2198  -8.52640164354E+00   5.22498564716E+00   5.00000000000E+00
      2199  -8.91006524188E+00   4.53990499740E+00   5.00000000000E+00
      2200  -9.23879532511E+00   3.82683432365E+00   5.00000000000E+00
      2201  -9.51056516295E+00   3.09016994375E+00   5.00000000000E+00
      2202  -9.72369920398E+00   2.33445363856E+00   5.00000000000E+00
      2203  -9.87688340595E+00   1.56434465040E+00   5.00000000000E+00
      2204  -9.96917333733E+00   7.84590957278E-01   5.00000000000E+00
      2205  -1.00000000000E+01   0.00000000000E+00   5.00000000000E+00
      2206  -9.52500000000E+00   0.00000000000E+00   5.00000000000E+00
      2207  -9.05000000000E+00   0.00000000000E+00   5.00000000000E+00
      2208  -8.57500000000E+00   0.00000000000E+00   5.00000000000E+00
      2209  -8.10000000000E+00   0.00000000000E+00   5.00000000000E+00
      2210  -7.62500000000E+00   0.00000000000E+00   5.00000000000E+00
      2211  -7.15000000000E+00   0.00000000000E+00   5.00000000000E+00
      2212  -6.67500000000E+00   0.00000000000E+00   5.00000000000E+00
      2213  -6.20000000000E+00   0.00000000000E+00   5.00000000000E+00
      2214  -5.72500000000E+00   0.00000000000E+00   5.00000000000E+00
      2215  -5.25000000000E+00   0.00000000000E+00   5.00000000000E+00
      2216  -4.77500000000E+00   0.00000000000E+00   5.00000000000E+00
      2217  -4.30000000000E+00   0.00000000000E+00   5.00000000000E+00
      2218  -3.82500000000E+00   0.00000000000E+00   5.00000000000E+00
      2219  -3.35000000000E+00   0.00000000000E+00   5.00000000000E+00
      2220  -2.87500000000E+00   0.00000000000E+00   5.00000000000E+00
      2221  -2.40000000000E+00   0.00000000000E+00   5.00000000000E+00
      2222  -1.92500000000E+00   0.00000000000E+00   5.00000000000E+00
      2223  -1.45000000000E+00   0.00000000000E+00   5.00000000000E+00
      2224  -9.75000000000E-01   0.00000000000E+00   5.00000000000E+00
      2225  -1.53098462805E-01   5.06694784331E-01   5.00000000000E+00
      2226  -1.25501325528E-01   5.19246441350E-01   5.00000000000E+00
      2227  -1.52262294665E-01   5.48245488152E-01   5.00000000000E+00
      2228  -4.31456583600E-01   3.03635779136E-01   5.00000000000E+00
      2229  -4.57597865647E-01   2.84562490682E-01   5.00000000000E+00
      2230  -4.28579891713E-01   3.40637612311E-01   5.00000000000E+00
      2231  -4.66943722759E-01   3.17450774824E-01   5.00000000000E+00
      2232   5.00639219780E-01   1.45331650015E-01   5.00000000000E+00
      2233   5.21612873790E-01   1.55917242281E-01   5.00000000000E+00
      2234   4.96962141131E-01   1.74826900902E-01   5.00000000000E+00
      2235   2.16997942907E-01   4.77117590492E-01   5.00000000000E+00
      2236   2.49170827097E-01   4.69899367862E-01   5.00000000000E+00
      2237  -5.13302076271E-01   5.77637240184E-02   5.00000000000E+00
      2238  -5.51928092595E-01   7.63495715711E-02   5.00000000000E+00
      2239  -5.22127889495E-01   9.80635035037E-02   5.00000000000E+00
      2240   5.55182770171E-01   1.45826158235E-01   5.00000000000E+00
      2241   5.24148884471E-01   1.25399396926E-01   5.00000000000E+00
      2242   5.93046131821E-01   1.73358940296E-01   5.00000000000E+00
      2243   5.35141378993E-01   1.89780364821E-01   5.00000000000E+00
      2244   8.92505282872E+00   1.14648068219E-01   5.00000000000E+00
      2245   9.00026316848E+00   2.03195781291E-01   5.00000000000E+00
      2246   8.83885831974E+00   2.03750694946E-01   5.00000000000E+00
      2247   9.00170697163E+00   8.35411760953E-02   5.00000000000E+00
      2248   9.09797033282E+00   1.02760481651E-01   5.00000000000E+00
      2249   7.22060015016E+00   7.08825011048E-02   5.00000000000E+00
      2250   7.97331373667E+00   9.69107669245E-02   5.00000000000E+00
      2251   8.02880392465E+00   1.78326342811E-01   5.00000000000E+00
      2252   7.88425904656E+00   1.77255879352E-01   5.00000000000E+00
      2253   8.08020952480E+00   6.93961026238E-02   5.00000000000E+00
      2254   8.17647703932E+00   1.55720531338E-01   5.00000000000E+00
      2255   6.59831318863E+00   9.13003725239E-02   5.00000000000E+00
      2256   6.56108018602E+00   2.14956029923E-01   5.00000000000E+00
      2257   6.47140110348E+00   1.22184994742E-01   5.00000000000E+00
      2258   6.72311243182E+00   7.96416392991E-02   5.00000000000E+00
      2259   6.68819707196E+00   1.67503552751E-01   5.00000000000E+00
      2260   7.80091373892E+00   8.84692100691E-02   5.00000000000E+00
      2261   7.73593353207E+00   1.90953800505E-01   5.00000000000E+00
      2262   7.68017529083E+00   9.16274080910E-02   5.00000000000E+00
      2263   1.44997527287E+00   2.17622559959E-01   5.00000000000E+00
      2264   1.51841051603E+00   9.75603857606E-02   5.00000000000E+00
      2265   1.60158900398E+00   1.89598394840E-01   5.00000000000E+00
      2266   5.85971276504E+00   1.27510564632E-01   5.00000000000E+00
      2267   5.74842015061E+00   9.22776061020E-02   5.00000000000E+00
      2268   5.64528575802E+00   1.55847283920E-01   5.00000000000E+00
      2269   5.52199277345E+00   1.99916971150E-01   5.00000000000E+00
      2270   5.56076266120E+00   8.36138322282E-02   5.00000000000E+00
      2271   4.72721650329E+00   9.66525945995E-02   5.00000000000E+00
      2272   4.65895570001E+00   2.06608912832E-01   5.00000000000E+00
      2273   4.59955470283E+00   9.35803330045E-02   5.00000000000E+00
      2274   4.80382191715E+00   2.06402762125E-01   5.00000000000E+00
      2275   4.73048260853E+00   3.39851819828E-01   5.00000000000E+00
      2276   2.81507457066E+00   9.12098564125E-02   5.00000000000E+00
      2277   2.70839143050E+00   1.69309642550E-01   5.00000000000E+00
      2278   2.70516441076E+00   6.80687704265E-02   5.00000000000E+00
      2279   2.76036535126E+00   2.97933047721E-01   5.00000000000E+00
      2280   2.87128655102E+00   2.14551157921E-01   5.00000000000E+00
      2281   2.85381121701E+00   3.18267162465E-01   5.00000000000E+00
      2282   5.28212105016E+00   2.47982175092E-01   5.00000000000E+00
      2283   5.29765121056E+00   1.20067776437E-01   5.00000000000E+00
      2284   5.39365137619E+00   2.23065939715E-01   5.00000000000E+00
      2285   5.16700224432E+00   8.69988798487E-02   5.00000000000E+00
      2286   5.17911509976E+00   2.00653238549E-01   5.00000000000E+00
      2287   5.06870960831E+00   1.48047630809E-01   5.00000000000E+00
      2288   4.39325381010E+00   1.42799410959E-01   5.00000000000E+00
      2289   4.52134887448E+00   1.84640424899E-01   5.00000000000E+00
      2290   4.41554133369E+00   2.89973437902E-01   5.00000000000E+00
      2291   4.49263412731E+00   8.04300346265E-02   5.00000000000E+00
      2292   7.58153541084E+00   7.56468290541E-02   5.00000000000E+00
      2293   7.49808978687E+00   1.15228444649E-01   5.00000000000E+00
      2294   7.64772963180E+00   2.80411033965E-01   5.00000000000E+00
      2295   7.60623276012E+00   1.70209756172E-01   5.00000000000E+00
      2296   8.75426874220E+00   9.82631313312E-02   5.00000000000E+00
      2297   8.68301090473E+00   2.12814782417E-01   5.00000000000E+00
      2298   8.62952092085E+00   9.88228881079E-02   5.00000000000E+00
      2299   9.14279678184E+00   2.21233526980E-01   5.00000000000E+00
      2300   3.25604615289E+00   1.93393398077E-01   5.00000000000E+00
      2301   3.41263616666E+00   2.11020875218E-01   5.00000000000E+00
      2302   3.32152870094E+00   3.35304234742E-01   5.00000000000E+00
      2303   3.34512444904E+00   8.32531334339E-02   5.00000000000E+00
      2304   1.07851942334E+00   1.36929273988E-01   5.00000000000E+00
      2305   1.00298587253E+00   2.23989247086E-01   5.00000000000E+00
      2306   9.69334555573E-01   1.56496984741E-01   5.00000000000E+00
      2307   1.10813981109E+00   2.52874279194E-01   5.00000000000E+00
      2308   1.19817784479E+00   2.69278214797E-01   5.00000000000E+00
      2309   1.17560993686E+00   3.81570857916E-01   5.00000000000E+00
      2310   2.34143621677E+00   1.64233732548E-01   5.00000000000E+00
      2311   2.46205899987E+00   9.68288750154E-02   5.00000000000E+00
      2312   2.46415802820E+00   2.23433077668E-01   5.00000000000E+00
      2313   2.21276507940E+00   2.04792189450E-01   5.00000000000E+00
      2314   2.23988134114E+00   8.79249590033E-02   5.00000000000E+00
      2315   8.66542282464E-01   2.38381294883E-01   5.00000000000E+00
      2316   1.29568452303E+00   2.63979678768E-01   5.00000000000E+00
      2317   1.20552973767E+00   1.69880093989E-01   5.00000000000E+00
      2318   1.40351423165E+00   4.19318545696E-01   5.00000000000E+00
      2319   6.27028044327E+00   1.25157984927E-01   5.00000000000E+00
      2320   6.13869881968E+00   9.80769071419E-02   5.00000000000E+00
      2321   6.07431231275E+00   1.53108962261E-01   5.00000000000E+00
      2322   6.05013673549E+00   7.62383687908E-02   5.00000000000E+00
      2323   3.66727077677E+00   1.70122053682E-01   5.00000000000E+00
      2324   3.75176218513E+00   9.50480159541E-02   5.00000000000E+00
      2325   3.78491347500E+00   2.14370422808E-01   5.00000000000E+00
      2326   3.91385543772E+00   2.22737714010E-01   5.00000000000E+00
      2327   3.86398816905E+00   1.12601690646E-01   5.00000000000E+00
      2328   3.96503176524E+00   1.21740102621E-01   5.00000000000E+00
      2329   1.84562465103E+00   3.39418518898E-01   5.00000000000E+00
      2330   1.72530905377E+00   2.71158753529E-01   5.00000000000E+00
      2331   1.84387382973E+00   2.02871159873E-01   5.00000000000E+00
      2332   1.80004684221E+00   9.61097659397E-02   5.00000000000E+00
      2333   1.88834728002E+00   9.41403271662E-02   5.00000000000E+00
      2334   6.67773962895E+00   2.91198449107E-01   5.00000000000E+00
      2335   6.66969186153E+00   4.01197305678E-01   5.00000000000E+00
      2336   6.51234140204E+00   3.82377668012E-01   5.00000000000E+00
      2337   6.81022280817E+00   2.06639076638E-01   5.00000000000E+00
      2338   1.98707699126E+00   7.51872351927E-02   5.00000000000E+00
      2339   1.75134680608E+00   5.62892724638E-02   5.00000000000E+00
      2340   5.62895647952E+00   2.91467842293E-01   5.00000000000E+00
      2341   5.77618935271E+00   3.76206180201E-01   5.00000000000E+00
      2342   5.60096022692E+00   4.75948590120E-01   5.00000000000E+00
      2343   9.67239510818E+00   4.27212986539E-01   5.00000000000E+00
      2344   9.57287390144E+00   2.56232031736E-01   5.00000000000E+00
      2345   9.69390785262E+00   2.37724709325E-01   5.00000000000E+00
      2346   9.58813188478E+00   7.27996216060E-02   5.00000000000E+00
      2347   9.54982659037E+00   1.49615346351E-01   5.00000000000E+00
      2348   9.48708832762E+00   8.27023598499E-02   5.00000000000E+00
      2349   6.44682181459E+00   2.37515101456E-01   5.00000000000E+00
      2350   6.32133128143E+00   2.93238393868E-01   5.00000000000E+00
      2351   1.58207715470E+00   3.41168023168E-01   5.00000000000E+00
      2352   8.53837492538E+00   1.97698792092E-01   5.00000000000E+00
      2353   8.47044755821E+00   3.02063919800E-01   5.00000000000E+00
      2354   8.41129637287E+00   2.09476165231E-01   5.00000000000E+00
      2355   8.59607143427E+00   3.40977471094E-01   5.00000000000E+00
      2356   4.57130959379E+00   3.18525542537E-01   5.00000000000E+00
      2357   4.47313622328E+00   4.54128540351E-01   5.00000000000E+00
      2358   7.19815528886E+00   1.61614706235E-01   5.00000000000E+00
      2359   7.13355597788E+00   7.31956270158E-02   5.00000000000E+00
      2360   7.05289693998E+00   1.37986354248E-01   5.00000000000E+00
      2361   6.96182330722E+00   2.62101675159E-01   5.00000000000E+00
      2362   6.92615735448E+00   1.25595976376E-01   5.00000000000E+00
      2363   2.96028794692E+00   3.25477938627E-01   5.00000000000E+00
      2364   2.82164366237E+00   4.40888561781E-01   5.00000000000E+00
      2365   5.33377754509E+00   3.42162466412E-01   5.00000000000E+00
      2366   5.20488795404E+00   3.45101002155E-01   5.00000000000E+00
      2367   5.46665433217E+00   3.45517606186E-01   5.00000000000E+00
      2368   5.32157301291E+00   5.49145608910E-01   5.00000000000E+00
      2369   7.12858283919E+00   2.80606901861E-01   5.00000000000E+00
      2370   7.29590987980E+00   2.88341983515E-01   5.00000000000E+00
      2371   7.03115962412E+00   4.29253842050E-01   5.00000000000E+00
      2372   2.08525631015E+00   2.46307473938E-01   5.00000000000E+00
      2373   2.18097906941E+00   3.18330851010E-01   5.00000000000E+00
      2374   2.07694281082E+00   3.69255390570E-01   5.00000000000E+00
      2375   2.32715790234E+00   3.11095693931E-01   5.00000000000E+00
      2376   2.20563946785E+00   4.87621929512E-01   5.00000000000E+00
      2377   8.09510734977E+00   3.00751179682E-01   5.00000000000E+00
      2378   7.95684193205E+00   2.82727705082E-01   5.00000000000E+00
      2379   6.81716071568E+00   3.94402744224E-01   5.00000000000E+00
      2380   9.06683722030E+00   3.34026405186E-01   5.00000000000E+00
      2381   9.06551185053E+00   5.00486589692E-01   5.00000000000E+00
      2382   8.90105745272E+00   3.84491387185E-01   5.00000000000E+00
      2383   1.71735168305E+00   1.27854182738E-01   5.00000000000E+00
      2384   1.58420063708E+00   5.08546162543E-01   5.00000000000E+00
      2385   3.40618872461E+00   5.12903298767E-01   5.00000000000E+00
      2386   3.22955045772E+00   4.59524461801E-01   5.00000000000E+00
      2387   7.79832583029E+00   3.32862284886E-01   5.00000000000E+00
      2388   7.97546759064E+00   4.30500660410E-01   5.00000000000E+00
      2389   4.28576796097E+00   8.40339849136E-02   5.00000000000E+00
      2390   4.17608544452E+00   1.20121144320E-01   5.00000000000E+00
      2391   4.06652687950E+00   1.94009997265E-01   5.00000000000E+00
      2392   4.10403651980E+00   7.74933771037E-02   5.00000000000E+00
      2393   4.63136754366E+00   4.52420530863E-01   5.00000000000E+00
      2394   8.36804195820E+00   1.14885035003E-01   5.00000000000E+00
      2395   8.30132336454E+00   1.93915003169E-01   5.00000000000E+00
      2396   8.20760003138E+00   4.71053787386E-01   5.00000000000E+00
      2397   8.22545358059E+00   2.86178051065E-01   5.00000000000E+00
      2398   6.15621342657E+00   2.33956126872E-01   5.00000000000E+00
      2399   6.05074457128E+00   3.50444234713E-01   5.00000000000E+00
      2400   6.18692239882E+00   3.90538171099E-01   5.00000000000E+00
      2401   6.07423442035E+00   5.62466051773E-01   5.00000000000E+00
      2402   3.66831800835E+00   3.04946642295E-01   5.00000000000E+00
      2403   3.82729578409E+00   3.56340998518E-01   5.00000000000E+00
      2404   3.66274589434E+00   5.12448029043E-01   5.00000000000E+00
      2405   3.05355523233E+00   4.84976603636E-01   5.00000000000E+00
      2406   9.26414258232E+00   6.25059324707E-01   5.00000000000E+00
      2407   9.22455684793E+00   3.60724740784E-01   5.00000000000E+00
      2408   9.43334721145E+00   3.95935722633E-01   5.00000000000E+00
      2409   9.33431448449E+00   2.60274980770E-01   5.00000000000E+00
      2410   9.44219869599E+00   1.92721700125E-01   5.00000000000E+00
      2411   1.73248882673E+00   4.44038253807E-01   5.00000000000E+00
      2412   1.96256322499E+00   3.03670563799E-01   5.00000000000E+00
      2413   1.94577295077E+00   4.95812505913E-01   5.00000000000E+00
      2414   8.89799332903E+00   5.80896686168E-01   5.00000000000E+00
      2415   8.67439701967E+00   5.50650164114E-01   5.00000000000E+00
      2416   6.66746980000E+00   5.44852530652E-01   5.00000000000E+00
      2417   6.89541426077E+00   6.30617438990E-01   5.00000000000E+00
      2418   6.61805987462E+00   8.76256996836E-01   5.00000000000E+00
      2419   9.52052130174E+00   6.56430437780E-01   5.00000000000E+00
      2420   9.83062144259E+00   2.54630773856E-01   5.00000000000E+00
      2421   4.57951055177E+00   6.33281366406E-01   5.00000000000E+00
      2422   1.47250997649E+00   6.21878537399E-01   5.00000000000E+00
      2423   1.71476892428E+00   7.15288267324E-01   5.00000000000E+00
      2424   3.50524802010E+00   3.45795733101E-01   5.00000000000E+00
      2425   3.13495323172E+00   3.05614083360E-01   5.00000000000E+00
      2426   7.20636369729E+00   4.15716094233E-01   5.00000000000E+00
      2427   7.15882177099E+00   6.09047677714E-01   5.00000000000E+00
      2428   8.45059556488E+00   4.45998624799E-01   5.00000000000E+00
      2429   3.22520808016E+00   6.93325524081E-01   5.00000000000E+00
      2430   3.78268602881E+00   8.04540559628E-01   5.00000000000E+00
      2431   3.43517522042E+00   1.06504611746E+00   5.00000000000E+00
      2432   3.50226631847E+00   7.15310722621E-01   5.00000000000E+00
      2433   3.95040544336E+00   5.30153323563E-01   5.00000000000E+00
      2434   7.35369786457E+00   7.46208406319E-01   5.00000000000E+00
      2435   7.05415060727E+00   9.61138846884E-01   5.00000000000E+00
      2436   5.03739837890E+00   7.29164485260E-01   5.00000000000E+00
      2437   4.77143770685E+00   7.99578735855E-01   5.00000000000E+00
      2438   4.81360599467E+00   5.32202107710E-01   5.00000000000E+00
      2439   5.28427315294E+00   8.67203157119E-01   5.00000000000E+00
      2440   4.96115303084E+00   1.16049003101E+00   5.00000000000E+00
      2441   9.03561273621E+00   7.49456912215E-01   5.00000000000E+00
      2442   9.29878845452E+00   1.07340701720E+00   5.00000000000E+00
      2443   8.81292797713E+00   7.46509902685E-01   5.00000000000E+00
      2444   7.21246229413E+00   1.39518538243E+00   5.00000000000E+00
      2445   6.59977244121E+00   1.53692755171E+00   5.00000000000E+00
      2446   7.54017407477E+00   1.00692203133E+00   5.00000000000E+00
      2447  -7.83274591023E+00   8.86495211312E-01   5.00000000000E+00
      2448  -7.43300306214E+00   1.09121966309E+00   5.00000000000E+00
      2449  -7.97417453517E+00   1.44906799214E+00   5.00000000000E+00
      2450  -7.55529410944E+00   6.23800712704E-01   5.00000000000E+00
      2451  -2.28563410643E+00   5.21309904008E+00   5.00000000000E+00
      2452  -1.62311192864E+00   5.40659651710E+00   5.00000000000E+00
      2453  -2.08656567144E+00   5.90151119903E+00   5.00000000000E+00
      2454   2.60323224058E+00   6.20538190535E+00   5.00000000000E+00
      2455   3.15631960863E+00   6.26068271650E+00   5.00000000000E+00
      2456   2.97240778340E+00   6.83169249479E+00   5.00000000000E+00
      2457   2.35922058775E+00   5.61326984083E+00   5.00000000000E+00
      2458   2.97540343889E+00   5.73888351556E+00   5.00000000000E+00
      2459   3.58921859907E+00   5.89638340414E+00   5.00000000000E+00
      2460   4.22785101270E+00   6.06927449059E+00   5.00000000000E+00
      2461   3.74135919959E+00   6.59074149678E+00   5.00000000000E+00
      2462   3.39130890054E+00   5.28990489550E+00   5.00000000000E+00
      2463   4.04306943407E+00   5.42881330993E+00   5.00000000000E+00
      2464   8.77492481389E+00   3.65259368303E+00   5.00000000000E+00
      2465   8.66347418295E+00   2.94590879844E+00   5.00000000000E+00
      2466   8.22200846757E+00   4.07188335885E+00   5.00000000000E+00
      2467   8.09832391462E+00   3.42082078338E+00   5.00000000000E+00
      2468  -4.07704545024E+00   3.49870345707E+00   5.00000000000E+00
      2469  -3.50336320573E+00   3.87650217042E+00   5.00000000000E+00
      2470  -4.03153674474E+00   4.29764178850E+00   5.00000000000E+00
      2471  -4.12821609722E+00   2.88166503469E+00   5.00000000000E+00
      2472  -3.41756602067E+00   3.01324177795E+00   5.00000000000E+00
      2473   6.94483439246E+00   5.84507168347E+00   5.00000000000E+00
      2474   6.37863600173E+00   5.47170039392E+00   5.00000000000E+00
      2475   6.91681514401E+00   5.05398602806E+00   5.00000000000E+00
      2476   6.88563913757E+00   6.49571891827E+00   5.00000000000E+00
      2477   6.36492927724E+00   6.14247767062E+00   5.00000000000E+00
      2478  -2.00763332074E+00   4.16789702435E+00   5.00000000000E+00
      2479  -1.37186415574E+00   4.17302715230E+00   5.00000000000E+00
      2480  -1.84326698741E+00   4.71583021196E+00   5.00000000000E+00
      2481  -2.48283763870E+00   3.77871670468E+00   5.00000000000E+00
      2482  -1.80382600305E+00   3.60535536578E+00   5.00000000000E+00
      2483   4.71903184537E+00   5.65695392010E+00   5.00000000000E+00
      2484   3.83526282928E+00   4.77116298818E+00   5.00000000000E+00
      2485   4.64406870019E+00   4.89505022004E+00   5.00000000000E+00
      2486  -8.72958144268E+00   1.24764005023E+00   5.00000000000E+00
      2487  -9.38422050292E+00   1.11171496859E+00   5.00000000000E+00
      2488  -9.09165587347E+00   7.83318804255E-01   5.00000000000E+00
      2489  -8.72088291270E+00   6.54406233166E-01   5.00000000000E+00
      2490  -8.25657228080E+00   8.45491859029E-01   5.00000000000E+00
      2491   2.26924920076E+00   7.83420496064E+00   5.00000000000E+00
      2492   1.52557134797E+00   7.80466721198E+00   5.00000000000E+00
      2493   1.90319466490E+00   7.23864970977E+00   5.00000000000E+00
      2494   1.78900335190E+00   8.27988875744E+00   5.00000000000E+00
      2495   2.34885581505E+00   8.61237772620E+00   5.00000000000E+00
      2496  -3.01971107050E+00   7.64943297424E+00   5.00000000000E+00
      2497  -3.74605231837E+00   7.81703334881E+00   5.00000000000E+00
      2498  -3.58510897566E+00   7.27001493785E+00   5.00000000000E+00
      2499  -3.12805401057E+00   6.87234162214E+00   5.00000000000E+00
      2500  -8.32691891822E+00   2.70790107531E+00   5.00000000000E+00
      2501  -7.82623042413E+00   2.19867119679E+00   5.00000000000E+00
      2502  -7.65762460023E+00   2.83203902993E+00   5.00000000000E+00
      2503  -8.12600440815E+00   3.35536744511E+00   5.00000000000E+00
      2504   6.40067495341E+00   6.82251438675E+00   5.00000000000E+00
      2505   5.83252815387E+00   6.44634136200E+00   5.00000000000E+00
      2506  -6.71541200873E+00   3.51010932876E+00   5.00000000000E+00
      2507  -7.20477258490E+00   4.19004515120E+00   5.00000000000E+00
      2508  -7.43917681150E+00   3.46275096032E+00   5.00000000000E+00
      2509  -6.14377429650E-01   1.74689853729E-01   5.00000000000E+00
      2510  -6.14219627479E-01   2.45365005395E-01   5.00000000000E+00
      2511  -7.32243798682E-01   1.96408107299E-01   5.00000000000E+00
      2512  -6.56365687809E-01   9.58963150576E-02   5.00000000000E+00
      2513  -8.53209126938E-01   3.51044823682E-01   5.00000000000E+00
      2514   6.30734876909E-01   5.69010948561E-01   5.00000000000E+00
      2515   5.09643959430E-01   5.20499389532E-01   5.00000000000E+00
      2516   5.63044509079E-01   4.72008731930E-01   5.00000000000E+00
      2517   6.39522249497E-01   4.36818574375E-01   5.00000000000E+00
      2518   7.71049861621E-01   4.91804147845E-01   5.00000000000E+00
      2519   4.88555274119E-01   2.12602995704E-01   5.00000000000E+00
      2520   5.20891167687E-01   2.41590177549E-01   5.00000000000E+00
      2521   9.21517699995E+00   1.14066276071E-01   5.00000000000E+00
      2522   9.31980856544E+00   1.43345167758E-01   5.00000000000E+00
      2523   8.85318568376E+00   8.27526887624E-02   5.00000000000E+00
      2524   8.27830343445E+00   8.90999265046E-02   5.00000000000E+00
      2525   7.89987384231E+00   7.30760913721E-02   5.00000000000E+00
      2526   6.82265546515E+00   8.92718328130E-02   5.00000000000E+00
      2527   6.37317732934E+00   8.44322800808E-02   5.00000000000E+00
      2528   5.90935474847E+00   6.39328030973E-02   5.00000000000E+00
      2529   5.97539386677E+00   1.29686224921E-01   5.00000000000E+00
      2530   4.94914988811E+00   1.89532718403E-01   5.00000000000E+00
      2531   4.97513778674E+00   8.28332191174E-02   5.00000000000E+00
      2532   3.49122824337E+00   9.99778009211E-02   5.00000000000E+00
      2533   3.59315822874E+00   1.10338946845E-01   5.00000000000E+00
      2534   2.97435503167E+00   9.53295675781E-02   5.00000000000E+00
      2535   3.12011214308E+00   1.48969754917E-01   5.00000000000E+00
      2536   1.61641034347E+00   8.22264638864E-02   5.00000000000E+00
      2537   1.16835577369E+00   7.50420972553E-02   5.00000000000E+00
      2538   1.24970546133E+00   7.54089830731E-02   5.00000000000E+00
      2539   9.74986351776E+00   1.14823246618E-01   5.00000000000E+00
      2540   9.24835097640E+00   2.19262742032E-01   5.00000000000E+00
      2541   8.42759012845E+00   6.79923537793E-02   5.00000000000E+00
      2542   8.51568044253E+00   8.42786133871E-02   5.00000000000E+00
      2543   7.43870637928E+00   5.87433156498E-02   5.00000000000E+00
      2544   7.35253948406E+00   1.19602172273E-01   5.00000000000E+00
      2545   6.98070107361E+00   6.58955826560E-02   5.00000000000E+00
      2546   6.51315152714E+00   5.48163909524E-02   5.00000000000E+00
      2547   6.37428848107E+00   1.70656506223E-01   5.00000000000E+00
      2548   5.65688501899E+00   6.42976367734E-02   5.00000000000E+00
      2549   5.07189335349E+00   6.35429298624E-02   5.00000000000E+00
      2550   4.85482387056E+00   9.58760356302E-02   5.00000000000E+00
      2551   4.03139762613E+00   7.71207520493E-02   5.00000000000E+00
      2552   3.66315068995E+00   7.31939285885E-02   5.00000000000E+00
      2553   3.55664143361E+00   2.08400951035E-01   5.00000000000E+00
      2554   3.21194506045E+00   8.33261474320E-02   5.00000000000E+00
      2555   3.01795571058E+00   2.19013200902E-01   5.00000000000E+00
      2556   2.34464465830E+00   6.87095492490E-02   5.00000000000E+00
      2557   1.97715841858E+00   1.74646878063E-01   5.00000000000E+00
      2558   1.32505536259E+00   1.35861577497E-01   5.00000000000E+00
      2559   6.60782640246E-01   1.42237174220E-01   5.00000000000E+00
      2560   6.13106089138E-01   8.30372324395E-02   5.00000000000E+00
      2561   6.81286254244E-01   6.73129457801E-02   5.00000000000E+00
      2562   2.07197030644E-01   8.62042080429E-01   5.00000000000E+00
      2563   1.27823659485E-01   9.94429196686E-01   5.00000000000E+00
      2564   6.03983934198E-02   8.69826085666E-01   5.00000000000E+00
      2565  -9.52741484298E+00   4.98871740185E-01   5.00000000000E+00
      2566   5.55211246002E-01   5.36921321307E-02   5.00000000000E+00
      2567  -5.17121911641E-01   1.41521912077E-01   5.00000000000E+00
      2568  -5.67871615295E-01   1.27693979395E-01   5.00000000000E+00
      2569   7.76292541836E-01   1.11290322241E-01   5.00000000000E+00
      2570  -9.11397105104E+00   3.60949386593E-01   5.00000000000E+00
      2571  -8.76440635904E+00   2.81652819783E-01   5.00000000000E+00
      2572  -8.39043968674E+00   3.76907568214E-01   5.00000000000E+00
      2573  -5.23053853489E-01   3.32631881171E-01   5.00000000000E+00
      2574  -5.04179686258E-01   3.87467313356E-01   5.00000000000E+00
      2575  -5.69894903070E-01   3.85918640590E-01   5.00000000000E+00
      2576   5.22215334265E-01   8.79613340834E-02   5.00000000000E+00
      2577   5.60662863007E-01   1.02251828998E-01   5.00000000000E+00
      2578   8.66812794353E+00   1.38955333769E+00   5.00000000000E+00
      2579   8.87431222371E+00   9.70381952837E-01   5.00000000000E+00
      2580   9.38985721897E+00   8.00973118431E-02   5.00000000000E+00
      2581   9.18597383842E+00   1.85755091586E+00   5.00000000000E+00
      2582  -7.71871364013E+00   2.86904830695E-01   5.00000000000E+00
      2583  -7.34353732005E+00   3.18292497168E-01   5.00000000000E+00
      2584  -7.96973677114E+00   4.92430943605E-01   5.00000000000E+00
      2585  -6.90932492215E+00   3.26626891569E-01   5.00000000000E+00
      2586  -7.12231548183E+00   6.92124870490E-01   5.00000000000E+00
      2587  -6.52905541038E+00   3.04398443235E-01   5.00000000000E+00
      2588  -9.20022364715E+00   1.83361392060E+00   5.00000000000E+00
      2589  -8.51158245272E+00   2.01678803408E+00   5.00000000000E+00
      2590  -9.01340331706E+00   2.53647097375E+00   5.00000000000E+00
      2591  -6.89848342017E+00   1.16878255361E+00   5.00000000000E+00
      2592  -4.50478891356E+00   4.49951956106E-01   5.00000000000E+00
      2593  -4.97316007647E+00   2.69147540580E-01   5.00000000000E+00
      2594  -6.25197007031E+00   2.84005359875E+00   5.00000000000E+00
      2595  -6.03932465298E+00   3.53307640225E+00   5.00000000000E+00
      2596  -5.85840622361E+00   9.62150341094E-01   5.00000000000E+00
      2597  -5.36283279606E+00   7.84162980129E-01   5.00000000000E+00
      2598  -5.39646302597E+00   1.33650955297E+00   5.00000000000E+00
      2599  -8.38787511734E+00   4.45692571978E+00   5.00000000000E+00
      2600  -7.85041725438E+00   4.67377117371E+00   5.00000000000E+00
      2601  -4.99128963456E+00   5.61808094720E-01   5.00000000000E+00
      2602  -5.34472183425E+00   3.33977652072E-01   5.00000000000E+00
      2603  -3.85678676434E+00   2.36810343114E+00   5.00000000000E+00
      2604  -3.17895227432E+00   2.16215274476E+00   5.00000000000E+00
      2605  -7.94983844350E+00   3.99692151356E+00   5.00000000000E+00
      2606  -2.24253898181E+00   3.22194646479E-01   5.00000000000E+00
      2607  -2.68352679346E+00   4.36589693399E-01   5.00000000000E+00
      2608  -6.71503070956E+00   4.72655125218E+00   5.00000000000E+00
      2609  -6.98341879224E+00   5.34105889675E+00   5.00000000000E+00
      2610  -7.29662608749E+00   4.84935644325E+00   5.00000000000E+00
      2611  -3.48584434338E+00   6.89912386567E-01   5.00000000000E+00
      2612  -3.81350553972E+00   1.06127080425E+00   5.00000000000E+00
      2613  -3.94504838027E+00   6.22037572661E-01   5.00000000000E+00
      2614  -6.45866917728E+00   6.82327295399E+00   5.00000000000E+00
      2615  -5.76617614304E+00   7.27352281696E+00   5.00000000000E+00
      2616  -4.91632924192E+00   7.25870177785E+00   5.00000000000E+00
      2617  -5.15991579378E+00   7.89862914287E+00   5.00000000000E+00
      2618  -1.67081185037E+00   8.07617852680E-01   5.00000000000E+00
      2619  -1.58738765858E+00   3.57449479591E-01   5.00000000000E+00
      2620  -1.33895994761E+00   5.79168773630E-01   5.00000000000E+00
      2621   1.16444377893E+00   1.16270642235E+00   5.00000000000E+00
      2622   1.05959757188E+00   8.02765000366E-01   5.00000000000E+00
      2623   1.41065007608E+00   8.60778045742E-01   5.00000000000E+00
      2624   1.76212849590E+00   1.26705621904E+00   5.00000000000E+00
      2625   1.19840205094E+00   1.68849998185E+00   5.00000000000E+00
      2626   7.18399036793E-01   1.40812933071E+00   5.00000000000E+00
      2627   8.74097108596E+00   3.37375716932E-01   5.00000000000E+00
      2628   9.11787498359E+00   2.48616859271E+00   5.00000000000E+00
      2629   8.34451419957E+00   3.15507575480E-01   5.00000000000E+00
      2630   8.51802025909E+00   2.17004200509E+00   5.00000000000E+00
      2631   7.39061357450E+00   4.86824285178E-01   5.00000000000E+00
      2632   7.57310230974E+00   6.64646488706E-01   5.00000000000E+00
      2633   6.46006099366E+00   4.34900488228E+00   5.00000000000E+00
      2634   7.22643410730E+00   4.36252002572E+00   5.00000000000E+00
      2635   7.49300294839E+00   2.53759528444E+00   5.00000000000E+00
      2636   7.20022892111E+00   2.01566381950E+00   5.00000000000E+00
      2637   7.83951739414E+00   2.12315285254E+00   5.00000000000E+00
      2638   7.52541347461E+00   5.56029472037E+00   5.00000000000E+00
      2639   7.99801323964E+00   5.23689591066E+00   5.00000000000E+00
      2640   5.49049251301E+00   1.12624493358E+00   5.00000000000E+00
      2641   5.81626719208E+00   5.84351301549E-01   5.00000000000E+00
      2642   4.91645769154E+00   4.17398778379E+00   5.00000000000E+00
      2643   4.23874621554E+00   4.20323620973E+00   5.00000000000E+00
      2644   4.54159456089E+00   3.72685118177E+00   5.00000000000E+00
      2645   5.21119625880E+00   2.88803604767E+00   5.00000000000E+00
      2646   5.07355203303E+00   3.55352713112E+00   5.00000000000E+00
      2647   4.56666866730E+00   3.17309440803E+00   5.00000000000E+00
      2648   5.88216345555E+00   7.18979782618E+00   5.00000000000E+00
      2649   5.05734488891E+00   4.57488056944E-01   5.00000000000E+00
      2650   4.02305996050E+00   1.22392843746E+00   5.00000000000E+00
      2651   4.46490773104E+00   9.52956987537E-01   5.00000000000E+00
      2652   4.50271544797E+00   1.37736206784E+00   5.00000000000E+00
      2653   5.11162692034E+00   7.86028184894E+00   5.00000000000E+00
      2654   5.39895298472E+00   7.41679721509E+00   5.00000000000E+00
      2655   4.24284586234E+00   2.45068362318E-01   5.00000000000E+00
      2656   4.10558437584E+00   3.65124667736E-01   5.00000000000E+00
      2657   5.29018799423E+00   6.02060145179E+00   5.00000000000E+00
      2658   4.78292756375E+00   6.20505341707E+00   5.00000000000E+00
      2659   5.22072888440E+00   6.72253207339E+00   5.00000000000E+00
      2660   2.40930826387E+00   4.53796103509E-01   5.00000000000E+00
      2661   2.48125334490E+00   3.45748955720E-01   5.00000000000E+00
      2662   3.86884994312E+00   8.63181076509E+00   5.00000000000E+00
      2663   2.94042700237E+00   6.72056877858E-01   5.00000000000E+00
      2664   2.71030629104E+00   6.25027023933E-01   5.00000000000E+00
      2665   2.69691288594E+00   3.69810378249E-01   5.00000000000E+00
      2666  -3.89384364009E-01   3.55726301925E-01   5.00000000000E+00
      2667  -4.06491655832E-01   3.23777206789E-01   5.00000000000E+00
      2668  -6.26483438143E-01   5.62287370042E-01   5.00000000000E+00
      2669  -5.35467363069E-01   5.20450311344E-01   5.00000000000E+00
      2670  -4.93604688951E-01   6.11082545010E-01   5.00000000000E+00
      2671  -4.55083490378E-01   4.09303008091E-01   5.00000000000E+00
      2672  -4.64676476947E-01   3.61568021426E-01   5.00000000000E+00
      2673  -4.18893781499E-01   3.79995993807E-01   5.00000000000E+00
      2674  -2.97142654391E-01   4.73020398876E-01   5.00000000000E+00
      2675  -3.08738982791E-01   4.34790998915E-01   5.00000000000E+00
      2676  -2.83633792539E-01   4.39888498325E-01   5.00000000000E+00
      2677   4.58784321036E-01   2.84028259462E-01   5.00000000000E+00
      2678   4.32967635566E-01   2.96487679671E-01   5.00000000000E+00
      2679   2.07480933462E+00   7.96049436243E-01   5.00000000000E+00
      2680   4.16322343804E-01   3.23892357242E-01   5.00000000000E+00
      2681   4.26988969380E-01   3.64760162889E-01   5.00000000000E+00
      2682   3.92880324204E-01   3.47698329964E-01   5.00000000000E+00
      2683   2.60193789625E+00   8.09205516620E-02   5.00000000000E+00
      2684   3.87492436551E-01   3.73076424097E-01   5.00000000000E+00
      2685  -2.57585583963E-01   4.60437349057E-01   5.00000000000E+00
      2686  -3.61242149857E-01   3.77155790287E-01   5.00000000000E+00
      2687  -2.22368639957E-01   4.78170277535E-01   5.00000000000E+00
      2688  -1.86438689708E-01   4.92015833947E-01   5.00000000000E+00
      2689  -1.81804886571E-01   6.10537311370E-01   5.00000000000E+00
      2690  -1.13678694313E-01   5.89192008100E-01   5.00000000000E+00
      2691  -1.17616636816E-01   6.57179150997E-01   5.00000000000E+00
      2692  -5.55980211318E-01   2.84332273999E-01   5.00000000000E+00
      2693  -6.05201751007E-01   3.20659075561E-01   5.00000000000E+00
      2694  -4.60924672731E-01   7.65223623222E-01   5.00000000000E+00
      2695  -3.60148602528E-01   6.38708482056E-01   5.00000000000E+00
      2696  -3.08511312920E-01   7.46558903811E-01   5.00000000000E+00
      2697  -2.26127823829E+00   7.89765876729E-01   5.00000000000E+00
      2698  -1.20478895132E+00   3.09658398517E-01   5.00000000000E+00
      2699  -1.04752074902E+00   5.84747865433E-01   5.00000000000E+00
      2700   2.60672586548E+00   9.15943264742E+00   5.00000000000E+00
      2701   3.61403812559E-01   3.94033302990E-01   5.00000000000E+00
      2702  -4.67870770011E+00   8.34592572637E+00   5.00000000000E+00
      2703  -5.39257313971E-02   6.15666792198E-01   5.00000000000E+00
      2704  -5.36721978320E-02   6.81413284579E-01   5.00000000000E+00
      2705  -3.97631511507E+00   8.49101224229E+00   5.00000000000E+00
      2706  -8.60147719461E-01   1.53114619500E+00   5.00000000000E+00
      2707  -9.34830264519E-01   1.12768222394E+00   5.00000000000E+00
      2708  -6.65720361200E-01   1.23243482459E+00   5.00000000000E+00
      2709   1.00442566195E+00   9.36834829569E+00   5.00000000000E+00
      2710   1.53303679522E+00   8.89357590526E+00   5.00000000000E+00
      2711   3.03248703159E-01   4.41535307922E-01   5.00000000000E+00
      2712   2.83059947405E-01   4.63097862053E-01   5.00000000000E+00
      2713   1.37869786358E-01   8.83086930406E+00   5.00000000000E+00
      2714   1.56527231930E-01   8.16253070317E+00   5.00000000000E+00
      2715   7.53154397665E-01   8.69858439113E+00   5.00000000000E+00
      2716   5.58841153783E-02   2.14051168754E+00   5.00000000000E+00
      2717   5.22587373355E-01   2.54850027801E+00   5.00000000000E+00
      2718  -3.30877770196E-02   2.83094135863E+00   5.00000000000E+00
      2719   3.78054486592E-01   9.37858825916E+00   5.00000000000E+00
      2720  -3.17922672836E-01   9.28789108198E+00   5.00000000000E+00
      2721   1.83992371314E+00   6.15326850470E+00   5.00000000000E+00
      2722   3.47044916683E-01   1.66569736294E+00   5.00000000000E+00
      2723   6.56785091626E-01   1.96372839298E+00   5.00000000000E+00
      2724  -2.64649969940E-01   7.48869312842E+00   5.00000000000E+00
      2725  -5.37352792773E-01   8.13544359302E+00   5.00000000000E+00
      2726   9.22514059609E-02   5.50434580418E-01   5.00000000000E+00
      2727   4.67949998181E-02   5.67838213557E-01   5.00000000000E+00
      2728   6.34198421332E-02   5.24844055547E-01   5.00000000000E+00
      2729  -2.13659740578E+00   8.54883734628E+00   5.00000000000E+00
      2730  -1.45973623631E+00   8.88082375491E+00   5.00000000000E+00
      2731  -2.03873560666E+00   9.19121491584E+00   5.00000000000E+00
      2732  -2.69854610227E+00   8.92583086808E+00   5.00000000000E+00
      2733  -3.34463682294E+00   8.91193660534E+00   5.00000000000E+00
      2734  -3.22585298376E+00   8.34094233577E+00   5.00000000000E+00
      2735  -2.65451981950E+00   8.25143498834E+00   5.00000000000E+00
      2736   1.30777237191E-01   5.70988298950E-01   5.00000000000E+00
      2737   1.32671665676E-01   6.33118917507E-01   5.00000000000E+00
      2738   8.79930874742E-02   5.99418823575E-01   5.00000000000E+00
      2739   4.09396111943E-01   7.40784537506E+00   5.00000000000E+00
      2740   6.38847568927E-01   6.78985864986E+00   5.00000000000E+00
      2741   1.14970322481E+00   7.19419766403E+00   5.00000000000E+00
      2742  -5.30890772749E+00   6.64984800377E+00   5.00000000000E+00
      2743  -4.53913220472E+00   6.54132337330E+00   5.00000000000E+00
      2744  -2.00481884739E+00   1.33136548743E+00   5.00000000000E+00
      2745  -2.47801730427E+00   1.87336001307E+00   5.00000000000E+00
      2746  -2.50426382490E+00   1.30438496188E+00   5.00000000000E+00
      2747  -5.61096306450E+00   6.05968475148E+00   5.00000000000E+00
      2748  -5.02977560667E+00   6.13533802346E+00   5.00000000000E+00
      2749  -6.44327727850E+00   5.94445665056E+00   5.00000000000E+00
      2750  -6.97211134170E+00   6.45568272101E+00   5.00000000000E+00
      2751   4.53329280219E+00   7.72837130048E+00   5.00000000000E+00
      2752   4.20337345812E+00   8.18201199430E+00   5.00000000000E+00
      2753   4.02859002237E+00   7.68477503040E+00   5.00000000000E+00
      2754  -7.84214162389E-01   8.74787376657E+00   5.00000000000E+00
      2755  -1.16183352295E+00   8.18724812701E+00   5.00000000000E+00
      2756   1.29698408272E+00   4.87685596504E+00   5.00000000000E+00
      2757   7.44372821758E-01   4.67927839048E+00   5.00000000000E+00
      2758   1.32636402336E+00   4.29873557923E+00   5.00000000000E+00
      2759   4.23104618533E+00   1.80749266872E+00   5.00000000000E+00
      2760   3.53398398476E+00   1.72638553966E+00   5.00000000000E+00
      2761   2.78251873479E+00   5.16878735167E+00   5.00000000000E+00
      2762  -6.36939654030E+00   5.21281039713E+00   5.00000000000E+00
      2763  -5.94249363272E+00   4.68542010868E+00   5.00000000000E+00
      2764  -5.78359448453E+00   5.38867369306E+00   5.00000000000E+00
      2765  -3.24990091871E+00   6.14206005858E+00   5.00000000000E+00
      2766  -3.78060192079E+00   6.69051799284E+00   5.00000000000E+00
      2767  -3.93453625797E+00   5.95242869154E+00   5.00000000000E+00
      2768  -2.19189153517E+00   7.79213141733E+00   5.00000000000E+00
      2769  -2.55275787467E+00   4.51360751255E+00   5.00000000000E+00
      2770  -3.02745633794E+00   3.60949606164E+00   5.00000000000E+00
      2771  -3.18862643143E+00   3.46149608147E-01   5.00000000000E+00
      2772  -3.64283652585E+00   3.17238606119E-01   5.00000000000E+00
      2773   9.55460938902E-01   5.36213741900E+00   5.00000000000E+00
      2774   1.65315324842E+00   5.37709624261E+00   5.00000000000E+00
      2775   2.06998548740E+00   9.23994249900E+00   5.00000000000E+00
      2776  -8.53026085129E-01   4.43983742198E+00   5.00000000000E+00
      2777  -3.15008629656E-01   4.30764319724E+00   5.00000000000E+00
      2778  -6.01648682271E-01   4.92613867523E+00   5.00000000000E+00
      2779   5.83717095681E+00   5.75462882545E+00   5.00000000000E+00
      2780   1.88301305405E+00   3.99130289805E+00   5.00000000000E+00
      2781   1.95948501098E+00   3.30072432226E+00   5.00000000000E+00
      2782   2.50563750838E+00   3.73334618278E+00   5.00000000000E+00
      2783   8.55739350533E-01   7.93637225159E+00   5.00000000000E+00
      2784  -2.75178113949E+00   5.67237718750E+00   5.00000000000E+00
      2785  -3.39673341372E+00   5.42796112364E+00   5.00000000000E+00
      2786  -4.17690881810E+00   7.24727724144E+00   5.00000000000E+00
      2787  -4.44237149789E+00   7.84309657994E+00   5.00000000000E+00
      2788   3.17738651017E+00   8.76449131457E+00   5.00000000000E+00
      2789  -7.29789029380E+00   5.90331705847E+00   5.00000000000E+00
      2790  -2.66763539044E+00   2.60965409859E+00   5.00000000000E+00
      2791   3.15313635077E+00   3.42815296065E+00   5.00000000000E+00
      2792   2.96664825068E+00   4.09724274219E+00   5.00000000000E+00
      2793   3.95737730791E+00   3.49056828458E+00   5.00000000000E+00
      2794  -4.49507610475E+00   2.42037157932E+00   5.00000000000E+00
      2795  -4.83518112298E+00   1.78258071412E+00   5.00000000000E+00
      2796  -4.23981569314E+00   1.93052135696E+00   5.00000000000E+00
      2797  -4.26377364844E+00   1.38137017317E+00   5.00000000000E+00
      2798  -4.80864853697E+00   1.02784239036E+00   5.00000000000E+00
      2799  -4.26050133301E+00   9.06196106497E-01   5.00000000000E+00
      2800  -1.18390198245E+00   3.43004311171E+00   5.00000000000E+00
      2801  -7.39804646410E-01   3.86852626763E+00   5.00000000000E+00
      2802   1.34948093551E-01   7.35733049604E-01   5.00000000000E+00
      2803   7.10033908556E-02   6.63674092591E-01   5.00000000000E+00
      2804  -1.56016482362E+00   2.90159798963E+00   5.00000000000E+00
      2805  -9.97583871251E-01   2.84214812059E+00   5.00000000000E+00
      2806  -1.93476520217E+00   4.48251852721E-01   5.00000000000E+00
      2807  -2.45700782719E+00   7.09661620145E+00   5.00000000000E+00
      2808  -1.97947046137E+00   6.65971891029E+00   5.00000000000E+00
      2809  -1.91425714848E+00   7.24806681326E+00   5.00000000000E+00
      2810  -1.55454892588E+00   7.66379403088E+00   5.00000000000E+00
      2811  -1.70092152522E+00   8.21456693528E+00   5.00000000000E+00
      2812   4.84697022646E-01   6.05585069107E+00   5.00000000000E+00
      2813   3.81447749249E-01   5.28897511395E+00   5.00000000000E+00
      2814  -2.60343661677E+00   6.36009546825E+00   5.00000000000E+00
      2815   5.63695188843E+00   4.61874123795E+00   5.00000000000E+00
      2816   5.92372451724E+00   4.01117510143E+00   5.00000000000E+00
      2817   7.36056211877E+00   3.16316953486E+00   5.00000000000E+00
      2818   6.54004416607E+00   3.11819141296E+00   5.00000000000E+00
      2819   7.01315514788E+00   2.64906229440E+00   5.00000000000E+00
      2820  -5.74946737165E+00   4.76318583932E-01   5.00000000000E+00
      2821  -8.58384080031E+00   3.88208785100E+00   5.00000000000E+00
      2822   7.76824018760E+00   4.37303158560E+00   5.00000000000E+00
      2823   7.60929245969E+00   3.83908249968E+00   5.00000000000E+00
      2824   2.24265771794E+00   6.71590672295E+00   5.00000000000E+00
      2825   1.64632673188E+00   6.74830418638E+00   5.00000000000E+00
      2826   2.94998027969E+00   7.56342677998E+00   5.00000000000E+00
      2827   2.46778966263E+00   7.21477849751E+00   5.00000000000E+00
      2828   2.94101933312E+00   2.00270512930E+00   5.00000000000E+00
      2829   2.92162708357E+00   1.34789297754E+00   5.00000000000E+00
      2830   4.16887986730E-01   6.46542887035E-01   5.00000000000E+00
      2831   4.63483491353E-01   7.45691684271E-01   5.00000000000E+00
      2832   3.50801100991E-01   6.97138071143E-01   5.00000000000E+00
      2833  -4.54971032557E-02   3.59098574381E+00   5.00000000000E+00
      2834   3.91581441501E-01   3.11087840231E+00   5.00000000000E+00
      2835   6.28359688596E-01   3.57179777044E+00   5.00000000000E+00
      2836   5.40556270197E+00   2.13073266274E+00   5.00000000000E+00
      2837   5.87112266953E+00   1.50102053833E+00   5.00000000000E+00
      2838   6.07119479954E+00   2.05804188118E+00   5.00000000000E+00
      2839   1.14453601826E+00   6.46887971627E+00   5.00000000000E+00
      2840   2.21814019262E+00   5.07410268188E+00   5.00000000000E+00
      2841   1.81572472328E+00   4.69661870064E+00   5.00000000000E+00
      2842   2.48008366888E+00   4.51474127363E+00   5.00000000000E+00
      2843   3.39800706152E+00   2.30948809904E+00   5.00000000000E+00
      2844   3.60453898570E+00   2.83465413796E+00   5.00000000000E+00
      2845   3.02368408801E+00   2.65379354057E+00   5.00000000000E+00
      2846   3.14923850761E+00   4.68034848887E+00   5.00000000000E+00
      2847  -9.79066979904E-01   9.35780968986E+00   5.00000000000E+00
      2848   1.30109824874E+00   3.56096886845E+00   5.00000000000E+00
      2849   3.28450191179E-01   4.15340396135E+00   5.00000000000E+00
      2850   5.44809844325E+00   3.94574056398E+00   5.00000000000E+00
      2851  -2.44911861910E-01   5.57521916548E+00   5.00000000000E+00
      2852  -7.03550915576E-01   6.07583883701E+00   5.00000000000E+00
      2853  -9.63266230657E-01   5.52184099989E+00   5.00000000000E+00
      2854  -1.38836699280E+00   7.02807350636E+00   5.00000000000E+00
      2855  -1.20087571505E+00   4.87896942763E+00   5.00000000000E+00
      2856  -4.74958453384E+00   3.11675175799E+00   5.00000000000E+00
      2857  -4.67764772871E+00   3.91983179831E+00   5.00000000000E+00
      2858  -2.00613166567E+00   2.40775326727E+00   5.00000000000E+00
      2859  -2.86902854761E+00   5.09256916609E+00   5.00000000000E+00
      2860  -7.23092568320E+00   1.77235883618E+00   5.00000000000E+00
      2861  -6.53893143936E+00   1.67856698922E+00   5.00000000000E+00
      2862  -6.73469825148E+00   2.28459690695E+00   5.00000000000E+00
      2863  -7.01338852161E+00   2.88816117760E+00   5.00000000000E+00
      2864  -8.80743051737E+00   3.23589923017E+00   5.00000000000E+00
      2865  -5.79740505126E+00   4.07651207674E+00   5.00000000000E+00
      2866  -6.43055216585E+00   4.11553889013E+00   5.00000000000E+00
      2867  -4.66799564340E+00   4.63883738255E+00   5.00000000000E+00
      2868  -5.26118113888E+00   4.31795260153E+00   5.00000000000E+00
      2869   5.75729657638E+00   3.41345280151E+00   5.00000000000E+00
      2870   6.92910041155E+00   3.75294754113E+00   5.00000000000E+00
      2871  -3.29948304554E+00   1.10082582478E+00   5.00000000000E+00
      2872  -3.67614971045E+00   1.66852494420E+00   5.00000000000E+00
      2873  -6.66681715932E+00   6.72362509385E-01   5.00000000000E+00
      2874   3.91039221672E+00   2.31497739011E+00   5.00000000000E+00
      2875   4.11423802587E+00   2.85853473219E+00   5.00000000000E+00
      2876  -1.05432428429E-01   5.42260721875E-01   5.00000000000E+00
      2877  -2.20915261357E+00   3.06223723679E+00   5.00000000000E+00
      2878  -2.74134490126E+00   3.21076868596E+00   5.00000000000E+00
      2879  -2.99807673252E+00   1.51413795058E+00   5.00000000000E+00
      2880  -3.35823620377E+00   4.63580096667E+00   5.00000000000E+00
      2881  -3.00328075579E+00   4.09437240465E+00   5.00000000000E+00
      2882  -7.05672531194E-01   6.80062674961E+00   5.00000000000E+00
      2883  -1.35906286087E+00   6.20832822402E+00   5.00000000000E+00
      2884   6.26557419835E+00   1.12390445496E+00   5.00000000000E+00
      2885   7.48612906647E+00   2.70183802829E-01   5.00000000000E+00
      2886   5.90282430082E+00   5.21378587069E+00   5.00000000000E+00
      2887   5.91285543533E+00   2.65094586239E+00   5.00000000000E+00
      2888  -5.33755088520E+00   3.66616290589E+00   5.00000000000E+00
      2889  -7.69430475059E+00   5.30637107625E+00   5.00000000000E+00
      2890   2.87528344730E+00   8.14942827463E+00   5.00000000000E+00
      2891   7.99342384808E+00   2.73223448677E+00   5.00000000000E+00
      2892   6.54283190252E+00   2.35109931048E+00   5.00000000000E+00
      2893   4.72263676504E+00   8.24142640583E+00   5.00000000000E+00
      2894   8.03388748773E-02   1.19137207244E+00   5.00000000000E+00
      2895  -4.14338073302E-02   1.55400364853E+00   5.00000000000E+00
      2896  -1.82123489220E-01   1.22132638075E+00   5.00000000000E+00
      2897   9.97526842950E-01   3.35368308965E-01   5.00000000000E+00
      2898   2.36884412073E+00   1.69924745240E+00   5.00000000000E+00
      2899  -2.49372769562E-01   8.63802635264E+00   5.00000000000E+00
      2900   1.29130104866E+00   8.32261770348E+00   5.00000000000E+00
      2901   2.37920385884E+00   1.12349226208E+00   5.00000000000E+00
      2902   1.51142405765E+00   2.81479956123E+00   5.00000000000E+00
      2903   1.09839305661E+00   2.33103171686E+00   5.00000000000E+00
      2904   1.77110052922E+00   2.11472537222E+00   5.00000000000E+00
      2905   9.31391402675E-01   2.97440237983E+00   5.00000000000E+00
      2906   2.43798542370E+00   2.33961275423E+00   5.00000000000E+00
      2907   2.03543121465E+00   2.69156945864E+00   5.00000000000E+00
      2908   8.17811247299E+00   4.71180081926E+00   5.00000000000E+00
      2909  -1.79196493540E+00   1.82639085267E+00   5.00000000000E+00
      2910  -5.52830819088E+00   1.92647560452E+00   5.00000000000E+00
      2911  -5.16087241696E+00   2.44260718102E+00   5.00000000000E+00
      2912   4.83448570942E+00   7.26735991517E+00   5.00000000000E+00
      2913   4.22452694799E+00   7.20901164144E+00   5.00000000000E+00
      2914   4.51778571690E+00   6.66716541171E+00   5.00000000000E+00
      2915  -9.36047343423E-01   7.56188637778E+00   5.00000000000E+00
      2916   6.26528754364E+00   4.93803652291E+00   5.00000000000E+00
      2917  -5.91360559587E+00   6.54787292456E+00   5.00000000000E+00
      2918  -5.55736577221E+00   3.01072902623E+00   5.00000000000E+00
      2919  -5.24029533868E+00   4.95990184999E+00   5.00000000000E+00
      2920  -4.72382494431E+00   5.19433386411E+00   5.00000000000E+00
      2921  -5.14252240829E+00   5.57336116927E+00   5.00000000000E+00
      2922  -1.95954221139E-01   7.03666550086E-01   5.00000000000E+00
      2923  -2.59788471264E-01   6.44217479451E-01   5.00000000000E+00
      2924  -5.16760827231E-01   1.88866933776E+00   5.00000000000E+00
      2925  -4.50398352694E-01   1.43304755368E+00   5.00000000000E+00
      2926   4.59455350627E+00   2.40918412307E+00   5.00000000000E+00
      2927   5.31212649814E+00   1.54107481763E+00   5.00000000000E+00
      2928   4.83341033215E+00   1.74194221446E+00   5.00000000000E+00
      2929   7.66913073986E+00   1.52788352349E+00   5.00000000000E+00
      2930   4.90041189002E+00   3.29801031833E-01   5.00000000000E+00
      2931   7.60535343044E+00   4.87987122452E+00   5.00000000000E+00
      2932  -6.21006913298E+00   5.36235189835E-01   5.00000000000E+00
      2933  -5.97806510813E+00   2.55439451293E-01   5.00000000000E+00
      2934  -6.37277051760E+00   1.10230926589E+00   5.00000000000E+00
      2935   5.34874056116E+00   5.33809911275E+00   5.00000000000E+00
      2936  -1.20043676560E+00   2.17895965178E+00   5.00000000000E+00
      2937   5.43664603361E+00   9.99893225603E-02   5.00000000000E+00
      2938  -5.44774979530E-01   2.51531465688E+00   5.00000000000E+00
      2939   3.53556849078E+00   8.03526764335E+00   5.00000000000E+00
      2940   6.48076524976E+00   6.13065936221E-01   5.00000000000E+00
      2941   5.92098218774E+00   9.15836728517E-01   5.00000000000E+00
      2942  -1.20663797142E+00   8.74670641306E-01   5.00000000000E+00
      2943  -3.65757763939E-01   9.03503487297E-01   5.00000000000E+00
      2944   1.47442012627E-01   5.04265026440E-01   5.00000000000E+00
      2945   1.25062024826E-01   5.26941854169E-01   5.00000000000E+00
      2946   8.15774962294E+00   1.65572505162E+00   5.00000000000E+00
      2947   8.10630950752E+00   1.03527587741E+00   5.00000000000E+00
      2948   8.00487743145E+00   6.58733331352E-01   5.00000000000E+00
      2949   7.80158027473E+00   7.83051502200E-01   5.00000000000E+00
      2950  -7.28144938739E+00   2.39941724092E+00   5.00000000000E+00
      2951   3.57958309329E+00   7.31518880896E+00   5.00000000000E+00
      2952  -4.16808719183E-01   1.12234277858E+00   5.00000000000E+00
      2953  -6.23071354937E-01   9.51088108747E-01   5.00000000000E+00
      2954  -2.80952888481E+00   9.79602951542E-01   5.00000000000E+00
      2955   2.10112925769E+00   1.07148970734E-01   5.00000000000E+00
      2956   7.17452843666E-01   2.22402828648E-01   5.00000000000E+00
      2957  -5.98540128528E+00   1.53584528760E+00   5.00000000000E+00
      2958  -4.04353476393E+00   2.77845626977E-01   5.00000000000E+00
      2959   4.12246333578E+00   7.80356727626E-01   5.00000000000E+00
      2960   5.58229043336E+00   7.56827021417E-01   5.00000000000E+00
      2961   6.27990682125E+00   7.66617800543E-01   5.00000000000E+00
      2962   3.06058215404E+00   9.26794136408E-01   5.00000000000E+00
      2963  -3.09392569347E+00   7.06781400658E-01   5.00000000000E+00
      2964   6.30928044748E+00   5.05989384342E-01   5.00000000000E+00
      2965   8.58323328393E+00   9.02819390619E-01   5.00000000000E+00
      2966  -1.38174514892E+00   1.37738717744E+00   5.00000000000E+00
      2967   6.03497143610E+00   2.26008664899E-01   5.00000000000E+00
      2968   1.24941601338E+00   6.05461665692E-01   5.00000000000E+00
      2969  -2.02333927022E-01   5.53528597635E-01   5.00000000000E+00
      2970  -2.35170241908E-01   5.86765185818E-01   5.00000000000E+00
      2971  -2.46809252724E-01   5.43264437762E-01   5.00000000000E+00
      2972   3.24062184758E-01   1.33290887931E+00   5.00000000000E+00
      2973   5.28408751464E-01   1.14011600608E+00   5.00000000000E+00
      2974   7.79419029750E+00   5.50077201933E-01   5.00000000000E+00
      2975   8.17014719240E+00   7.04650082043E-01   5.00000000000E+00
      2976   8.36972038638E+00   6.86859085313E-01   5.00000000000E+00
      2977   4.34484469858E+00   6.26859445093E-01   5.00000000000E+00
      2978   4.17408053240E+00   5.15552619792E-01   5.00000000000E+00
      2979   4.30736701230E+00   4.16528029790E-01   5.00000000000E+00
      2980   2.75040551749E+00   8.97164400639E-01   5.00000000000E+00
      2981   2.44134231010E+00   6.87025433593E-01   5.00000000000E+00
      2982   7.79579047078E-01   9.87098688073E-01   5.00000000000E+00
      2983  -2.15442191243E-01   5.14116724880E-01   5.00000000000E+00
      2984  -1.81915113089E-01   5.22920285789E-01   5.00000000000E+00
      2985  -2.13780993108E-01   9.92656316402E-01   5.00000000000E+00
      2986   3.11615336064E-01   1.03813485515E+00   5.00000000000E+00
      2987   9.82217272337E-01   5.26320936015E-01   5.00000000000E+00
      2988   8.10472997758E-01   6.85255221356E-01   5.00000000000E+00
      2989   5.16143319600E-01   9.22483990264E-01   5.00000000000E+00
      2990  -5.40905216311E-01   2.43793491597E-01   5.00000000000E+00
      2991   2.59504002672E+00   4.52625184623E-01   5.00000000000E+00
      2992  -8.71659031169E-01   7.99366396564E-01   5.00000000000E+00
      2993  -3.35716425950E-02   1.02139412439E+00   5.00000000000E+00
      2994   6.20531563653E-01   7.56532633571E-01   5.00000000000E+00
      2995   5.24535424153E-01   3.35629393074E-01   5.00000000000E+00
      2996   4.62787150905E-01   3.23871879232E-01   5.00000000000E+00
      2997   4.98881875470E-01   2.86523532354E-01   5.00000000000E+00
      2998   8.45219676549E+00   1.34866191899E-01   5.00000000000E+00
      2999   5.06064586849E+00   2.75211780453E-01   5.00000000000E+00
      3000   5.92959439333E+00   4.26302593571E-01   5.00000000000E+00
      3001   5.91819300312E+00   2.62847775727E-01   5.00000000000E+00
      3002   3.97537655342E+00   3.37363072200E-01   5.00000000000E+00
      3003  -7.91230381692E-01   5.82663151581E-01   5.00000000000E+00
      3004   7.61178834813E+00   4.30668944048E-01   5.00000000000E+00
      3005  -6.41116918222E-01   7.15368618021E-01   5.00000000000E+00
      3006  -7.12867660990E-01   4.69795473934E-01   5.00000000000E+00
      3007   8.68168916147E-01   3.86958780155E-01   5.00000000000E+00
      3008   5.10931846317E-01   6.30687084841E-01   5.00000000000E+00
      3009   6.76104694428E+00   1.35764025375E-01   5.00000000000E+00
      3010   6.95998294367E-03   7.41756303386E-01   5.00000000000E+00
      3011   3.54806810857E-01   8.29455585031E-01   5.00000000000E+00
      3012   5.76316482126E+00   2.16318977948E-01   5.00000000000E+00
      3013  -8.09667635097E-02   8.63601759499E-01   5.00000000000E+00
      3014   9.67717408402E+00   6.59872703401E-02   5.00000000000E+00
      3015   6.34460769446E-01   2.71405611899E-01   5.00000000000E+00
      3016   6.04685321174E-01   3.45178095959E-01   5.00000000000E+00
      3017   5.60352552297E-01   2.84649993808E-01   5.00000000000E+00
      3018   5.13239881617E-01   5.14847319966E-02   5.00000000000E+00
      3019   2.61060250340E+00   2.87794718870E-01   5.00000000000E+00
      3020   1.41818718064E+00   8.82781491938E-02   5.00000000000E+00
      3021  -6.02290662406E-01   4.61190563564E-01   5.00000000000E+00
      3022   2.51921255512E-01   7.33743025474E-01   5.00000000000E+00
      3023   1.99650925173E-01   6.54272855243E-01   5.00000000000E+00
      3024   9.07493265447E-01   9.77318029195E-02   5.00000000000E+00
      3025   1.00154021281E+00   8.02222156526E-02   5.00000000000E+00
      3026   4.20645987833E+00   3.84001430410E-01   5.00000000000E+00
      3027  -5.08189707406E-01   4.47915015503E-01   5.00000000000E+00
      3028  -4.43827599665E-01   4.54842994492E-01   5.00000000000E+00
      3029  -2.12282537088E-01   8.24002002148E-01   5.00000000000E+00
      3030   7.23508321361E-01   3.42919213066E-01   5.00000000000E+00
      3031   4.83864662405E-01   3.78093083810E-01   5.00000000000E+00
      3032  -4.94672743440E-01   2.37666350262E-01   5.00000000000E+00
      3033  -5.23537678796E-01   2.08005818830E-01   5.00000000000E+00
      3034  -4.86396520770E-01   2.07560125949E-01   5.00000000000E+00
      3035   1.61569226520E-01   5.34969775985E-01   5.00000000000E+00
      3036   2.75823702200E-01   6.44936569843E-01   5.00000000000E+00
      3037  -9.67399240214E-03   5.24959062008E-01   5.00000000000E+00
      3038  -3.64400521412E-02   5.40049352244E-01   5.00000000000E+00
      3039  -1.06664089647E-01   7.42598959649E-01   5.00000000000E+00
      3040   3.72190933819E-01   4.36850080850E-01   5.00000000000E+00
      3041   3.32377737985E-01   4.18428602387E-01   5.00000000000E+00
      3042   4.96685238907E-01   4.39717274686E-01   5.00000000000E+00
      3043   4.31801310557E-01   4.63071845494E-01   5.00000000000E+00
      3044   6.37641369140E-01   2.07838967786E-01   5.00000000000E+00
      3045  -6.73098093338E-01   3.77833137515E-01   5.00000000000E+00
      3046   2.79232368578E-01   5.79245963486E-01   5.00000000000E+00
      3047   2.33786926581E-01   6.03584808706E-01   5.00000000000E+00
      3048   2.69216306417E-01   5.34570011735E-01   5.00000000000E+00
      3049   2.32140674145E-01   5.09797348733E-01   5.00000000000E+00
      3050   2.78968980581E-01   4.97932681089E-01   5.00000000000E+00
      3051  -4.99673919023E-01   2.81154492252E-01   5.00000000000E+00
      3052  -4.61690115545E-01   5.11694587519E-01   5.00000000000E+00
      3053  -3.96932721438E-01   5.52402671636E-01   5.00000000000E+00
      3054   4.26482935614E-03   6.53342571566E-01   5.00000000000E+00
      3055   2.46159132699E-02   5.28215775587E-01   5.00000000000E+00
      3056  -3.97528710269E-01   4.82934301377E-01   5.00000000000E+00
      3057  -3.43322848077E-01   5.07733812109E-01   5.00000000000E+00
      3058   4.15584549184E-01   5.52524106417E-01   5.00000000000E+00
      3059   5.49539085888E-01   4.00421908305E-01   5.00000000000E+00
      3060   1.82815076344E-01   5.82802537099E-01   5.00000000000E+00
      3061   3.43638945804E-01   6.06673488503E-01   5.00000000000E+00
      3062   3.67199622468E-01   4.86007866072E-01   5.00000000000E+00
      3063   3.16197896145E-01   4.79015037767E-01   5.00000000000E+00
      3064   3.38806328062E-01   4.53441442574E-01   5.00000000000E+00
      3065  -7.17710583198E-02   5.24328798935E-01   5.00000000000E+00
      3066   1.85341247238E-01   4.98448207516E-01   5.00000000000E+00
      3067   4.46312679112E-02   6.17270451768E-01   5.00000000000E+00
      3068  -5.67562831918E-01   2.09144377189E-01   5.00000000000E+00
      3069  -3.98959331537E-01   4.22915971545E-01   5.00000000000E+00
      3070  -3.56693589289E-01   4.04045225607E-01   5.00000000000E+00
      3071  -3.45949220253E-01   4.47581203434E-01   5.00000000000E+00
      3072  -2.87145254165E-01   5.83641967862E-01   5.00000000000E+00
      3073  -3.02440375500E-02   5.75312853858E-01   5.00000000000E+00
      3074   3.00933718219E-03   5.97995448772E-01   5.00000000000E+00
      3075   4.72964861061E-01   2.52008923695E-01   5.00000000000E+00
      3076   9.51346374736E-02   5.16449924126E-01   5.00000000000E+00
      3077  -3.35867992520E-01   5.61958881456E-01   5.00000000000E+00
      3078  -2.94107934941E-01   5.28048207877E-01   5.00000000000E+00
      3079   2.31412560612E-01   5.56666117859E-01   5.00000000000E+00
      3080   4.04459418449E-01   4.06685867575E-01   5.00000000000E+00
      3081   5.78660755851E-01   2.27573152014E-01   5.00000000000E+00
      3082  -6.94963817345E-01   2.97873514694E-01   5.00000000000E+00
      3083   5.98109242125E-01   1.28981646885E-01   5.00000000000E+00
      3084  -3.84553229647E-01   3.88907408156E-01   5.00000000000E+00
      3085  -3.25797188239E-01   4.13387468882E-01   5.00000000000E+00
      3086  -4.77564210962E-05   5.55870367903E-01   5.00000000000E+00
      3087  -5.48001016720E-01   1.73631338041E-01   5.00000000000E+00
      3088   4.48759919940E-01   4.10465646891E-01   5.00000000000E+00
      3089  -2.54359607767E-01   4.98669749196E-01   5.00000000000E+00
      3090  -4.64753574476E-01   2.58325573085E-01   5.00000000000E+00
      3091  -9.99907598120E-02   5.12846252194E-01   5.00000000000E+00
      3092  -6.84656800880E-02   5.63345816884E-01   5.00000000000E+00
      3093   1.97490709508E-01   5.35622962364E-01   5.00000000000E+00
      3094  -5.03017729988E-01   1.78511472406E-01   5.00000000000E+00
      3095   3.24028232275E-01   5.31216458385E-01   5.00000000000E+00
      3096  -5.72535623922E+00   2.46803357133E+00   5.00000000000E+00
      3097   4.41821587876E-02   4.80421550231E+00   5.00000000000E+00
      3098  -5.90775059987E-01   3.17965987654E+00   5.00000000000E+00
      3099  -6.12350410516E+00   2.12516148330E+00   5.00000000000E+00
      3100   8.75380841771E-01   4.04350795624E+00   5.00000000000E+00
      3101   3.54514521774E+00   4.12962480501E+00   5.00000000000E+00
      3102  -4.07348796508E+00   5.14336239283E+00   5.00000000000E+00
      3103   2.52030598239E+00   3.01235896440E+00   5.00000000000E+00
      3104   6.31621468449E+00   3.72893602142E+00   5.00000000000E+00
      3105   1.20662105131E+00   5.88040236295E+00   5.00000000000E+00
      3106   4.04158096759E-02   6.80815405499E+00   5.00000000000E+00
      3107  -2.44841093250E-01   6.27317904607E+00   5.00000000000E+00
      3108  -4.56736112480E+00   5.76934720808E+00   5.00000000000E+00
      3109   2.56973173227E+00   1.68647568661E-01   5.00000000000E+00
      3110   9.63898968443E+00   1.48432208396E-01   5.00000000000E+00
      3111  -4.98450586435E-01  -3.92291126068E-02   5.00000000000E+00
      3112  -4.93834095472E-01  -7.82165576360E-02   5.00000000000E+00
      3113  -4.86187004317E-01  -1.16724406418E-01   5.00000000000E+00
      3114  -4.75546229352E-01  -1.54514568182E-01   5.00000000000E+00
      3115  -4.61953288779E-01  -1.91345823488E-01   5.00000000000E+00
      3116  -4.45497217736E-01  -2.26990223341E-01   5.00000000000E+00
      3117  -4.26303723608E-01  -2.61238497485E-01   5.00000000000E+00
      3118  -4.04496315884E-01  -2.93884635698E-01   5.00000000000E+00
      3119  -3.80197002812E-01  -3.24720713155E-01   5.00000000000E+00
      3120  -3.53543174880E-01  -3.53545981013E-01   5.00000000000E+00
      3121  -3.24712390827E-01  -3.80194016191E-01   5.00000000000E+00
      3122  -2.93887642679E-01  -4.04507950057E-01   5.00000000000E+00
      3123  -2.61252442217E-01  -4.26331465676E-01   5.00000000000E+00
      3124  -2.26996483538E-01  -4.45510677398E-01   5.00000000000E+00
      3125  -1.91337186962E-01  -4.61934525650E-01   5.00000000000E+00
      3126  -1.54503382290E-01  -4.75521470619E-01   5.00000000000E+00
      3127  -1.16720913307E-01  -4.86189891826E-01   5.00000000000E+00
      3128  -7.82170533642E-02  -4.93855955805E-01   5.00000000000E+00
      3129  -3.92281720715E-02  -4.98459137853E-01   5.00000000000E+00
      3130   1.67250856032E-06  -4.99992559980E-01   5.00000000000E+00
      3131   3.92314287537E-02  -4.98456765918E-01   5.00000000000E+00
      3132   7.82201424864E-02  -4.93852100040E-01   5.00000000000E+00
      3133   1.16723999909E-01  -4.86186024107E-01   5.00000000000E+00
      3134   1.54506625987E-01  -4.75518180189E-01   5.00000000000E+00
      3135   1.91340527524E-01  -4.61931499125E-01   5.00000000000E+00
      3136   2.26999786863E-01  -4.45507555927E-01   5.00000000000E+00
      3137   2.61255933854E-01  -4.26328655659E-01   5.00000000000E+00
      3138   2.93892391259E-01  -4.04506988409E-01   5.00000000000E+00
      3139   3.24719916030E-01  -3.80196569299E-01   5.00000000000E+00
      3140   3.53554456882E-01  -3.53552594435E-01   5.00000000000E+00
      3141   3.80211137599E-01  -3.24729990769E-01   5.00000000000E+00
      3142   4.04509493949E-01  -2.93893212713E-01   5.00000000000E+00
      3143   4.26311479694E-01  -2.61243499325E-01   5.00000000000E+00
      3144   4.45496846716E-01  -2.26990676958E-01   5.00000000000E+00
      3145   4.61945587114E-01  -1.91342858648E-01   5.00000000000E+00
      3146   4.75537032789E-01  -1.54510989002E-01   5.00000000000E+00
      3147   4.86183708273E-01  -1.16722456014E-01   5.00000000000E+00
      3148   4.93839206200E-01  -7.82162843481E-02   5.00000000000E+00
      3149   4.98459580845E-01  -3.92293507155E-02   5.00000000000E+00
      3150   9.96919161603E+00  -7.84587025422E-01   5.00000000000E+00
      3151   9.87678412373E+00  -1.56432568868E+00   5.00000000000E+00
      3152   9.72367416607E+00  -2.33444911771E+00   5.00000000000E+00
      3153   9.51074065385E+00  -3.09021978597E+00   5.00000000000E+00
      3154   9.23891173865E+00  -3.82685718173E+00   5.00000000000E+00
      3155   8.90993693892E+00  -4.53981353016E+00   5.00000000000E+00
      3156   8.52622958995E+00  -5.22486999291E+00   5.00000000000E+00
      3157   8.09018987519E+00  -5.87786425948E+00   5.00000000000E+00
      3158   7.60422274799E+00  -6.49459982007E+00   5.00000000000E+00
      3159   7.07108912959E+00  -7.07105189676E+00   5.00000000000E+00
      3160   6.49439831789E+00  -7.60393138830E+00   5.00000000000E+00
      3161   5.87784782442E+00  -8.09013976875E+00   5.00000000000E+00
      3162   5.22511867202E+00  -8.52657311629E+00   5.00000000000E+00
      3163   4.53999572825E+00  -8.91015112313E+00   5.00000000000E+00
      3164   3.82681055632E+00  -9.23862998008E+00   5.00000000000E+00
      3165   3.09013251211E+00  -9.51036360627E+00   5.00000000000E+00
      3166   2.33447999110E+00  -9.72372048384E+00   5.00000000000E+00
      3167   1.56440284257E+00  -9.87704200194E+00   5.00000000000E+00
      3168   7.84628561151E-01  -9.96913531946E+00   5.00000000000E+00
      3169   3.34451649452E-05  -9.99985119960E+00   5.00000000000E+00
      3170  -7.84563444816E-01  -9.96918275680E+00   5.00000000000E+00
      3171  -1.56434107277E+00  -9.87711911523E+00   5.00000000000E+00
      3172  -2.33441827654E+00  -9.72379783402E+00   5.00000000000E+00
      3173  -3.09006764274E+00  -9.51042941338E+00   5.00000000000E+00
      3174  -3.82674374706E+00  -9.23869050976E+00   5.00000000000E+00
      3175  -4.53992967718E+00  -8.91021354470E+00   5.00000000000E+00
      3176  -5.22504885138E+00  -8.52662930920E+00   5.00000000000E+00
      3177  -5.87775286455E+00  -8.09015899316E+00   5.00000000000E+00
      3178  -6.49424782119E+00  -7.60388031985E+00   5.00000000000E+00
      3179  -7.07086350109E+00  -7.07091961676E+00   5.00000000000E+00
      3180  -7.60394005957E+00  -6.49441425920E+00   5.00000000000E+00
      3181  -8.08992632667E+00  -5.87769270159E+00   5.00000000000E+00
      3182  -8.52607447188E+00  -5.22476995017E+00   5.00000000000E+00
      3183  -8.90994435913E+00  -4.53980445818E+00   5.00000000000E+00
      3184  -9.23906577822E+00  -3.82691646340E+00   5.00000000000E+00
      3185  -9.51092458830E+00  -3.09029135976E+00   5.00000000000E+00
      3186  -9.72374008665E+00  -2.33448812711E+00   5.00000000000E+00
      3187  -9.87668190921E+00  -1.56433115422E+00   5.00000000000E+00
      3188  -9.96901172892E+00  -7.84582249340E-01   5.00000000000E+00
      3189   5.07388688606E-01  -1.42745009764E-01   5.00000000000E+00
      3190   2.06429572028E-01  -4.88388786265E-01   5.00000000000E+00
      3191   2.38209415725E-01  -4.87045457622E-01   5.00000000000E+00
      3192   2.27831751240E-01  -5.29463524363E-01   5.00000000000E+00
      3193  -4.74392183738E-01  -2.36465331916E-01   5.00000000000E+00
      3194  -4.52542063660E-01  -2.57197058439E-01   5.00000000000E+00
      3195  -4.73989565227E-01  -2.74780310845E-01   5.00000000000E+00
      3196  -4.40900398008E-01  -2.87949589619E-01   5.00000000000E+00
      3197  -5.16969236028E-01  -2.57794114666E-01   5.00000000000E+00
      3198  -5.47900249262E-01  -2.17396616386E-01   5.00000000000E+00
      3199  -5.01318846242E-01  -2.16375379653E-01   5.00000000000E+00
      3200  -5.66211183538E-01  -1.72231726750E-01   5.00000000000E+00
      3201  -5.12562277790E-01  -1.82114628135E-01   5.00000000000E+00
      3202   5.04811390553E-01  -1.72928375402E-01   5.00000000000E+00
      3203   5.48189147842E-01  -1.50129517570E-01   5.00000000000E+00
      3204   5.95049387929E-01  -1.82743953095E-01   5.00000000000E+00
      3205   5.40228933613E-01  -1.95674817764E-01   5.00000000000E+00
      3206   2.32976765423E+00  -9.53624777129E-02   5.00000000000E+00
      3207   2.44050340258E+00  -8.46096878615E-02   5.00000000000E+00
      3208   2.39946820213E+00  -1.79412449172E-01   5.00000000000E+00
      3209   2.26077883935E+00  -2.19108955243E-01   5.00000000000E+00
      3210   2.20762531791E+00  -9.86223617354E-02   5.00000000000E+00
      3211   7.99018030679E-01  -1.69959725384E-01   5.00000000000E+00
      3212   7.28075650599E-01  -9.61517701532E-02   5.00000000000E+00
      3213   8.04052024639E-01  -7.26923978083E-02   5.00000000000E+00
      3214   9.53390957973E-01  -1.93966932328E-01   5.00000000000E+00
      3215   9.99509091894E-01  -7.97617194967E-02   5.00000000000E+00
      3216   1.08433228909E+00  -1.23423101888E-01   5.00000000000E+00
      3217   8.02408218728E+00  -8.70714455468E-02   5.00000000000E+00
      3218   8.06327182476E+00  -1.79760259620E-01   5.00000000000E+00
      3219   7.92642813313E+00  -1.75690802133E-01   5.00000000000E+00
      3220   8.16585426310E+00  -1.03472233941E-01   5.00000000000E+00
      3221   5.16529303620E+00  -9.06347836445E-02   5.00000000000E+00
      3222   5.17114808494E+00  -2.16167167184E-01   5.00000000000E+00
      3223   5.05902500723E+00  -1.56490809179E-01   5.00000000000E+00
      3224   5.30209799184E+00  -1.17731407386E-01   5.00000000000E+00
      3225   7.82167058925E+00  -9.21962537632E-02   5.00000000000E+00
      3226   7.79634037807E+00  -1.93726801742E-01   5.00000000000E+00
      3227   7.70384018779E+00  -1.14508060322E-01   5.00000000000E+00
      3228   1.53380616722E+00  -1.04584438271E-01   5.00000000000E+00
      3229   1.63096474985E+00  -6.26469894579E-02   5.00000000000E+00
      3230   1.65470174991E+00  -1.44189117210E-01   5.00000000000E+00
      3231   6.22287670800E+00  -2.17907275475E-01   5.00000000000E+00
      3232   6.27391384165E+00  -9.47301625942E-02   5.00000000000E+00
      3233   6.36591981109E+00  -1.85329822998E-01   5.00000000000E+00
      3234   6.75860715037E+00  -9.72611440616E-02   5.00000000000E+00
      3235   6.63245893591E+00  -9.15663606089E-02   5.00000000000E+00
      3236   6.56749800483E+00  -1.71459935749E-01   5.00000000000E+00
      3237   6.53285251957E+00  -7.74712343057E-02   5.00000000000E+00
      3238   4.01024104253E+00  -1.03361084068E-01   5.00000000000E+00
      3239   4.12560282917E+00  -1.57664430497E-01   5.00000000000E+00
      3240   4.03916241345E+00  -2.24187195608E-01   5.00000000000E+00
      3241   3.89758183750E+00  -8.30860023713E-02   5.00000000000E+00
      3242   5.79703105348E+00  -8.54314812306E-02   5.00000000000E+00
      3243   5.55094212968E+00  -8.18874101295E-02   5.00000000000E+00
      3244   5.63064551504E+00  -1.28381163106E-01   5.00000000000E+00
      3245   8.66406372036E+00  -1.05530861989E-01   5.00000000000E+00
      3246   8.74028338041E+00  -5.50356806595E-02   5.00000000000E+00
      3247   8.79774386378E+00  -1.21588479087E-01   5.00000000000E+00
      3248   7.08130869630E+00  -8.74290263241E-02   5.00000000000E+00
      3249   7.00117221250E+00  -1.78939126413E-01   5.00000000000E+00
      3250   6.98177861767E+00  -7.59480431477E-02   5.00000000000E+00
      3251   7.13773057384E+00  -1.97288914028E-01   5.00000000000E+00
      3252   7.57685891677E+00  -1.26938960780E-01   5.00000000000E+00
      3253   7.47223556360E+00  -1.25919206878E-01   5.00000000000E+00
      3254   7.67691323961E+00  -2.72078630697E-01   5.00000000000E+00
      3255   9.11500636780E+00  -8.31524630034E-02   5.00000000000E+00
      3256   9.04789389410E+00  -1.65419617803E-01   5.00000000000E+00
      3257   8.97129965957E+00  -1.39500440577E-01   5.00000000000E+00
      3258   9.00376691844E+00  -7.78519669261E-02   5.00000000000E+00
      3259   3.53402472941E+00  -2.15291535834E-01   5.00000000000E+00
      3260   3.47931343836E+00  -3.59774478194E-01   5.00000000000E+00
      3261   3.38661197533E+00  -2.29018372858E-01   5.00000000000E+00
      3262   3.41648745059E+00  -6.84955673532E-02   5.00000000000E+00
      3263   4.35329720164E+00  -7.98889590890E-02   5.00000000000E+00
      3264   4.33198454882E+00  -1.57601784128E-01   5.00000000000E+00
      3265   4.28670866378E+00  -1.00183805208E-01   5.00000000000E+00
      3266   5.31148365458E+00  -2.76174067503E-01   5.00000000000E+00
      3267   5.42334878773E+00  -1.79322887197E-01   5.00000000000E+00
      3268   4.69385458950E+00  -1.26577814580E-01   5.00000000000E+00
      3269   4.55916405514E+00  -1.45415949765E-01   5.00000000000E+00
      3270   4.59330442220E+00  -6.89128779500E-02   5.00000000000E+00
      3271   4.81416538686E+00  -9.44081584163E-02   5.00000000000E+00
      3272   4.82001168962E+00  -2.08887080019E-01   5.00000000000E+00
      3273   2.82061103603E+00  -9.91024583862E-02   5.00000000000E+00
      3274   2.75105308194E+00  -2.00878840486E-01   5.00000000000E+00
      3275   2.71909733143E+00  -8.63008204323E-02   5.00000000000E+00
      3276   2.90267549675E+00  -2.26046975334E-01   5.00000000000E+00
      3277   2.78898142194E+00  -3.69539046986E-01   5.00000000000E+00
      3278   9.98708566777E-01  -3.27686891280E-01   5.00000000000E+00
      3279   8.34794727763E-01  -3.25258958802E-01   5.00000000000E+00
      3280   1.09694395807E+00  -2.42917435376E-01   5.00000000000E+00
      3281   2.38211797740E+00  -3.11397007831E-01   5.00000000000E+00
      3282   2.25158462603E+00  -3.71453930241E-01   5.00000000000E+00
      3283   2.51143503193E+00  -2.22785021588E-01   5.00000000000E+00
      3284   2.51454578602E+00  -3.93652452163E-01   5.00000000000E+00
      3285   7.02750546119E+00  -3.20433507129E-01   5.00000000000E+00
      3286   6.88981451117E+00  -2.71909702781E-01   5.00000000000E+00
      3287   6.88341976953E+00  -1.25387834063E-01   5.00000000000E+00
      3288   6.79000247525E+00  -2.12857671600E-01   5.00000000000E+00
      3289   7.17870632436E+00  -8.00181204158E-02   5.00000000000E+00
      3290   1.70805551533E+00  -2.80149384232E-01   5.00000000000E+00
      3291   1.82126003072E+00  -3.84182657671E-01   5.00000000000E+00
      3292   1.70982856317E+00  -4.46250455341E-01   5.00000000000E+00
      3293   1.77360163414E+00  -1.41333033398E-01   5.00000000000E+00
      3294   1.86561881450E+00  -2.45736288439E-01   5.00000000000E+00
      3295   2.47220630729E+00  -1.43211544795E-01   5.00000000000E+00
      3296   9.68191111007E+00  -4.31890787146E-01   5.00000000000E+00
      3297   9.58195343696E+00  -2.66020938267E-01   5.00000000000E+00
      3298   9.68370007531E+00  -2.75993510057E-01   5.00000000000E+00
      3299   9.59494051260E+00  -7.58196678650E-02   5.00000000000E+00
      3300   9.55866761745E+00  -1.55215937717E-01   5.00000000000E+00
      3301   9.49084706577E+00  -8.52334541329E-02   5.00000000000E+00
      3302   1.43853247538E+00  -2.22164562109E-01   5.00000000000E+00
      3303   1.36469425010E+00  -3.63392200130E-01   5.00000000000E+00
      3304   1.27872626651E+00  -2.53920864622E-01   5.00000000000E+00
      3305   1.57795961975E+00  -2.27585336095E-01   5.00000000000E+00
      3306   1.54068481557E+00  -3.80356773246E-01   5.00000000000E+00
      3307   6.48643603003E+00  -2.49275279776E-01   5.00000000000E+00
      3308   6.46117731054E+00  -1.27170347879E-01   5.00000000000E+00
      3309   6.36693685510E+00  -3.36323815513E-01   5.00000000000E+00
      3310   1.99560733876E+00  -8.08713749418E-02   5.00000000000E+00
      3311   1.89691789298E+00  -1.13462018698E-01   5.00000000000E+00
      3312   1.71060362678E+00  -6.96338280131E-02   5.00000000000E+00
      3313   4.70097770042E+00  -2.59999318921E-01   5.00000000000E+00
      3314   4.77016404103E+00  -5.26833321990E-01   5.00000000000E+00
      3315   4.96120430071E+00  -4.36334450708E-01   5.00000000000E+00
      3316   4.93209539116E+00  -6.33449498501E-01   5.00000000000E+00
      3317   8.55443804983E+00  -2.14743379379E-01   5.00000000000E+00
      3318   8.45510073044E+00  -3.14035913465E-01   5.00000000000E+00
      3319   8.42023092718E+00  -2.22866775362E-01   5.00000000000E+00
      3320   8.73883633767E+00  -2.64910550039E-01   5.00000000000E+00
      3321   8.58223594632E+00  -3.89296733527E-01   5.00000000000E+00
      3322   2.64240816182E+00  -2.98207012583E-01   5.00000000000E+00
      3323   2.65484673228E+00  -4.55953486258E-01   5.00000000000E+00
      3324   6.08012067767E+00  -1.38607756343E-01   5.00000000000E+00
      3325   6.07695666788E+00  -3.00105478123E-01   5.00000000000E+00
      3326   5.98602143654E+00  -2.11610320434E-01   5.00000000000E+00
      3327   3.67802040742E+00  -1.90106824921E-01   5.00000000000E+00
      3328   3.78900215354E+00  -1.15000942817E-01   5.00000000000E+00
      3329   3.80845527803E+00  -2.75231380518E-01   5.00000000000E+00
      3330   3.99306773062E+00  -3.71409395002E-01   5.00000000000E+00
      3331   4.15854079559E+00  -2.77058190843E-01   5.00000000000E+00
      3332   4.19878308112E+00  -4.42152707459E-01   5.00000000000E+00
      3333   8.98996277276E+00  -3.62833947561E-01   5.00000000000E+00
      3334   8.87433245442E+00  -3.63452619888E-01   5.00000000000E+00
      3335   8.92646569983E+00  -2.23077950419E-01   5.00000000000E+00
      3336   5.32199994862E+00  -4.70181295586E-01   5.00000000000E+00
      3337   5.15445630975E+00  -3.75255388829E-01   5.00000000000E+00
      3338   5.48499918787E+00  -3.24884916404E-01   5.00000000000E+00
      3339   8.17937784126E+00  -2.40504804202E-01   5.00000000000E+00
      3340   8.18459334110E+00  -4.06234545088E-01   5.00000000000E+00
      3341   8.02720443294E+00  -2.97381376005E-01   5.00000000000E+00
      3342   8.31020509418E+00  -1.59152532336E-01   5.00000000000E+00
      3343   8.32513809150E+00  -2.97027878220E-01   5.00000000000E+00
      3344   2.12223898765E+00  -3.11158816811E-01   5.00000000000E+00
      3345   1.96755886506E+00  -3.71871417816E-01   5.00000000000E+00
      3346   2.00913905524E+00  -1.99394199452E-01   5.00000000000E+00
      3347   2.12726601606E+00  -5.31435685915E-01   5.00000000000E+00
      3348   4.43304547433E+00  -1.41032017285E-01   5.00000000000E+00
      3349   4.35306149050E+00  -2.88038901372E-01   5.00000000000E+00
      3350   4.58486035059E+00  -3.77757580702E-01   5.00000000000E+00
      3351   4.38492054992E+00  -4.89584444899E-01   5.00000000000E+00
      3352   7.85284974056E+00  -3.14160261796E-01   5.00000000000E+00
      3353   7.97700552081E+00  -4.76207911231E-01   5.00000000000E+00
      3354   3.21610085121E+00  -5.15629855996E-01   5.00000000000E+00
      3355   3.41859704437E+00  -5.17845575408E-01   5.00000000000E+00
      3356   3.33644393925E+00  -6.96940688791E-01   5.00000000000E+00
      3357   3.24658122903E+00  -2.12673054117E-01   5.00000000000E+00
      3358   3.32390426385E+00  -1.07660959683E-01   5.00000000000E+00
      3359   3.81543549071E+00  -4.22835250159E-01   5.00000000000E+00
      3360   3.65528989444E+00  -3.54967885239E-01   5.00000000000E+00
      3361   3.57110601452E+00  -4.90320008636E-01   5.00000000000E+00
      3362   3.71184479694E+00  -5.16866761452E-01   5.00000000000E+00
      3363   6.53355745767E+00  -3.91861032603E-01   5.00000000000E+00
      3364   6.60173206696E+00  -2.77804698038E-01   5.00000000000E+00
      3365   6.68434371442E+00  -2.03767063570E-01   5.00000000000E+00
      3366   6.72835158545E+00  -3.70724882519E-01   5.00000000000E+00
      3367   4.60980065875E+00  -2.28956937893E-01   5.00000000000E+00
      3368   4.51045174369E+00  -2.37674626677E-01   5.00000000000E+00
      3369   2.53620458400E+00  -6.00278075450E-01   5.00000000000E+00
      3370   8.44211433299E+00  -1.24491018196E-01   5.00000000000E+00
      3371   5.83352794163E+00  -4.98448713438E-01   5.00000000000E+00
      3372   5.77697809423E+00  -3.13802360931E-01   5.00000000000E+00
      3373   5.92904345055E+00  -3.31995742250E-01   5.00000000000E+00
      3374   5.64890349617E+00  -4.22008564634E-01   5.00000000000E+00
      3375   6.80710252948E+00  -6.41918591669E-01   5.00000000000E+00
      3376   6.90843556307E+00  -4.23115194965E-01   5.00000000000E+00
      3377   9.33973614656E+00  -5.87361011066E-01   5.00000000000E+00
      3378   9.29191338296E+00  -4.02356901220E-01   5.00000000000E+00
      3379   9.46321173710E+00  -3.95360870827E-01   5.00000000000E+00
      3380   9.31610877540E+00  -2.71304196211E-01   5.00000000000E+00
      3381   9.44587993503E+00  -1.94589561855E-01   5.00000000000E+00
      3382   1.60865269165E+00  -6.07819685022E-01   5.00000000000E+00
      3383   1.85523839552E+00  -5.76905742530E-01   5.00000000000E+00
      3384   2.99387275263E+00  -4.35151329461E-01   5.00000000000E+00
      3385   2.78169171383E+00  -6.31314532744E-01   5.00000000000E+00
      3386   8.94953708675E+00  -5.09501617474E-01   5.00000000000E+00
      3387   8.83831557840E+00  -6.63940532218E-01   5.00000000000E+00
      3388   8.76036058478E+00  -4.70597957841E-01   5.00000000000E+00
      3389   5.48323956926E+00  -1.03535049390E-01   5.00000000000E+00
      3390   5.53997153384E+00  -1.77535046756E-01   5.00000000000E+00
      3391   5.49394677422E+00  -5.23457890277E-01   5.00000000000E+00
      3392   9.58748176414E+00  -6.21372297683E-01   5.00000000000E+00
      3393   9.80592803091E+00  -2.48010080622E-01   5.00000000000E+00
      3394   5.12517685534E+00  -5.87580881874E-01   5.00000000000E+00
      3395   5.36039442276E+00  -7.43297126227E-01   5.00000000000E+00
      3396   7.15155386192E+00  -3.43908165022E-01   5.00000000000E+00
      3397   7.07116257358E+00  -5.18113821178E-01   5.00000000000E+00
      3398   7.25965225635E+00  -1.29243287041E-01   5.00000000000E+00
      3399   7.25673424853E+00  -2.65658636384E-01   5.00000000000E+00
      3400   6.20606538443E+00  -4.15980691487E-01   5.00000000000E+00
      3401   6.17388958690E+00  -6.05548041072E-01   5.00000000000E+00
      3402   6.27239784601E+00  -7.68632442431E-01   5.00000000000E+00
      3403   5.97204625547E+00  -7.87577459403E-01   5.00000000000E+00
      3404   6.38676573938E+00  -5.57588790737E-01   5.00000000000E+00
      3405   5.65343681569E+00  -6.56917548532E-01   5.00000000000E+00
      3406   4.79038481930E+00  -3.50041387790E-01   5.00000000000E+00
      3407   4.77174719210E+00  -7.44256707905E-01   5.00000000000E+00
      3408   8.57890610510E+00  -6.32485693899E-01   5.00000000000E+00
      3409   4.55912180114E+00  -6.40931706076E-01   5.00000000000E+00
      3410   4.22918311800E+00  -7.05072130989E-01   5.00000000000E+00
      3411   2.35642235125E+00  -4.91622019032E-01   5.00000000000E+00
      3412   2.56952221287E+00  -8.88125513542E-01   5.00000000000E+00
      3413   2.31888657257E+00  -7.54527194700E-01   5.00000000000E+00
      3414   6.52717847860E+00  -7.78133099781E-01   5.00000000000E+00
      3415   6.60008116771E+00  -5.49512075905E-01   5.00000000000E+00
      3416   1.37344284891E+00  -5.52148936507E-01   5.00000000000E+00
      3417   1.73472223431E+00  -8.30389564630E-01   5.00000000000E+00
      3418   1.45465982077E+00  -8.53234571952E-01   5.00000000000E+00
      3419   3.90854277976E+00  -5.95230201483E-01   5.00000000000E+00
      3420   3.91851565588E+00  -9.05859612378E-01   5.00000000000E+00
      3421   3.60884980528E+00  -7.20980461744E-01   5.00000000000E+00
      3422   7.29184936460E+00  -7.02962340405E-01   5.00000000000E+00
      3423   7.01214035599E+00  -7.87730218157E-01   5.00000000000E+00
      3424   9.49270048769E+00  -9.24326347063E-01   5.00000000000E+00
      3425   9.20433401081E+00  -3.20073529221E-01   5.00000000000E+00
      3426   9.13111691727E+00  -4.57191843534E-01   5.00000000000E+00
      3427   9.08196455578E+00  -2.84419569199E-01   5.00000000000E+00
      3428   3.08081484961E+00  -7.72510986221E-01   5.00000000000E+00
      3429   3.05199531662E+00  -1.20094462903E+00   5.00000000000E+00
      3430   2.82611915419E+00  -9.56055856923E-01   5.00000000000E+00
      3431   5.61854766384E+00  -9.81066077283E-01   5.00000000000E+00
      3432   9.09089748776E+00  -7.60741151686E-01   5.00000000000E+00
      3433   9.14488328306E+00  -1.21590292501E+00   5.00000000000E+00
      3434  -2.67798585885E+00  -2.68017999880E-01   5.00000000000E+00
      3435  -2.69120343878E+00  -6.16464190952E-01   5.00000000000E+00
      3436  -3.11669496792E+00  -3.90927271448E-01   5.00000000000E+00
      3437  -2.30119683899E+00  -3.64273303604E-01   5.00000000000E+00
      3438   7.12579265807E+00  -1.07657432461E+00   5.00000000000E+00
      3439   7.35801319633E+00  -1.38290406759E+00   5.00000000000E+00
      3440   6.82065383711E+00  -1.55978645548E+00   5.00000000000E+00
      3441   7.58993726217E+00  -9.98845757851E-01   5.00000000000E+00
      3442  -6.23576300834E+00  -7.22098908953E+00   5.00000000000E+00
      3443  -5.56668146253E+00  -7.27086873735E+00   5.00000000000E+00
      3444  -6.46307610462E+00  -6.60733706141E+00   5.00000000000E+00
      3445  -5.87508104919E+00  -6.60692283796E+00   5.00000000000E+00
      3446  -7.23924428360E+00  -5.00937497247E+00   5.00000000000E+00
      3447  -7.08005007696E+00  -4.38018682981E+00   5.00000000000E+00
      3448  -6.65292092998E+00  -4.86856931416E+00   5.00000000000E+00
      3449  -6.97984705253E+00  -3.61936609136E+00   5.00000000000E+00
      3450  -6.41157086531E+00  -4.24492189505E+00   5.00000000000E+00
      3451  -2.77157610166E+00  -2.65820567395E+00   5.00000000000E+00
      3452  -2.15019438053E+00  -2.68940843830E+00   5.00000000000E+00
      3453  -2.51998612841E+00  -3.28684760709E+00   5.00000000000E+00
      3454  -3.05002944787E+00  -2.17364292488E+00   5.00000000000E+00
      3455  -2.48621520914E+00  -2.11222947824E+00   5.00000000000E+00
      3456  -2.23924836790E+00  -3.96992561871E+00   5.00000000000E+00
      3457  -1.87712647897E+00  -3.36515704053E+00   5.00000000000E+00
      3458  -2.54350243257E+00  -4.46800795574E+00   5.00000000000E+00
      3459  -2.94017317508E+00  -3.89498480021E+00   5.00000000000E+00
      3460  -4.26869599954E+00  -8.48440450132E+00   5.00000000000E+00
      3461  -3.64276646060E+00  -8.52250652119E+00   5.00000000000E+00
      3462  -3.16087303352E+00  -5.33234704268E+00   5.00000000000E+00
      3463  -3.68364349173E+00  -4.91973828679E+00   5.00000000000E+00
      3464  -3.07494556917E+00  -4.64581240416E+00   5.00000000000E+00
      3465  -3.25491094183E+00  -5.91894028331E+00   5.00000000000E+00
      3466  -3.83131851767E+00  -5.63508786803E+00   5.00000000000E+00
      3467   4.34095259095E+00  -6.92668286199E+00   5.00000000000E+00
      3468   4.87479015048E+00  -6.60685470584E+00   5.00000000000E+00
      3469   4.97899161200E+00  -7.17508657850E+00   5.00000000000E+00
      3470   5.17024319505E+00  -6.01378557109E+00   5.00000000000E+00
      3471   5.38385919314E+00  -6.81233618818E+00   5.00000000000E+00
      3472   6.95299730178E+00  -3.50033352279E+00   5.00000000000E+00
      3473   6.61359610175E+00  -2.84343592511E+00   5.00000000000E+00
      3474   7.35082764825E+00  -2.89554267737E+00   5.00000000000E+00
      3475   6.65869044898E+00  -3.99022137286E+00   5.00000000000E+00
      3476   6.32756768977E+00  -3.53195172518E+00   5.00000000000E+00
      3477   1.62962364023E+00  -4.24816832301E+00   5.00000000000E+00
      3478   1.96711682339E+00  -3.70802863123E+00   5.00000000000E+00
      3479   2.30228192999E+00  -4.26274618076E+00   5.00000000000E+00
      3480   9.36025557188E-01  -4.21736267430E+00   5.00000000000E+00
      3481   1.34101794153E+00  -3.62223820953E+00   5.00000000000E+00
      3482  -1.02222886389E+00  -4.17585463924E+00   5.00000000000E+00
      3483  -1.61769517889E+00  -4.03924208977E+00   5.00000000000E+00
      3484  -1.19347087616E+00  -3.43750604351E+00   5.00000000000E+00
      3485  -8.44026259229E-01  -4.85591211178E+00   5.00000000000E+00
      3486  -1.40747456314E+00  -4.60098689281E+00   5.00000000000E+00
      3487   7.35717097375E+00  -5.96667201751E+00   5.00000000000E+00
      3488   7.39024858832E+00  -5.33580098063E+00   5.00000000000E+00
      3489   6.91941766585E+00  -6.37124444802E+00   5.00000000000E+00
      3490   6.79689894357E+00  -5.72435893319E+00   5.00000000000E+00
      3491   4.96526495719E+00  -4.51740623776E+00   5.00000000000E+00
      3492   4.93659005839E+00  -3.85065425502E+00   5.00000000000E+00
      3493   5.46463221056E+00  -4.17115045718E+00   5.00000000000E+00
      3494   5.61139465842E+00  -3.55816711041E+00   5.00000000000E+00
      3495   2.47330076730E-01  -4.23302668424E+00   5.00000000000E+00
      3496  -1.26089154415E-01  -4.93331604857E+00   5.00000000000E+00
      3497  -4.07029262761E-01  -4.27416746981E+00   5.00000000000E+00
      3498   1.14342904915E+00  -2.90914262601E+00   5.00000000000E+00
      3499   6.24732239880E-01  -3.46296651487E+00   5.00000000000E+00
      3500   5.81632798845E-01  -2.70958324265E+00   5.00000000000E+00
      3501   4.01374490290E-02  -2.94264616954E+00   5.00000000000E+00
      3502   6.32087605245E+00  -6.11365219272E+00   5.00000000000E+00
      3503   6.43880395539E+00  -6.79323738465E+00   5.00000000000E+00
      3504   5.85782762067E+00  -6.48269745725E+00   5.00000000000E+00
      3505   5.92869398097E+00  -7.19401733427E+00   5.00000000000E+00
      3506   5.01049948048E+00  -9.07075521490E-01   5.00000000000E+00
      3507   4.96115476473E+00  -1.55773612139E+00   5.00000000000E+00
      3508   4.58685524670E+00  -1.01299349147E+00   5.00000000000E+00
      3509   4.35290672104E+00  -1.47836285521E+00   5.00000000000E+00
      3510   5.29746791640E+00  -1.10923622923E+00   5.00000000000E+00
      3511   5.55510430911E+00  -1.43732794900E+00   5.00000000000E+00
      3512  -2.32327447768E+00  -1.48286164364E+00   5.00000000000E+00
      3513  -2.95348637826E+00  -1.64492812532E+00   5.00000000000E+00
      3514  -2.76505488881E+00  -1.08749588629E+00   5.00000000000E+00
      3515  -2.19310163896E+00  -8.56884801120E-01   5.00000000000E+00
      3516  -2.68389672380E+00  -5.76201866652E+00   5.00000000000E+00
      3517  -2.94821430339E+00  -6.57315895999E+00   5.00000000000E+00
      3518  -3.85984628415E+00  -6.94121357768E+00   5.00000000000E+00
      3519  -4.53101040962E+00  -6.91876885991E+00   5.00000000000E+00
      3520  -4.37186650486E+00  -6.30052264698E+00   5.00000000000E+00
      3521  -7.36915590115E-01  -1.77504557160E-01   5.00000000000E+00
      3522  -8.52633700243E-01  -3.36423960675E-01   5.00000000000E+00
      3523  -7.03729297561E-01  -2.72628025218E-01   5.00000000000E+00
      3524   2.88644565218E-01  -4.70039715964E-01   5.00000000000E+00
      3525   2.73633936927E-01  -5.06258534157E-01   5.00000000000E+00
      3526   2.60662513814E-01  -4.63497002972E-01   5.00000000000E+00
      3527   9.21388196793E+00  -8.15783465190E-02   5.00000000000E+00
      3528   9.30891753260E+00  -1.35335775577E-01   5.00000000000E+00
      3529   7.91913059507E+00  -7.03428818149E-02   5.00000000000E+00
      3530   7.34050590122E+00  -7.32659819312E-02   5.00000000000E+00
      3531   7.41522914410E+00  -7.27716284566E-02   5.00000000000E+00
      3532   6.83863239615E+00  -5.36577340328E-02   5.00000000000E+00
      3533   6.36759781378E+00  -8.02753299097E-02   5.00000000000E+00
      3534   5.89352625011E+00  -7.45805671216E-02   5.00000000000E+00
      3535   5.97259608672E+00  -1.09886480937E-01   5.00000000000E+00
      3536   5.41443539505E+00  -7.89299028680E-02   5.00000000000E+00
      3537   4.97680734585E+00  -9.37513133235E-02   5.00000000000E+00
      3538   5.06807379959E+00  -6.67068927260E-02   5.00000000000E+00
      3539   4.11398405793E+00  -6.90685424803E-02   5.00000000000E+00
      3540   3.50414749047E+00  -9.03087505955E-02   5.00000000000E+00
      3541   3.59120018477E+00  -1.16329997013E-01   5.00000000000E+00
      3542   3.11855557419E+00  -1.81777280121E-01   5.00000000000E+00
      3543   3.00896836493E+00  -1.35208152665E-01   5.00000000000E+00
      3544   3.08363448527E+00  -7.97138484675E-02   5.00000000000E+00
      3545   2.53586128831E+00  -9.86819129042E-02   5.00000000000E+00
      3546   2.63358691679E+00  -1.46433228015E-01   5.00000000000E+00
      3547   2.09029954232E+00  -9.52710495782E-02   5.00000000000E+00
      3548   1.16639533420E+00  -7.05987764023E-02   5.00000000000E+00
      3549   1.24496012617E+00  -7.03000857418E-02   5.00000000000E+00
      3550   9.76057451949E+00  -9.56061763006E-02   5.00000000000E+00
      3551   9.18401530063E+00  -1.91611928219E-01   5.00000000000E+00
      3552   8.90707212590E+00  -9.16522271614E-02   5.00000000000E+00
      3553   8.36245853664E+00  -6.94254869424E-02   5.00000000000E+00
      3554   7.37148715969E+00  -1.77518590260E-01   5.00000000000E+00
      3555   6.02411669110E+00  -6.21235593199E-02   5.00000000000E+00
      3556   5.87570366262E+00  -1.83536560106E-01   5.00000000000E+00
      3557   5.74174302977E+00  -1.72949684095E-01   5.00000000000E+00
      3558   5.70013391966E+00  -7.73524656864E-02   5.00000000000E+00
      3559   4.94734624654E+00  -1.96068260570E-01   5.00000000000E+00
      3560   4.20669433975E+00  -8.45317677053E-02   5.00000000000E+00
      3561   3.91991599143E+00  -1.97067984971E-01   5.00000000000E+00
      3562   3.67039454914E+00  -8.42875529503E-02   5.00000000000E+00
      3563   3.18607092539E+00  -9.69708570648E-02   5.00000000000E+00
      3564   3.03538268297E+00  -2.59230611085E-01   5.00000000000E+00
      3565   2.13631344912E+00  -1.84608256503E-01   5.00000000000E+00
      3566   1.31760994459E+00  -1.32766763833E-01   5.00000000000E+00
      3567   1.19632827415E+00  -1.65129095920E-01   5.00000000000E+00
      3568   8.95482552827E-01  -8.72186607116E-02   5.00000000000E+00
      3569   6.39246928924E-01  -7.78861957509E-02   5.00000000000E+00
      3570  -3.86616266336E-01  -3.49321658285E-01   5.00000000000E+00
      3571  -3.71631938346E-01  -3.76479590552E-01   5.00000000000E+00
      3572  -4.12489535591E-01  -3.65837996111E-01   5.00000000000E+00
      3573  -9.52503578523E+00  -5.06041152674E-01   5.00000000000E+00
      3574   5.58672230230E-01  -5.31303125032E-02   5.00000000000E+00
      3575  -5.22828898511E-01  -9.83891924047E-02   5.00000000000E+00
      3576  -5.22443869565E-01  -1.40823654350E-01   5.00000000000E+00
      3577  -5.53401112651E-01  -7.33381066383E-02   5.00000000000E+00
      3578  -5.73347074412E-01  -1.21610983717E-01   5.00000000000E+00
      3579  -9.09661446495E+00  -3.78357343025E-01   5.00000000000E+00
      3580  -8.75257382758E+00  -2.77815228522E-01   5.00000000000E+00
      3581  -8.62636663811E+00  -7.00039309371E-01   5.00000000000E+00
      3582  -8.05343753099E+00  -6.81887710777E-01   5.00000000000E+00
      3583  -8.20097187372E+00  -1.18169925969E+00   5.00000000000E+00
      3584  -8.34909633402E+00  -3.26275219537E-01   5.00000000000E+00
      3585  -5.21752177328E-01  -4.16034664364E-01   5.00000000000E+00
      3586  -5.95563983049E-01  -3.68821129631E-01   5.00000000000E+00
      3587  -5.03443348208E-01  -3.48402356739E-01   5.00000000000E+00
      3588   5.23064397489E-01  -8.73001296152E-02   5.00000000000E+00
      3589   5.65580298953E-01  -1.03746387006E-01   5.00000000000E+00
      3590   5.26081248232E-01  -1.20128699994E-01   5.00000000000E+00
      3591   8.54658984296E+00  -1.32438451587E+00   5.00000000000E+00
      3592   8.77823345367E+00  -9.17160324657E-01   5.00000000000E+00
      3593   9.38977965100E+00  -8.27811184128E-02   5.00000000000E+00
      3594   9.05140976099E+00  -1.89727560573E+00   5.00000000000E+00
      3595  -7.60492391165E+00  -4.97525153087E-01   5.00000000000E+00
      3596  -7.29621885861E+00  -2.92410467378E-01   5.00000000000E+00
      3597  -7.96228739484E+00  -3.04535543497E-01   5.00000000000E+00
      3598  -6.90342647723E+00  -3.03774868252E-01   5.00000000000E+00
      3599  -7.13179439820E+00  -6.43826695190E-01   5.00000000000E+00
      3600  -9.41077460410E+00  -1.12933212900E+00   5.00000000000E+00
      3601  -6.52123501041E+00  -2.68088087910E-01   5.00000000000E+00
      3602  -9.11385515307E+00  -1.86085992334E+00   5.00000000000E+00
      3603  -8.53206027684E+00  -2.41847658693E+00   5.00000000000E+00
      3604  -9.14874160879E+00  -2.55805456387E+00   5.00000000000E+00
      3605  -6.35328859715E+00  -2.42840573701E+00   5.00000000000E+00
      3606  -5.79503159642E+00  -1.78728022151E+00   5.00000000000E+00
      3607  -5.73922070100E+00  -2.46416496960E+00   5.00000000000E+00
      3608  -6.83519806216E+00  -1.09356707094E+00   5.00000000000E+00
      3609  -7.56080528726E+00  -1.06249050168E+00   5.00000000000E+00
      3610  -8.78961198501E+00  -3.16616102952E+00   5.00000000000E+00
      3611  -4.52534955546E+00  -4.70583898167E-01   5.00000000000E+00
      3612  -4.98102181035E+00  -2.69670872380E-01   5.00000000000E+00
      3613  -7.00371278549E+00  -2.79578472890E+00   5.00000000000E+00
      3614  -7.68209054478E+00  -2.27514047559E+00   5.00000000000E+00
      3615  -6.96072935338E+00  -2.15262848113E+00   5.00000000000E+00
      3616  -6.07435808258E+00  -9.98399996876E-01   5.00000000000E+00
      3617  -5.41551527942E+00  -7.76930047308E-01   5.00000000000E+00
      3618  -5.46119503888E+00  -1.25391016364E+00   5.00000000000E+00
      3619  -8.16725964769E+00  -4.09967185953E+00   5.00000000000E+00
      3620  -8.22746981993E+00  -4.70609622120E+00   5.00000000000E+00
      3621  -5.02124410732E+00  -5.87716649456E-01   5.00000000000E+00
      3622  -5.35871880966E+00  -3.36556540281E-01   5.00000000000E+00
      3623  -7.68422942923E+00  -4.56738298445E+00   5.00000000000E+00
      3624  -7.53057433534E+00  -4.03199808427E+00   5.00000000000E+00
      3625  -6.79619254935E+00  -5.48513157739E+00   5.00000000000E+00
      3626  -3.49764766006E+00  -7.38448781977E-01   5.00000000000E+00
      3627  -3.84506641560E+00  -1.11728573269E+00   5.00000000000E+00
      3628  -3.97557503590E+00  -6.37378110434E-01   5.00000000000E+00
      3629  -4.92825703482E+00  -7.32834783446E+00   5.00000000000E+00
      3630  -5.25031447027E+00  -7.82265843353E+00   5.00000000000E+00
      3631  -1.65841335415E+00  -7.47805957953E-01   5.00000000000E+00
      3632  -1.58597338555E+00  -3.56985458578E-01   5.00000000000E+00
      3633  -1.34330402813E+00  -5.89918422911E-01   5.00000000000E+00
      3634   1.18799875584E+00  -1.11941527346E+00   5.00000000000E+00
      3635   1.10461053143E+00  -7.21071019665E-01   5.00000000000E+00
      3636   1.71840318806E+00  -1.24863785739E+00   5.00000000000E+00
      3637   1.23027314623E+00  -1.54920196025E+00   5.00000000000E+00
      3638   7.88859343469E-01  -1.43079451319E+00   5.00000000000E+00
      3639   5.22340985630E-01  -2.34420524648E-01   5.00000000000E+00
      3640   5.76015316102E-01  -2.33460711714E-01   5.00000000000E+00
      3641   5.43899734560E-01  -2.85951484039E-01   5.00000000000E+00
      3642   8.35525345572E+00  -1.88362027023E+00   5.00000000000E+00
      3643   7.78483802176E+00  -2.23902755540E+00   5.00000000000E+00
      3644   7.87525991972E+00  -1.50312267899E+00   5.00000000000E+00
      3645   8.68115040616E+00  -3.20121286124E+00   5.00000000000E+00
      3646   9.08881283238E+00  -2.60300674318E+00   5.00000000000E+00
      3647   8.47911956999E+00  -2.45579362529E+00   5.00000000000E+00
      3648   7.42005975687E+00  -4.60781505569E-01   5.00000000000E+00
      3649   7.57603374187E+00  -6.31570959388E-01   5.00000000000E+00
      3650   7.25937223472E+00  -4.28964520118E-01   5.00000000000E+00
      3651   7.36060940463E+00  -3.17028341838E-01   5.00000000000E+00
      3652   6.28456062008E+00  -4.83174804208E+00   5.00000000000E+00
      3653   6.68625880135E+00  -4.51681284608E+00   5.00000000000E+00
      3654   6.71945142681E+00  -5.10532982894E+00   5.00000000000E+00
      3655   7.07400233159E+00  -2.25099943915E+00   5.00000000000E+00
      3656   8.51723112710E+00  -3.96936344738E+00   5.00000000000E+00
      3657   8.13398156154E+00  -3.53943797842E+00   5.00000000000E+00
      3658   7.98158068235E+00  -5.16266471411E+00   5.00000000000E+00
      3659   4.35264706268E+00  -4.17995790701E+00   5.00000000000E+00
      3660   4.34139292113E+00  -3.47335805640E+00   5.00000000000E+00
      3661   4.20216281401E+00  -1.07572369746E+00   5.00000000000E+00
      3662   5.15004517332E+00  -7.81880009612E+00   5.00000000000E+00
      3663   5.46388755677E+00  -7.41807599316E+00   5.00000000000E+00
      3664   4.08306505768E+00  -5.30956290398E-01   5.00000000000E+00
      3665   4.43175423693E+00  -5.57025573990E+00   5.00000000000E+00
      3666   4.42176595296E+00  -6.21045424917E+00   5.00000000000E+00
      3667   3.81230874565E+00  -8.61664587079E+00   5.00000000000E+00
      3668  -4.19884502519E-01  -3.26528528689E-01   5.00000000000E+00
      3669   4.82069992418E-01  -2.29683290552E-01   5.00000000000E+00
      3670  -6.26900068071E-01  -5.42690527626E-01   5.00000000000E+00
      3671  -5.25471410058E-01  -4.93734814166E-01   5.00000000000E+00
      3672  -4.99511983891E-01  -6.04021525424E-01   5.00000000000E+00
      3673  -4.50864457107E-01  -3.95703791275E-01   5.00000000000E+00
      3674  -2.96101939754E-01  -4.76819050329E-01   5.00000000000E+00
      3675  -3.09021279638E-01  -4.38164475629E-01   5.00000000000E+00
      3676  -2.84327862265E-01  -4.40584716164E-01   5.00000000000E+00
      3677  -2.57980545366E-01  -4.61657422957E-01   5.00000000000E+00
      3678   4.41962244272E-01  -3.17776094365E-01   5.00000000000E+00
      3679   4.10539123643E-01  -3.28390321644E-01   5.00000000000E+00
      3680   2.01096500916E+00  -8.50342903195E-01   5.00000000000E+00
      3681   4.31994545815E-01  -3.62497691090E-01   5.00000000000E+00
      3682   3.93196918368E-01  -3.47354398283E-01   5.00000000000E+00
      3683   3.89291854742E-01  -3.72304299992E-01   5.00000000000E+00
      3684   2.59245938037E+00  -9.16393772031E+00   5.00000000000E+00
      3685   3.63654301725E-01  -3.94820456476E-01   5.00000000000E+00
      3686   1.00435104963E+00  -9.37762732017E+00   5.00000000000E+00
      3687   1.48884529040E+00  -8.91621814720E+00   5.00000000000E+00
      3688   2.82759895695E-01  -4.42113890188E-01   5.00000000000E+00
      3689   1.66090815447E-01  -2.19624240157E+00   5.00000000000E+00
      3690   7.30913433638E-01  -8.69719976096E+00   5.00000000000E+00
      3691   5.50960855161E-03  -8.77244135479E+00   5.00000000000E+00
      3692   2.24777696793E-01  -8.12660054447E+00   5.00000000000E+00
      3693   4.00459387913E-01  -7.45934176884E+00   5.00000000000E+00
      3694   8.43275039088E-01  -7.94627054370E+00   5.00000000000E+00
      3695   3.01309748291E+00  -6.70566005062E+00   5.00000000000E+00
      3696   3.09798952983E+00  -7.54001302970E+00   5.00000000000E+00
      3697   2.42883798548E+00  -7.30114438079E+00   5.00000000000E+00
      3698   1.22751889251E+00  -8.33645973087E+00   5.00000000000E+00
      3699   9.34252159458E-02  -5.46617334360E-01   5.00000000000E+00
      3700   5.29913870769E-02  -5.63474803414E-01   5.00000000000E+00
      3701   6.41775980672E-02  -5.24217169034E-01   5.00000000000E+00
      3702  -1.95352396737E+00  -8.53198592149E+00   5.00000000000E+00
      3703  -1.52559713508E+00  -9.08824535918E+00   5.00000000000E+00
      3704  -2.07017566752E+00  -9.20845779186E+00   5.00000000000E+00
      3705   1.52414735828E-01  -5.06663564359E-01   5.00000000000E+00
      3706  -2.61266339464E+00  -7.26358935923E+00   5.00000000000E+00
      3707  -2.29241078239E+00  -6.81959314614E+00   5.00000000000E+00
      3708  -1.97302841792E+00  -7.30225812177E+00   5.00000000000E+00
      3709  -3.08837111906E+00  -8.83786289721E+00   5.00000000000E+00
      3710  -2.48113862878E+00  -8.82381813638E+00   5.00000000000E+00
      3711  -2.62109323003E+00  -9.21878796778E+00   5.00000000000E+00
      3712   1.28459013233E-01  -5.68187316739E-01   5.00000000000E+00
      3713   1.25300054277E-01  -6.26942279666E-01   5.00000000000E+00
      3714   9.28624525201E-02  -5.83286700846E-01   5.00000000000E+00
      3715  -3.24863072644E+00  -8.24573931182E+00   5.00000000000E+00
      3716  -2.67827266906E+00  -8.33460666693E+00   5.00000000000E+00
      3717  -7.81697588370E-01  -1.55873546385E+00   5.00000000000E+00
      3718  -9.07558302244E-01  -1.16760151098E+00   5.00000000000E+00
      3719  -6.27575083545E-01  -1.25212841376E+00   5.00000000000E+00
      3720  -2.28471947646E+00  -7.85433317814E+00   5.00000000000E+00
      3721  -2.97209816397E+00  -7.79198212197E+00   5.00000000000E+00
      3722  -2.06496559425E-02  -6.05437137997E-01   5.00000000000E+00
      3723  -6.68038107752E-02  -6.21077402079E-01   5.00000000000E+00
      3724  -6.18778638332E-02  -5.82210857929E-01   5.00000000000E+00
      3725  -4.65383213804E+00  -7.89728729347E+00   5.00000000000E+00
      3726  -1.21000974947E+00  -3.08059149737E-01   5.00000000000E+00
      3727  -1.06094946560E+00  -5.95623314128E-01   5.00000000000E+00
      3728  -4.73318979097E-01  -7.66405653183E-01   5.00000000000E+00
      3729  -3.80017001359E-01  -6.52408580248E-01   5.00000000000E+00
      3730  -3.21232460006E-01  -7.49939012452E-01   5.00000000000E+00
      3731  -6.22168211804E-01  -2.93506577304E-01   5.00000000000E+00
      3732  -6.23765696816E-01  -2.20142725214E-01   5.00000000000E+00
      3733  -5.72490798786E-01  -2.58611900440E-01   5.00000000000E+00
      3734  -1.99497142972E-01  -6.95229664532E-01   5.00000000000E+00
      3735  -1.56637551452E-01  -6.24228483702E-01   5.00000000000E+00
      3736  -1.10024478691E-01  -6.58875610164E-01   5.00000000000E+00
      3737  -2.21717341869E-01  -4.78125367528E-01   5.00000000000E+00
      3738  -1.89880331089E-01  -4.87454871363E-01   5.00000000000E+00
      3739  -5.12899117740E+00  -6.62958512672E+00   5.00000000000E+00
      3740  -4.52227511688E+00  -5.58108557060E+00   5.00000000000E+00
      3741  -4.95545350741E+00  -5.97969604432E+00   5.00000000000E+00
      3742  -5.14814515395E+00  -5.36978705844E+00   5.00000000000E+00
      3743  -7.40510021578E+00  -5.70967718983E+00   5.00000000000E+00
      3744   4.56994934938E+00  -7.59432776423E+00   5.00000000000E+00
      3745   4.12628999082E+00  -8.05978199459E+00   5.00000000000E+00
      3746   4.07766944939E+00  -7.46783073581E+00   5.00000000000E+00
      3747  -1.09904968391E+00  -8.53348464498E+00   5.00000000000E+00
      3748  -9.72778987763E-01  -9.28005612575E+00   5.00000000000E+00
      3749   4.43350883819E+00  -2.08951138965E+00   5.00000000000E+00
      3750   4.96092359539E+00  -2.41598457746E+00   5.00000000000E+00
      3751   3.09344074326E-01  -4.46197087936E-01   5.00000000000E+00
      3752   3.23957723353E+00  -5.87185091166E+00   5.00000000000E+00
      3753   2.60819350068E+00  -6.14615203830E+00   5.00000000000E+00
      3754   2.46797555003E+00  -5.47859806258E+00   5.00000000000E+00
      3755  -5.54147984038E+00  -5.98805226739E+00   5.00000000000E+00
      3756  -5.82308022491E+00  -5.36600861523E+00   5.00000000000E+00
      3757  -4.63448041689E+00  -5.05835285071E+00   5.00000000000E+00
      3758  -4.18841372831E+00  -5.14985034047E+00   5.00000000000E+00
      3759   5.13029776252E-01  -6.79910490086E+00   5.00000000000E+00
      3760   1.07490847757E+00  -7.19603366066E+00   5.00000000000E+00
      3761  -3.63498938435E+00  -3.40808759169E-01   5.00000000000E+00
      3762   9.64216832422E-01  -5.42165900557E+00   5.00000000000E+00
      3763   1.29723697806E+00  -4.82375745655E+00   5.00000000000E+00
      3764   1.67017675623E+00  -5.43462793513E+00   5.00000000000E+00
      3765   2.05939953933E+00  -9.24662656862E+00   5.00000000000E+00
      3766   2.28398131931E+00  -8.55756488125E+00   5.00000000000E+00
      3767   5.80147159558E+00  -5.89708631344E+00   5.00000000000E+00
      3768   3.31688210041E+00  -3.60207538569E-01   5.00000000000E+00
      3769   1.74495661598E+00  -3.12470575597E+00   5.00000000000E+00
      3770   1.66193511185E+00  -2.41765814029E+00   5.00000000000E+00
      3771   2.21755791097E+00  -2.72729885334E+00   5.00000000000E+00
      3772   7.37842230458E+00  -1.77619112100E+00   5.00000000000E+00
      3773  -8.10166521995E+00  -2.98054642692E+00   5.00000000000E+00
      3774  -7.77101587893E+00  -3.55278897383E+00   5.00000000000E+00
      3775  -8.31075850869E+00  -3.50952672378E+00   5.00000000000E+00
      3776   3.81973084864E-01  -9.38269202603E+00   5.00000000000E+00
      3777  -3.22457682332E-01  -9.36401073602E+00   5.00000000000E+00
      3778  -2.18111284648E+00  -6.23394056747E+00   5.00000000000E+00
      3779  -1.73785736543E+00  -6.72193957040E+00   5.00000000000E+00
      3780  -4.36609104688E+00  -7.39417511372E+00   5.00000000000E+00
      3781   3.13709662941E+00  -8.77222488515E+00   5.00000000000E+00
      3782   5.55789288144E+00  -5.48286949305E+00   5.00000000000E+00
      3783  -1.96662192330E+00  -4.68602230383E+00   5.00000000000E+00
      3784  -2.56769376093E+00  -5.05723088502E+00   5.00000000000E+00
      3785   3.05935032492E+00  -4.22054262730E+00   5.00000000000E+00
      3786   2.55842855766E+00  -3.69939512744E+00   5.00000000000E+00
      3787   3.14941304630E+00  -3.47235681263E+00   5.00000000000E+00
      3788   4.39494750667E+00  -4.87391772711E+00   5.00000000000E+00
      3789   5.01440633144E+00  -5.22504005860E+00   5.00000000000E+00
      3790   3.71522727134E+00  -3.83003423532E+00   5.00000000000E+00
      3791   3.76245966134E+00  -4.53437693047E+00   5.00000000000E+00
      3792  -5.24902152646E+00  -2.21830232585E+00   5.00000000000E+00
      3793  -4.71937545191E+00  -2.63713089320E+00   5.00000000000E+00
      3794  -5.31534956501E+00  -2.86153096407E+00   5.00000000000E+00
      3795  -4.26135302492E+00  -1.37355624136E+00   5.00000000000E+00
      3796  -4.84227013174E+00  -1.10798338575E+00   5.00000000000E+00
      3797  -4.28177627047E+00  -9.26121717683E-01   5.00000000000E+00
      3798  -6.49520205953E-01  -3.73137266416E+00   5.00000000000E+00
      3799   8.11902491827E-02  -6.76718321986E-01   5.00000000000E+00
      3800   1.47151802023E-01  -7.13274601627E-01   5.00000000000E+00
      3801  -1.57797120122E+00  -7.88507621922E+00   5.00000000000E+00
      3802  -3.78139071090E+00  -7.80583538584E+00   5.00000000000E+00
      3803  -3.22691200632E+00  -7.24778882988E+00   5.00000000000E+00
      3804  -2.79430310008E-01  -5.79123521862E+00   5.00000000000E+00
      3805   5.59034703767E-01  -6.06703291519E+00   5.00000000000E+00
      3806   5.45345634838E-02  -6.44877082885E+00   5.00000000000E+00
      3807   6.10338589718E+00  -4.20580569966E+00   5.00000000000E+00
      3808   6.52576776838E+00  -2.16880962646E+00   5.00000000000E+00
      3809  -5.93462700936E+00  -3.00684209273E+00   5.00000000000E+00
      3810  -6.48398689742E+00  -3.09666623186E+00   5.00000000000E+00
      3811  -5.79711043983E+00  -4.51305911463E-01   5.00000000000E+00
      3812  -8.68332805575E+00  -3.82841610688E+00   5.00000000000E+00
      3813   7.89937375606E+00  -4.08904979199E+00   5.00000000000E+00
      3814   1.53720658282E+00  -6.60915726521E+00   5.00000000000E+00
      3815   1.96550747437E+00  -6.05352244533E+00   5.00000000000E+00
      3816   2.22269343070E+00  -6.64546872005E+00   5.00000000000E+00
      3817   1.43371159707E+00  -7.81066530634E+00   5.00000000000E+00
      3818   2.01326554813E+00  -7.84724141560E+00   5.00000000000E+00
      3819   1.66933740191E+00  -8.29988298889E+00   5.00000000000E+00
      3820   2.88987332118E+00  -8.16345162817E+00   5.00000000000E+00
      3821   3.44848559644E+00  -8.12729623817E+00   5.00000000000E+00
      3822   4.20845993300E-01  -6.42492090503E-01   5.00000000000E+00
      3823   4.62925232235E-01  -7.42817432203E-01   5.00000000000E+00
      3824   3.50604007603E-01  -6.91148631213E-01   5.00000000000E+00
      3825   6.17321916058E+00  -8.69023229966E-02   5.00000000000E+00
      3826   5.51741464766E+00  -2.78918583183E+00   5.00000000000E+00
      3827   5.51570674218E+00  -2.07617000409E+00   5.00000000000E+00
      3828   6.03693654670E+00  -2.46768317530E+00   5.00000000000E+00
      3829   1.77396422323E+00  -7.23810349830E+00   5.00000000000E+00
      3830   2.69997139633E+00  -4.81510472195E+00   5.00000000000E+00
      3831   3.09621778129E+00  -5.26337301109E+00   5.00000000000E+00
      3832  -6.75232463815E-01  -7.15711095536E+00   5.00000000000E+00
      3833  -4.98614539481E-01  -6.52314299771E+00   5.00000000000E+00
      3834  -6.74423962138E-02  -7.01010392510E+00   5.00000000000E+00
      3835   5.97534954229E-01  -4.84502862513E+00   5.00000000000E+00
      3836  -1.19829410188E-01  -3.63980339889E+00   5.00000000000E+00
      3837   3.92334969301E+00  -5.86689624016E+00   5.00000000000E+00
      3838   8.09779524802E+00  -1.00379872448E+00   5.00000000000E+00
      3839   7.86915664897E+00  -7.04650270744E-01   5.00000000000E+00
      3840  -6.25111950038E+00  -5.94907846880E+00   5.00000000000E+00
      3841  -3.65025213076E+00  -6.29208887932E+00   5.00000000000E+00
      3842  -4.61966635778E+00  -1.89331022462E+00   5.00000000000E+00
      3843  -3.27368607200E+00  -2.51967227973E+00   5.00000000000E+00
      3844  -3.13606927262E+00  -3.09955276202E+00   5.00000000000E+00
      3845  -5.19343693026E+00  -1.65215726428E+00   5.00000000000E+00
      3846  -6.14845904257E+00  -3.63293250931E+00   5.00000000000E+00
      3847  -5.62567673693E+00  -4.26862103433E+00   5.00000000000E+00
      3848  -6.06333486314E+00  -4.81661775126E+00   5.00000000000E+00
      3849  -5.55033983870E+00  -4.90372076968E+00   5.00000000000E+00
      3850  -4.31390004467E+00  -4.55406019769E+00   5.00000000000E+00
      3851  -3.60996391755E+00  -4.21511407226E+00   5.00000000000E+00
      3852   6.02311972635E+00  -3.05931521420E+00   5.00000000000E+00
      3853  -3.31768767462E+00  -1.20311641657E+00   5.00000000000E+00
      3854  -3.72397378636E+00  -1.89887946444E+00   5.00000000000E+00
      3855  -7.21893742156E+00  -1.63235344370E+00   5.00000000000E+00
      3856  -6.60828179992E+00  -6.15237271818E-01   5.00000000000E+00
      3857   3.94859635554E+00  -1.84105640416E+00   5.00000000000E+00
      3858   3.46467331195E+00  -1.47404052503E+00   5.00000000000E+00
      3859   3.92072984564E+00  -1.29192305227E+00   5.00000000000E+00
      3860  -1.04186070366E-01  -5.27030886206E-01   5.00000000000E+00
      3861  -1.46790320601E-01  -5.42468129873E-01   5.00000000000E+00
      3862  -1.38559452355E-01  -5.07369320458E-01   5.00000000000E+00
      3863  -7.51504183396E+00  -3.04915630791E+00   5.00000000000E+00
      3864   3.76935624801E+00  -6.42938737104E+00   5.00000000000E+00
      3865   3.66450813811E+00  -7.11328844766E+00   5.00000000000E+00
      3866  -1.33254828735E+00  -7.26901725749E+00   5.00000000000E+00
      3867  -8.58039805685E-01  -6.09543159001E+00   5.00000000000E+00
      3868  -9.29114823700E-01  -5.54084678610E+00   5.00000000000E+00
      3869   6.76479465424E+00  -9.99082012926E-01   5.00000000000E+00
      3870   7.49447134845E+00  -2.64964065586E-01   5.00000000000E+00
      3871   6.15661618869E+00  -5.42827021999E+00   5.00000000000E+00
      3872   7.21422485823E+00  -4.17536473971E+00   5.00000000000E+00
      3873   7.59249472555E+00  -3.52859383823E+00   5.00000000000E+00
      3874   6.08365002474E+00  -1.72214313727E+00   5.00000000000E+00
      3875   3.99643047853E+00  -2.41755756836E+00   5.00000000000E+00
      3876   4.40470906809E+00  -2.76211128860E+00   5.00000000000E+00
      3877   3.73959195837E+00  -3.01846123020E+00   5.00000000000E+00
      3878  -6.32713294153E+00  -5.27518285899E+00   5.00000000000E+00
      3879  -7.86077841189E+00  -5.17696993944E+00   5.00000000000E+00
      3880  -8.36008997775E+00  -1.74232215498E+00   5.00000000000E+00
      3881  -7.80457902101E+00  -1.57880116713E+00   5.00000000000E+00
      3882   2.54278954078E+00  -7.88188306710E+00   5.00000000000E+00
      3883   8.00356322747E+00  -2.97183431909E+00   5.00000000000E+00
      3884  -1.46669539681E+00  -5.97963465111E+00   5.00000000000E+00
      3885  -1.11634395842E+00  -6.64229829649E+00   5.00000000000E+00
      3886   4.72227978276E+00  -8.18192681887E+00   5.00000000000E+00
      3887   6.99016039587E-02  -1.20271537786E+00   5.00000000000E+00
      3888  -8.72731202988E-03  -1.57862604803E+00   5.00000000000E+00
      3889  -1.82696849648E-01  -1.23526128685E+00   5.00000000000E+00
      3890   1.16787801882E+00  -3.96980446243E-01   5.00000000000E+00
      3891   2.24295922829E+00  -1.87382740174E+00   5.00000000000E+00
      3892   2.76994919792E+00  -2.45856073256E+00   5.00000000000E+00
      3893  -4.02900183067E-01  -8.28377821923E+00   5.00000000000E+00
      3894  -2.15359475376E-01  -7.64892747523E+00   5.00000000000E+00
      3895   2.26411317240E+00  -1.15244698939E+00   5.00000000000E+00
      3896   3.43563549863E+00  -1.44508126487E-01   5.00000000000E+00
      3897   9.34598384554E-01  -2.08379403802E+00   5.00000000000E+00
      3898   1.55763381180E+00  -1.83462387954E+00   5.00000000000E+00
      3899   2.67696769566E+00  -3.09776256977E+00   5.00000000000E+00
      3900   8.26714965075E+00  -4.62398697340E+00   5.00000000000E+00
      3901  -1.03151178390E+00  -2.12645770331E+00   5.00000000000E+00
      3902  -9.69250579179E-01  -2.77753608701E+00   5.00000000000E+00
      3903  -1.50375999284E+00  -2.72276156035E+00   5.00000000000E+00
      3904  -1.74171834631E+00  -1.24516425765E+00   5.00000000000E+00
      3905  -8.80212813092E+00  -1.23341685733E+00   5.00000000000E+00
      3906  -6.53867805265E+00  -1.67118062821E+00   5.00000000000E+00
      3907   5.64672709641E+00  -4.85016530212E+00   5.00000000000E+00
      3908  -6.93171532180E+00  -6.21942636223E+00   5.00000000000E+00
      3909  -2.12514265959E-01  -6.02406063781E-01   5.00000000000E+00
      3910  -1.62108419414E-01  -5.81182595712E-01   5.00000000000E+00
      3911  -4.28843053506E-01  -1.89790151567E+00   5.00000000000E+00
      3912  -4.10421793112E-01  -1.44107324594E+00   5.00000000000E+00
      3913   4.95640661694E+00  -3.15779490951E+00   5.00000000000E+00
      3914   4.91062200302E+00  -2.96306376782E-01   5.00000000000E+00
      3915   7.64920865973E+00  -4.72130971795E+00   5.00000000000E+00
      3916  -6.20098141284E+00  -4.19979723779E-01   5.00000000000E+00
      3917  -5.98417699192E+00  -2.19973199430E-01   5.00000000000E+00
      3918   2.93167238413E+00  -1.78385829335E+00   5.00000000000E+00
      3919   2.64819475174E+00  -1.30118706909E+00   5.00000000000E+00
      3920   3.42772922685E+00  -2.26796178458E+00   5.00000000000E+00
      3921  -1.77051176872E+00  -1.95457285333E+00   5.00000000000E+00
      3922  -4.76330023846E-01  -2.50582756626E+00   5.00000000000E+00
      3923  -9.10071053877E+00  -7.86248367580E-01   5.00000000000E+00
      3924   5.90954135303E+00  -1.21075005550E+00   5.00000000000E+00
      3925   6.33575177846E+00  -1.11801495183E+00   5.00000000000E+00
      3926  -5.40664907671E-01  -8.84829414228E+00   5.00000000000E+00
      3927  -1.25413286529E+00  -9.36046381558E-01   5.00000000000E+00
      3928  -3.79878561123E-01  -9.06977094197E-01   5.00000000000E+00
      3929   1.23928043926E-01  -5.27256246305E-01   5.00000000000E+00
      3930   7.74973144130E+00  -4.72488776793E-01   5.00000000000E+00
      3931   3.68664717768E+00  -7.64507261058E+00   5.00000000000E+00
      3932  -4.16572921070E-01  -1.12983198187E+00   5.00000000000E+00
      3933  -6.21624812926E-01  -9.63399866135E-01   5.00000000000E+00
      3934  -6.58161569889E-01  -8.83984754725E-02   5.00000000000E+00
      3935  -3.68678175149E+00  -2.76808057335E+00   5.00000000000E+00
      3936   7.07048919743E-01  -2.53614389131E-01   5.00000000000E+00
      3937   6.70281381213E-01  -1.60814968753E-01   5.00000000000E+00
      3938  -4.19153351620E+00  -2.45297394313E+00   5.00000000000E+00
      3939   7.13723955685E+00  -4.79240739324E+00   5.00000000000E+00
      3940  -1.91884905030E+00  -4.67443004697E-01   5.00000000000E+00
      3941  -4.04501864225E+00  -2.78098391155E-01   5.00000000000E+00
      3942   3.15408806418E+00  -3.26303894839E-01   5.00000000000E+00
      3943   3.36307202033E+00  -9.81449535106E-01   5.00000000000E+00
      3944  -3.08192163313E+00  -7.96261998560E-01   5.00000000000E+00
      3945   8.45497347814E+00  -9.08173298552E-01   5.00000000000E+00
      3946   8.39346063738E+00  -4.46244800838E-01   5.00000000000E+00
      3947  -1.25087597305E+00  -1.49281390832E+00   5.00000000000E+00
      3948   1.18533000040E+00  -2.61976643579E-01   5.00000000000E+00
      3949   3.65390259239E+00  -1.07267483927E+00   5.00000000000E+00
      3950   3.54840783647E-01  -1.35282131468E+00   5.00000000000E+00
      3951   5.47481775486E-01  -1.14112289078E+00   5.00000000000E+00
      3952   8.22443667966E+00  -6.44989494725E-01   5.00000000000E+00
      3953   7.57798885112E+00  -4.21626106384E-01   5.00000000000E+00
      3954   4.50835279033E+00  -7.10721689999E-02   5.00000000000E+00
      3955   7.99234136101E-01  -9.67873084319E-01   5.00000000000E+00
      3956  -2.10049622321E-01  -5.10500451733E-01   5.00000000000E+00
      3957  -1.71794122004E-01  -5.11192541287E-01   5.00000000000E+00
      3958  -1.89758767048E-01  -5.50155050371E-01   5.00000000000E+00
      3959  -2.26068369988E-01  -1.00618648770E+00   5.00000000000E+00
      3960   3.01205559002E-01  -1.03074161024E+00   5.00000000000E+00
      3961   9.47018946223E-01  -4.85864148874E-01   5.00000000000E+00
      3962   8.11710170659E-01  -6.62401357671E-01   5.00000000000E+00
      3963   5.16197778023E-01  -9.16897896256E-01   5.00000000000E+00
      3964   7.74388147087E-02  -9.61104007641E-01   5.00000000000E+00
      3965   1.92562649747E-01  -8.34015233399E-01   5.00000000000E+00
      3966  -8.82206605284E-01  -8.16982327614E-01   5.00000000000E+00
      3967  -7.03142217647E-02  -1.05620856904E+00   5.00000000000E+00
      3968   6.25926470967E-01  -7.52220428906E-01   5.00000000000E+00
      3969   4.73767559910E-01  -3.40917541276E-01   5.00000000000E+00
      3970   4.84152432079E-01  -2.98774162304E-01   5.00000000000E+00
      3971   5.22663050432E-01  -3.42512685880E-01   5.00000000000E+00
      3972   8.27786139335E+00  -6.55191973455E-02   5.00000000000E+00
      3973   4.89041613377E+00  -1.18622962466E-01   5.00000000000E+00
      3974   5.03453251003E+00  -2.80716546564E-01   5.00000000000E+00
      3975   4.30323731994E-01  -1.73292744798E+00   5.00000000000E+00
      3976   4.24156722867E+00  -1.78896515120E-01   5.00000000000E+00
      3977   6.02507290039E+00  -4.84471020470E-01   5.00000000000E+00
      3978  -7.96697145580E-01  -5.70339028412E-01   5.00000000000E+00
      3979  -6.47845287617E-01  -7.09917315745E-01   5.00000000000E+00
      3980   5.64250301856E+00  -2.56392761595E-01   5.00000000000E+00
      3981   7.59758868809E-01  -4.74788918672E-01   5.00000000000E+00
      3982   6.90151810089E-01  -3.52303452409E-01   5.00000000000E+00
      3983   3.90326369816E-02  -7.70232115974E-01   5.00000000000E+00
      3984  -7.91715076333E-02  -8.94260760306E-01   5.00000000000E+00
      3985   6.56536436072E-02  -6.16209782150E-01   5.00000000000E+00
      3986   2.56105024520E-02  -6.54905880251E-01   5.00000000000E+00
      3987   5.13977977059E-01  -6.31669938170E-01   5.00000000000E+00
      3988   3.49999166457E-01  -8.22475608168E-01   5.00000000000E+00
      3989   8.54099642168E+00  -8.86584097768E-02   5.00000000000E+00
      3990   9.68568445186E+00  -6.45989690297E-02   5.00000000000E+00
      3991   6.23196344483E-01  -2.81789541261E-01   5.00000000000E+00
      3992   5.94514853065E-01  -3.49820842494E-01   5.00000000000E+00
      3993   5.14807082953E-01  -5.15752154364E-02   5.00000000000E+00
      3994   1.41575654371E+00  -9.09443761438E-02   5.00000000000E+00
      3995  -5.93463450711E-01  -4.49851383266E-01   5.00000000000E+00
      3996   2.49771172986E-01  -7.23191040510E-01   5.00000000000E+00
      3997  -4.68946389435E-01  -4.49022035635E-01   5.00000000000E+00
      3998   6.31705953564E-01  -5.65602993002E-01   5.00000000000E+00
      3999  -2.17413729002E-01  -8.34928477828E-01   5.00000000000E+00
      4000   2.91947987946E+00  -8.93593536583E-02   5.00000000000E+00
      4001   4.88065526950E-01  -3.83027072744E-01   5.00000000000E+00
      4002   1.57586513843E-01  -5.43162339208E-01   5.00000000000E+00
      4003   2.72980292219E-01  -6.37163936747E-01   5.00000000000E+00
      4004   1.98383190866E-01  -6.45866284493E-01   5.00000000000E+00
      4005  -9.24387123061E-03  -5.26625201079E-01   5.00000000000E+00
      4006  -3.83325759568E-02  -5.49192786521E-01   5.00000000000E+00
      4007  -3.83289734886E-02  -6.77196959097E-01   5.00000000000E+00
      4008  -9.71390349564E-02  -7.52653608116E-01   5.00000000000E+00
      4009   3.74547651117E-01  -4.38134632330E-01   5.00000000000E+00
      4010   3.33771162735E-01  -4.18388617247E-01   5.00000000000E+00
      4011   4.98363968491E-01  -4.41285889935E-01   5.00000000000E+00
      4012   5.13400065251E-01  -5.23014571931E-01   5.00000000000E+00
      4013   4.32953304266E-01  -4.64364967221E-01   5.00000000000E+00
      4014  -2.81518480738E-01  -6.43576395677E-01   5.00000000000E+00
      4015  -2.85502786343E-01  -5.31682046749E-01   5.00000000000E+00
      4016  -3.40091809330E-01  -5.14896675382E-01   5.00000000000E+00
      4017   6.33494623145E-01  -2.21785247002E-01   5.00000000000E+00
      4018   2.75242435476E-01  -5.65482869340E-01   5.00000000000E+00
      4019   2.23930287361E-01  -5.87987607854E-01   5.00000000000E+00
      4020   5.63517220363E-01  -4.76719016902E-01   5.00000000000E+00
      4021   6.33650901837E-01  -4.38406718761E-01   5.00000000000E+00
      4022  -5.51650600020E-01  -3.04219468629E-01   5.00000000000E+00
      4023  -5.01335584941E-01  -2.99329819918E-01   5.00000000000E+00
      4024  -4.49811680062E-01  -3.49963210932E-01   5.00000000000E+00
      4025  -4.46054596151E-01  -5.05213045712E-01   5.00000000000E+00
      4026  -3.96976544888E-01  -5.57780741288E-01   5.00000000000E+00
      4027  -2.67653769676E-01  -5.80344291548E-01   5.00000000000E+00
      4028   2.56033110104E-02  -5.27472051747E-01   5.00000000000E+00
      4029  -3.23292408997E-01  -5.79349048538E-01   5.00000000000E+00
      4030  -3.86601818797E-01  -4.93979586014E-01   5.00000000000E+00
      4031   4.21921475515E-01  -5.51731355253E-01   5.00000000000E+00
      4032   5.49275539736E-01  -4.02278564352E-01   5.00000000000E+00
      4033   1.71490708115E-01  -5.87069311766E-01   5.00000000000E+00
      4034   3.42950338298E-01  -5.93615440468E-01   5.00000000000E+00
      4035  -6.91542282295E-01  -4.33646615105E-01   5.00000000000E+00
      4036   3.73742837781E-01  -4.87581636035E-01   5.00000000000E+00
      4037   3.20835509745E-01  -4.90735552633E-01   5.00000000000E+00
      4038   3.41977605863E-01  -4.55874877215E-01   5.00000000000E+00
      4039   3.12452480980E-01  -5.37474691808E-01   5.00000000000E+00
      4040  -6.63668867300E-02  -5.22894616727E-01   5.00000000000E+00
      4041   1.77230216646E-01  -4.89154400201E-01   5.00000000000E+00
      4042   1.84513014654E-01  -5.18704196147E-01   5.00000000000E+00
      4043  -4.07190379215E-01  -4.43509463089E-01   5.00000000000E+00
      4044  -3.60964666978E-01  -4.12156823519E-01   5.00000000000E+00
      4045  -3.45907651974E-01  -4.55158401570E-01   5.00000000000E+00
      4046  -4.64680318941E-01  -3.14021897023E-01   5.00000000000E+00
      4047  -6.93127494990E-01  -3.41005261587E-01   5.00000000000E+00
      4048   2.53930587920E-02  -5.98848606388E-01   5.00000000000E+00
      4049   4.63406165758E-01  -2.60175265912E-01   5.00000000000E+00
      4050   4.44435685965E-01  -2.85333838758E-01   5.00000000000E+00
      4051   9.55941031303E-02  -5.15429958727E-01   5.00000000000E+00
      4052   4.06040768844E-01  -4.06346025552E-01   5.00000000000E+00
      4053  -2.35440906346E-01  -5.44707902994E-01   5.00000000000E+00
      4054   6.02086925659E-01  -1.34598455764E-01   5.00000000000E+00
      4055   3.54380528464E-01  -5.32227735240E-01   5.00000000000E+00
      4056  -4.00155983365E-01  -3.98772332325E-01   5.00000000000E+00
      4057  -3.26418447455E-01  -4.17233750658E-01   5.00000000000E+00
      4058  -1.08936086577E-01  -5.85031779039E-01   5.00000000000E+00
      4059   5.70264078650E-03  -5.60486068939E-01   5.00000000000E+00
      4060  -6.28995642639E-01  -1.55526270903E-01   5.00000000000E+00
      4061   4.51466316831E-01  -4.10587891188E-01   5.00000000000E+00
      4062   5.01159966122E-01  -2.04500363989E-01   5.00000000000E+00
      4063  -7.54405507483E-02  -5.52190669116E-01   5.00000000000E+00
      4064   1.92863596505E-01  -5.52377219159E-01   5.00000000000E+00
      4065  -2.50969309684E-01  -4.98900566172E-01   5.00000000000E+00
      4066  -5.12668020441E-01  -5.82918815973E-02   5.00000000000E+00
      4067   4.98070403166E-01  -2.60670053157E-01   5.00000000000E+00
      4068   9.86110318743E-01  -6.53215993452E+00   5.00000000000E+00
      4069  -8.67181709142E-01  -7.79594159335E+00   5.00000000000E+00
      4070  -5.74626758055E-01  -3.19464089070E+00   5.00000000000E+00
      4071  -4.22830313641E+00  -3.77855878699E+00   5.00000000000E+00
      4072  -4.77232615218E+00  -3.31752996960E+00   5.00000000000E+00
      4073  -4.20328540890E+00  -3.07155009877E+00   5.00000000000E+00
      4074  -1.46617376270E+00  -5.18211655348E+00   5.00000000000E+00
      4075   2.01270993049E+00  -4.84179078753E+00   5.00000000000E+00
      4076   3.26129286127E+00  -4.82357766245E+00   5.00000000000E+00
      4077   3.75429479364E+00  -5.25253292902E+00   5.00000000000E+00
      4078  -5.00990713250E+00  -4.71159329114E+00   5.00000000000E+00
      4079  -4.88388066503E+00  -4.03048412416E+00   5.00000000000E+00
      4080  -2.05536573567E+00  -5.48349393790E+00   5.00000000000E+00
      4081   2.22639225492E+00  -3.29091819066E+00   5.00000000000E+00
      4082   1.28679902576E+00  -6.00713065073E+00   5.00000000000E+00
      4083  -5.50073383992E-01  -5.28409639246E+00   5.00000000000E+00
      4084   3.15528350853E+00  -2.87549976043E+00   5.00000000000E+00
      4085  -5.43801190952E+00  -3.53688490536E+00   5.00000000000E+00
      4086   3.32032289350E-01  -5.40935773802E+00   5.00000000000E+00
      4087  -3.62139244521E+00  -3.47502642634E+00   5.00000000000E+00
      4088   9.66751011470E+00  -1.65421831852E-01   5.00000000000E+00
ENDOFSECTION
ELEMENTS/CELLS       1.2.1
       1  5  6      184     623     186    2228    2667    2230
       2  5  6      623      10     622    2667    2054    2666
       3  5  6      533    1039     196    2577    3083    2240
       4  5  6      533     522     516    2577    2566    2560
       5  5  6     1038    1001     469    3082    3045    2513
       6  5  6     1001    1038     649    3045    3082    2693
       7  5  6      209     105     106    2253    2149    2150
       8  5  6      209     206     104    2253    2250    2148
       9  5  6      487      79     505    2531    2123    2549
      10  5  6      487     506      78    2531    2550    2122
      11  5  6      113     114     204    2157    2158    2248
      12  5  6      203     200     112    2247    2244    2156
      13  5  6      289     294     513    2333    2338    2557
      14  5  6      294      54     911    2338    2098    2955
      15  5  6      504     224     226    2548    2268    2270
      16  5  6      224     504     223    2268    2548    2267
      17  5  6      205     315      97    2249    2359    2141
      18  5  6      315     316      96    2359    2360    2140
      19  5  6      976     514      48    3020    2558    2092
      20  5  6      976     220     219    3020    2264    2263
      21  5  6      214      94     482    2258    2138    2526
      22  5  6       94     214      93    2138    2258    2137
      23  5  6      304     536     116    2348    2580    2160
      24  5  6      304     303     366    2348    2347    2410
      25  5  6      512     266     270    2556    2310    2314
      26  5  6      512      57     267    2556    2101    2311
      27  5  6      303     302    1066    2347    2346    3110
      28  5  6      302     118     970    2346    2162    3014
      29  5  6      345     244     611    2389    2288    2655
      30  5  6      345      73      74    2389    2117    2118
      31  5  6      283      69      70    2327    2113    2114
      32  5  6       69     283     280    2113    2327    2324
      33  5  6      268     267    1065    2312    2311    3109
      34  5  6      267      57      58    2311    2101    2102
      35  5  6      248     218     251    2292    2262    2295
      36  5  6      218     248     101    2262    2292    2145
      37  5  6      262     981     260    2306    3025    2304
      38  5  6      981      45      46    3025    2089    2090
      39  5  6      498     954     497    2542    2998    2541
      40  5  6      498     254     308    2542    2298    2352
      41  5  6      276     275     354    2320    2319    2398
      42  5  6      275     276      89    2319    2320    2133
      43  5  6       44     980     525    2088    3024    2569
      44  5  6      980     262     271    3024    2306    2315
      45  5  6      354     923     277    2398    2967    2321
      46  5  6      923     957     485    2967    3001    2529
      47  5  6       53      54     294    2097    2098    2338
      48  5  6      289     288      52    2333    2332    2096
      49  5  6      215     290     212    2259    2334    2256
      50  5  6      215     965     293    2259    3009    2337
      51  5  6      236     511     319    2280    2555    2363
      52  5  6      236     232     490    2280    2276    2534
      53  5  6      255     336     201    2299    2380    2245
      54  5  6      255     496     363    2299    2540    2407
      55  5  6       85     504      84    2129    2548    2128
      56  5  6      223     222     968    2267    2266    3012
      57  5  6      261     853     271    2305    2897    2315
      58  5  6      853     261     263    2897    2305    2307
      59  5  6      287     286     339    2331    2330    2383
      60  5  6      285     367     286    2329    2411    2330
      61  5  6      268     617     331    2312    2661    2375
      62  5  6      268    1065     975    2312    3109    3019
      63  5  6      299     301     376    2343    2345    2420
      64  5  6      301     300    1066    2345    2344    3110
      65  5  6      251     249     248    2295    2293    2292
      66  5  6      251     250     841    2295    2294    2885
      67  5  6      310     954     308    2354    2998    2352
      68  5  6      310     585     351    2354    2629    2395
      69  5  6      585     353     351    2629    2397    2395
      70  5  6      353     333     210    2397    2377    2254
      71  5  6      611     982     612    2655    3026    2656
      72  5  6      982     611     935    3026    2655    2979
      73  5  6      233     232     236    2277    2276    2280
      74  5  6      235     621     975    2279    2665    3019
      75  5  6      281     280     283    2325    2324    2327
      76  5  6      282     958     359    2326    3002    2403
      77  5  6      230     486     886    2274    2530    2930
      78  5  6      230     227     506    2274    2271    2550
      79  5  6      368     285     287    2412    2329    2331
      80  5  6      368     330     369    2412    2374    2413
      81  5  6      253     583     311    2297    2627    2355
      82  5  6      583     338     371    2627    2382    2415
      83  5  6      975    1065     233    3019    3109    2277
      84  5  6      975     617     268    3019    2661    2312
      85  5  6      293     965     482    2337    3009    2526
      86  5  6      293     335     290    2337    2379    2334
      87  5  6      257     509     380    2301    2553    2424
      88  5  6      257     259     488    2301    2303    2532
      89  5  6      347     346     611    2391    2390    2655
      90  5  6      347     612     958    2391    2656    3002
      91  5  6      968     222     957    3012    2266    3001
      92  5  6      968     224     223    3012    2268    2267
      93  5  6      365     496     478    2409    2540    2522
      94  5  6      496     365     363    2540    2409    2407
      95  5  6      841     250     960    2885    2294    3004
      96  5  6      841     249     251    2885    2293    2295
      97  5  6      366     536     304    2410    2580    2348
      98  5  6      303    1066     300    2347    3110    2344
      99  5  6      355     957     923    2399    3001    2967
     100  5  6      354     306     356    2398    2350    2400
     101  5  6      313     935     246    2357    2979    2290
     102  5  6      611     346     345    2655    2390    2389
     103  5  6      495     301    1066    2539    2345    3110
     104  5  6      300     366     303    2344    2410    2347
     105  5  6      357     356     920    2401    2400    2964
     106  5  6      920     356     306    2964    2400    2350
     107  5  6      960     250     343    3004    2294    2387
     108  5  6      587     326     841    2631    2370    2885
     109  5  6      947     620     937    2991    2664    2981
     110  5  6      947     621     320    2991    2665    2364
     111  5  6      364     375     362    2408    2419    2406
     112  5  6      364     366     300    2408    2410    2344
     113  5  6      934     933     915    2978    2977    2959
     114  5  6      934     982     935    2978    3026    2979
     115  5  6      904     905     930    2948    2949    2974
     116  5  6      904     931     903    2948    2975    2947
     117  5  6      924     265     274    2968    2309    2318
     118  5  6      924     578     943    2968    2622    2987
     119  5  6      932     931     352    2976    2975    2396
     120  5  6      932     921     903    2976    2965    2947
     121  5  6      399     371     370    2443    2415    2414
     122  5  6      371     399     921    2415    2443    2965
     123  5  6      540     538     406    2584    2582    2450
     124  5  6      538     166     539    2582    2210    2583
     125  5  6      148     658     147    2192    2702    2191
     126  5  6      658     743     661    2702    2787    2705
     127  5  6      440     599     441    2484    2643    2485
     128  5  6      440     802    1057    2484    2846    3101
     129  5  6      907     709     895    2951    2753    2939
     130  5  6      907     417     869    2951    2461    2913
     131  5  6      749     603     600    2793    2647    2644
     132  5  6      831     749     800    2875    2793    2844
     133  5  6      800     749     747    2844    2793    2791
     134  5  6      615     870     614    2659    2914    2658
     135  5  6      615     614     613    2659    2658    2657
     136  5  6      615     613     461    2659    2657    2505
     137  5  6      824     719     821    2868    2763    2865
     138  5  6      824     821     844    2868    2865    2888
     139  5  6      586     902     534    2630    2946    2578
     140  5  6      586     534     537    2630    2578    2581
     141  5  6      725     436     407    2769    2480    2451
     142  5  6      398     362     375    2442    2406    2419
     143  5  6      398     375     122    2442    2419    2166
     144  5  6      321     240     323    2365    2284    2367
     145  5  6      323     240     225    2367    2284    2269
     146  5  6      323     225     296    2367    2269    2340
     147  5  6      269     911     270    2313    2955    2314
     148  5  6      270     911      55    2314    2955    2099
     149  5  6      970     495    1066    3014    2539    3110
     150  5  6      495     376     301    2539    2420    2345
     151  5  6      247     229     245    2291    2273    2289
     152  5  6      245     229     228    2289    2273    2272
     153  5  6      639     234     233    2683    2278    2277
     154  5  6      639     233    1065    2683    2277    3109
     155  5  6      225     893     226    2269    2937    2270
     156  5  6      226     893      83    2270    2937    2127
     157  5  6      517     516      42    2561    2560    2086
     158  5  6      517      42      43    2561    2086    2087
     159  5  6       70     507     284    2114    2551    2328
     160  5  6      500      98      99    2544    2142    2143
     161  5  6       43     525     517    2087    2569    2561
     162  5  6      103     216     102    2147    2260    2146
     163  5  6     1006    1051    1004    3050    3095    3048
     164  5  6     1004    1051    1002    3048    3095    3046
     165  5  6     1002    1051    1017    3046    3095    3061
     166  5  6      119     120     495    2163    2164    2539
     167  5  6      118     119     970    2162    2163    3014
     168  5  6      115     116     536    2159    2160    2580
     169  5  6      114     115     477    2158    2159    2521
     170  5  6      111     112     479    2155    2156    2523
     171  5  6      110     111     252    2154    2155    2296
     172  5  6      107     108     497    2151    2152    2541
     173  5  6      106     107     480    2150    2151    2524
     174  5  6      103     104     481    2147    2148    2525
     175  5  6       99     100     499    2143    2144    2543
     176  5  6      500     205      98    2544    2249    2142
     177  5  6       95      96     501    2139    2140    2545
     178  5  6       94      95     482    2138    2139    2526
     179  5  6       91      92     502    2135    2136    2546
     180  5  6       90      91     483    2134    2135    2527
     181  5  6       87      88     278    2131    2132    2322
     182  5  6       86      87     484    2130    2131    2528
     183  5  6       83      84     226    2127    2128    2270
     184  5  6       82      83     893    2126    2127    2937
     185  5  6       79      80     505    2123    2124    2549
     186  5  6       78      79     487    2122    2123    2531
     187  5  6       75      76     229    2119    2120    2273
     188  5  6       74      75     247    2118    2119    2291
     189  5  6       71      72     348    2115    2116    2392
     190  5  6       67      68     508    2111    2112    2552
     191  5  6       66      67     488    2110    2111    2532
     192  5  6       63      64     510    2107    2108    2554
     193  5  6       62      63     490    2106    2107    2534
     194  5  6       59      60     234    2103    2104    2278
     195  5  6       58      59     639    2102    2103    2683
     196  5  6       55      56     270    2099    2100    2314
     197  5  6       54      55     911    2098    2099    2955
     198  5  6       51      52     295    2095    2096    2339
     199  5  6       50      51     492    2094    2095    2536
     200  5  6       47      48     494    2091    2092    2538
     201  5  6       46      47     493    2090    2091    2537
     202  5  6      121     376     120    2165    2420    2164
     203  5  6      970    1066     302    3014    3110    2346
     204  5  6      302     304     117    2346    2348    2161
     205  5  6      536     478     115    2580    2522    2159
     206  5  6      477     204     114    2521    2248    2158
     207  5  6      203     112     113    2247    2156    2157
     208  5  6      479     202     252    2523    2246    2296
     209  5  6      252     254     110    2296    2298    2154
     210  5  6      498     108     109    2542    2152    2153
     211  5  6      497     350     107    2541    2394    2151
     212  5  6      480     210     106    2524    2254    2150
     213  5  6      209     104     105    2253    2148    2149
     214  5  6      481     216     103    2525    2260    2147
     215  5  6      248     100     101    2292    2144    2145
     216  5  6      499     500      99    2543    2544    2143
     217  5  6      315      96      97    2359    2140    2141
     218  5  6      501     318      95    2545    2362    2139
     219  5  6      482     965     214    2526    3009    2258
     220  5  6       93     211      92    2137    2255    2136
     221  5  6      502     213      91    2546    2257    2135
     222  5  6      483     275      90    2527    2319    2134
     223  5  6      276      88      89    2320    2132    2133
     224  5  6      278     485      87    2322    2529    2131
     225  5  6      484     222      86    2528    2266    2130
     226  5  6      504      85     223    2548    2129    2267
     227  5  6      893     239      82    2937    2283    2126
     228  5  6       81     241      80    2125    2285    2124
     229  5  6      505     243     487    2549    2287    2531
     230  5  6      506     227      77    2550    2271    2121
     231  5  6       77     227      76    2121    2271    2120
     232  5  6      247     244      74    2291    2288    2118
     233  5  6      345      72      73    2389    2116    2117
     234  5  6      348     507      71    2392    2551    2115
     235  5  6       69     280      68    2113    2324    2112
     236  5  6      508     489      67    2552    2533    2111
     237  5  6      488     259      66    2532    2303    2110
     238  5  6       65     259      64    2109    2303    2108
     239  5  6      510     491      63    2554    2535    2107
     240  5  6      490     232      61    2534    2276    2105
     241  5  6       61     232      60    2105    2276    2104
     242  5  6      639    1065     267    2683    3109    2311
     243  5  6       56      57     512    2100    2101    2556
     244  5  6      911     513     294    2955    2557    2338
     245  5  6      289      52      53    2333    2096    2097
     246  5  6      295     339      51    2339    2383    2095
     247  5  6      492     220      50    2536    2264    2094
     248  5  6      976      48      49    3020    2092    2093
     249  5  6      494     273     493    2538    2317    2537
     250  5  6      493     260      46    2537    2304    2090
     251  5  6      980      45     981    3024    2089    3025
     252  5  6     1047      19    1021    3091    2063    3065
     253  5  6       19    1047      18    2063    3091    2062
     254  5  6        7     990       6    2051    3034    2050
     255  5  6      990     989    1050    3034    3033    3094
     256  5  6      988    1046    1007    3032    3090    3051
     257  5  6     1046       8     185    3090    2052    2229
     258  5  6     1022    1049     991    3066    3093    3035
     259  5  6     1049    1035    1016    3093    3079    3060
     260  5  6     1020     996    1018    3064    3040    3062
     261  5  6      996    1020     997    3040    3064    3041
     262  5  6     1004    1035    1005    3048    3079    3049
     263  5  6     1006    1019    1051    3050    3063    3095
     264  5  6      198    1039     515    2242    3083    2559
     265  5  6      199     189     196    2243    2233    2240
     266  5  6      524     468     194    2568    2512    2238
     267  5  6     1038     469     467    3082    2513    2511
     268  5  6      947     975     621    2991    3019    2665
     269  5  6      955     322     605    2999    2366    2649
     270  5  6      239     238     242    2283    2282    2286
     271  5  6      976     219     514    3020    2263    2558
     272  5  6      272     273     514    2316    2317    2558
     273  5  6      385     342     341    2429    2386    2385
     274  5  6      386     388     360    2430    2432    2404
     275  5  6      577     579     580    2621    2623    2624
     276  5  6      577     938     578    2621    2982    2622
     277  5  6      890     829     888    2934    2873    2932
     278  5  6      829     890     547    2873    2934    2591
     279  5  6      669     675     676    2713    2719    2720
     280  5  6      675     669     671    2719    2713    2715
     281  5  6      430     433     735    2474    2477    2779
     282  5  6      869     709     907    2913    2753    2951
     283  5  6      709     869     707    2753    2913    2751
     284  5  6      456     820     546    2500    2864    2590
     285  5  6      556     555     561    2600    2599    2605
     286  5  6      555     155     777    2599    2199    2821
     287  5  6      811     436     435    2855    2480    2479
     288  5  6      795    1061     677    2839    3105    2721
     289  5  6      795     696     768    2839    2740    2812
     290  5  6      887     778     864    2931    2822    2908
     291  5  6      887     431     590    2931    2475    2634
     292  5  6      824     875     719    2868    2919    2763
     293  5  6     1060     826     589    3104    2870    2633
     294  5  6      826    1060     774    2870    3104    2818
     295  5  6      590     779     778    2634    2823    2822
     296  5  6      779     773     423    2823    2817    2467
     297  5  6      797     714     736    2841    2758    2780
     298  5  6      714     797     712    2758    2841    2756
     299  5  6      805     791    1056    2849    2835    3100
     300  5  6      805     733     789    2849    2777    2833
     301  5  6      884     883     792    2928    2927    2836
     302  5  6      883     596     793    2927    2640    2837
     303  5  6      724     767     685    2768    2811    2729
     304  5  6      767     711     686    2811    2755    2730
     305  5  6      603     602     600    2647    2646    2644
     306  5  6      559     427     750    2603    2471    2794
     307  5  6      427     559     428    2471    2603    2472
     308  5  6      804    1056     791    2848    3100    2835
     309  5  6     1056     714     713    3100    2758    2757
     310  5  6      749    1057     747    2793    3101    2791
     311  5  6      741    1058     836    2785    3102    2880
     312  5  6      741     721     723    2785    2765    2767
     313  5  6      458     819     464    2502    2863    2508
     314  5  6      913     866    1055    2957    2910    3099
     315  5  6      913     552     554    2957    2596    2598
     316  5  6      598     600     602    2642    2644    2646
     317  5  6      598     441     599    2642    2485    2643
     318  5  6      794     848     843    2838    2892    2887
     319  5  6      794     793     401    2838    2837    2445
     320  5  6      666     731     139    2710    2775    2183
     321  5  6      666     450     451    2710    2494    2495
     322  5  6      750     752     559    2794    2796    2603
     323  5  6      750     812     867    2794    2856    2911
     324  5  6      811     732     734    2855    2776    2778
     325  5  6      732     757     733    2776    2801    2777
     326  5  6     1052     874     550    3096    2918    2594
     327  5  6      874    1052     867    2918    3096    2911
     328  5  6      846     447     782    2890    2491    2826
     329  5  6      447     846     451    2491    2890    2495
     330  5  6      610     609     868    2654    2653    2912
     331  5  6      610     604     133    2654    2648    2177
     332  5  6      823     876     875    2867    2920    2919
     333  5  6      823     426    1058    2867    2470    3102
     334  5  6      414     411     410    2458    2455    2454
     335  5  6      413     677     730    2457    2721    2774
     336  5  6      698     704     699    2742    2748    2743
     337  5  6      704     877    1064    2748    2921    3108
     338  5  6      448     697     449    2492    2741    2493
     339  5  6      697     448     739    2741    2492    2783
     340  5  6      442     545     544    2486    2589    2588
     341  5  6      455     763     452    2499    2807    2496
     342  5  6      763     455     770    2807    2499    2814
     343  5  6      882     601     603    2926    2645    2647
     344  5  6      882     884     792    2926    2928    2836
     345  5  6      894     761     892    2938    2805    2936
     346  5  6      894     674    1054    2938    2718    3098
     347  5  6      565     745     845    2609    2789    2889
     348  5  6      565     718     705    2609    2762    2749
     349  5  6     1054     789     757    3098    2833    2801
     350  5  6      789    1054     674    2833    3098    2718
     351  5  6      856     450     666    2900    2494    2710
     352  5  6      856     739     448    2900    2783    2492
     353  5  6      460     604     461    2504    2648    2505
     354  5  6      830     715     882    2874    2759    2926
     355  5  6      830     799     716    2874    2843    2760
     356  5  6      848     775     774    2892    2819    2818
     357  5  6      775     591     773    2819    2635    2817
     358  5  6      760     814     892    2804    2858    2936
     359  5  6      760     438     833    2804    2482    2877
     360  5  6      725     837     437    2769    2881    2481
     361  5  6      725     815     836    2769    2859    2880
     362  5  6      454     722     455    2498    2766    2499
     363  5  6      722     454     742    2766    2498    2786
     364  5  6      831     603     749    2875    2647    2793
     365  5  6      871     766     810    2915    2810    2854
     366  5  6      766     724     765    2810    2768    2809
     367  5  6      784     862     854    2828    2906    2898
     368  5  6      784     799     801    2828    2843    2845
     369  5  6      425     726     837    2469    2770    2881
     370  5  6      726     834     437    2770    2878    2481
     371  5  6      733    1053     734    2777    3097    2778
     372  5  6     1053     769     807    3097    2813    2851
     373  5  6      906     818     819    2950    2862    2863
     374  5  6      818    1055     550    2862    3099    2594
     375  5  6      739     695     697    2783    2739    2741
     376  5  6      695    1062     696    2739    3106    2740
     377  5  6      847     423     773    2891    2467    2817
     378  5  6      847     586     421    2891    2630    2465
     379  5  6      863    1059     737    2907    3103    2781
     380  5  6     1059     863     862    3103    2907    2906
     381  5  6      720     875     877    2764    2919    2921
     382  5  6      875     720     719    2919    2764    2763
     383  5  6      719     564     822    2763    2608    2866
     384  5  6      564     566     463    2608    2610    2507
     385  5  6      457     906     458    2501    2950    2502
     386  5  6      457     405     816    2501    2449    2860
     387  5  6      717     802     418    2761    2846    2462
     388  5  6      717     796     798    2761    2840    2842
     389  5  6      764     839     810    2808    2883    2854
     390  5  6      839     764     409    2883    2808    2453
     391  5  6      738     737    1059    2782    2781    3103
     392  5  6      737     804     858    2781    2848    2902
     393  5  6      861     804     791    2905    2848    2835
     394  5  6      861     673     859    2905    2717    2903
     395  5  6      868     707     869    2912    2751    2913
     396  5  6      868     615     610    2912    2659    2654
     397  5  6      798     748     802    2842    2792    2846
     398  5  6      798     736     738    2842    2780    2782
     399  5  6      809     808     839    2853    2852    2883
     400  5  6      808    1063     838    2852    3107    2882
     401  5  6      717     413     796    2761    2457    2840
     402  5  6      730     712     797    2774    2756    2841
     403  5  6      415     417     411    2459    2461    2455
     404  5  6      414     418     415    2458    2462    2459
     405  5  6      461     735     433    2505    2779    2477
     406  5  6      864     778     422    2908    2822    2466
     407  5  6      864     595     887    2908    2639    2931
     408  5  6      452     691     690    2496    2735    2734
     409  5  6      843     825     601    2887    2869    2645
     410  5  6      825     843     774    2869    2887    2818
     411  5  6      729     769     713    2773    2813    2757
     412  5  6      729    1061     768    2773    3105    2812
     413  5  6      836     426     425    2880    2470    2469
     414  5  6      836     815     741    2880    2859    2785
     415  5  6     1055     817     913    3099    2861    2957
     416  5  6      550     819     818    2594    2863    2862
     417  5  6      822     462     551    2866    2506    2595
     418  5  6      462     819     550    2506    2863    2594
     419  5  6      790     673     861    2834    2717    2905
     420  5  6      673     790     674    2717    2834    2718
     421  5  6      681     871     680    2725    2915    2724
     422  5  6      871     681     711    2915    2725    2755
     423  5  6      842     872     430    2886    2916    2474
     424  5  6      872     842     771    2916    2886    2815
     425  5  6      589     772    1060    2633    2816    3104
     426  5  6      589     872     771    2633    2916    2815
     427  5  6      838     810     839    2882    2854    2883
     428  5  6      810     838     871    2854    2882    2915
     429  5  6      736     798     797    2780    2842    2841
     430  5  6      805    1056     713    2849    3100    2757
     431  5  6      891     771     842    2935    2815    2886
     432  5  6      771     891     441    2815    2935    2485
     433  5  6      602     806     598    2646    2850    2642
     434  5  6      450     856     448    2494    2900    2492
     435  5  6     1064     699     704    3108    2743    2748
     436  5  6     1064     877     876    3108    2921    2920
     437  5  6      821     719     822    2865    2763    2866
     438  5  6      710     855     676    2754    2899    2720
     439  5  6      710     711     681    2754    2755    2725
     440  5  6      801    1059     862    2845    3103    2906
     441  5  6     1059     801     747    3103    2845    2791
     442  5  6      412     907     782    2456    2951    2826
     443  5  6      417     416     870    2461    2460    2914
     444  5  6      614     870     416    2658    2914    2460
     445  5  6      782     895     846    2826    2939    2890
     446  5  6      895     782     907    2939    2826    2951
     447  5  6      550    1055    1052    2594    3099    3096
     448  5  6      550     874     551    2594    2918    2595
     449  5  6      833     438     437    2877    2482    2481
     450  5  6      833     814     760    2877    2858    2804
     451  5  6      431     872     589    2475    2916    2633
     452  5  6      590     778     887    2634    2822    2931
     453  5  6      701     746     560    2745    2790    2604
     454  5  6      746     834     428    2790    2878    2472
     455  5  6      699    1064     723    2743    3108    2767
     456  5  6      703     877     704    2747    2921    2748
     457  5  6      736     804     737    2780    2848    2781
     458  5  6      738     748     798    2782    2792    2842
     459  5  6      409     740     407    2453    2784    2451
     460  5  6      815     725     407    2859    2769    2451
     461  5  6      813     824     844    2857    2868    2888
     462  5  6      424     426     813    2468    2470    2857
     463  5  6      773     591     847    2817    2635    2891
     464  5  6      773     826     774    2817    2870    2818
     465  5  6      770     764     763    2814    2808    2807
     466  5  6      763     765     724    2807    2809    2768
     467  5  6      807    1063     808    2851    3107    2852
     468  5  6     1063     807     768    3107    2851    2812
     469  5  6      894    1054     761    2938    3098    2805
     470  5  6      756     438     760    2800    2482    2804
     471  5  6      670     739     671    2714    2783    2715
     472  5  6      670     680     695    2714    2724    2739
     473  5  6      418     440     419    2462    2484    2463
     474  5  6      414     415     411    2458    2459    2455
     475  5  6      747    1057     748    2791    3101    2792
     476  5  6      817    1055     818    2861    3099    2862
     477  5  6      459     458     464    2503    2502    2508
     478  5  6      783     412     782    2827    2456    2826
     479  5  6      412     783     780    2456    2827    2824
     480  5  6      677     781     795    2721    2825    2839
     481  5  6      781     449     697    2825    2493    2741
     482  5  6      559     752     828    2603    2796    2872
     483  5  6      428     834     726    2472    2878    2770
     484  5  6     1062    1063     768    3106    3107    2812
     485  5  6     1062     680     838    3106    2724    2882
     486  5  6      723    1064    1058    2767    3108    3102
     487  5  6      722     742     699    2766    2786    2743
     488  5  6      771     441     598    2815    2485    2642
     489  5  6      771     806     772    2815    2850    2816
     490  5  6      812     427     424    2856    2471    2468
     491  5  6      751     750     867    2795    2794    2911
     492  5  6      770     721     740    2814    2765    2784
     493  5  6      721     455     722    2765    2499    2766
     494  5  6      435     757     732    2479    2801    2776
     495  5  6      811     809     408    2855    2853    2452
     496  5  6      877     703     720    2921    2747    2764
     497  5  6     1064     876    1058    3108    2920    3102
     498  5  6      713     769    1053    2757    2813    3097
     499  5  6      733     757     789    2777    2801    2833
     500  5  6      441     439     419    2485    2483    2463
     501  5  6      439     891     613    2483    2935    2657
     502  5  6      565     564     718    2609    2608    2762
     503  5  6      720     703     705    2764    2747    2749
     504  5  6      680    1062     695    2724    3106    2739
     505  5  6      438     435     434    2482    2479    2478
     506  5  6      437     837     726    2481    2881    2770
     507  5  6      807     734    1053    2851    2778    3097
     508  5  6      768    1061     795    2812    3105    2839
     509  5  6      839     409     408    2883    2453    2452
     510  5  6      810     765     764    2854    2809    2808
     511  5  6      599    1057     749    2643    3101    2793
     512  5  6      882     603     831    2926    2647    2875
     513  5  6      838    1063    1062    2882    3107    3106
     514  5  6      767     766     711    2811    2810    2755
     515  5  6      407     740     815    2451    2784    2859
     516  5  6     1058     426     836    3102    2470    2880
     517  5  6      789     674     790    2833    2718    2834
     518  5  6      757     756    1054    2801    2800    3098
     519  5  6      823     813     426    2867    2857    2470
     520  5  6      425     837     836    2469    2881    2880
     521  5  6      449     783     447    2493    2827    2491
     522  5  6      677     410     780    2721    2454    2824
     523  5  6      843     792     794    2887    2836    2838
     524  5  6      825    1060     772    2869    3104    2816
     525  5  6      435     732     811    2479    2776    2855
     526  5  6      435     438     756    2479    2482    2800
     527  5  6      408     809     839    2452    2853    2883
     528  5  6      408     436     811    2452    2480    2855
     529  5  6     1061     729     730    3105    2773    2774
     530  5  6     1062     768     696    3106    2812    2740
     531  5  6      869     417     870    2913    2461    2914
     532  5  6      416     439     614    2460    2483    2658
     533  5  6     1053     733     805    3097    2777    2849
     534  5  6      713     712     729    2757    2756    2773
     535  5  6      874     867     812    2918    2911    2856
     536  5  6      863     737     858    2907    2781    2902
     537  5  6      791     790     861    2835    2834    2905
     538  5  6      730     677    1061    2774    2721    3105
     539  5  6      413     717     414    2457    2761    2458
     540  5  6      825     774    1060    2869    2818    3104
     541  5  6      825     602     601    2869    2646    2645
     542  5  6     1058     876     823    3102    2920    2867
     543  5  6      844     812     813    2888    2856    2857
     544  5  6     1057     599     440    3101    2643    2484
     545  5  6      747     738    1059    2791    2782    3103
     546  5  6      823     875     824    2867    2919    2868
     547  5  6      741     723    1058    2785    2767    3102
     548  5  6      802     748    1057    2846    2792    3101
     549  5  6      440     418     802    2484    2462    2846
     550  5  6      436     408     407    2480    2452    2451
     551  5  6      769     768     807    2813    2812    2851
     552  5  6      413     730     796    2457    2774    2840
     553  5  6      780     449     781    2824    2493    2825
     554  5  6      833     437     834    2877    2481    2878
     555  5  6      424     428     425    2468    2472    2469
     556  5  6      730     797     796    2774    2841    2840
     557  5  6      804     714    1056    2848    2758    3100
     558  5  6     1050     523       5    3094    2567    2049
     559  5  6        5     523       4    2049    2567    2048
     560  5  6      866    1052    1055    2910    3096    3099
     561  5  6      844     551     874    2888    2595    2918
     562  5  6      180     469     654    2224    2513    2698
     563  5  6      899     652     985    2943    2696    3029
     564  5  6      899     985     941    2943    3029    2985
     565  5  6     1009    1013    1033    3053    3057    3077
     566  5  6     1012    1009    1008    3056    3053    3052
     567  5  6      659    1030    1010    2703    3074    3054
     568  5  6      659    1010     660    2703    3054    2704
     569  5  6      645     925     183    2689    2969    2227
     570  5  6      645     183     646    2689    2227    2690
     571  5  6      523    1043     524    2567    3087    2568
     572  5  6      524    1043     465    2568    3087    2509
     573  5  6      761    1054     756    2805    3098    2800
     574  5  6     1053     805     713    3097    2849    2757
     575  5  6      735     613     891    2779    2657    2935
     576  5  6      439     441     891    2483    2485    2935
     577  5  6      697     696     795    2741    2740    2839
     578  5  6      818     906     816    2862    2950    2860
     579  5  6      866     867    1052    2910    2911    3096
     580  5  6      705     706     745    2749    2750    2789
     581  5  6      705     745     565    2749    2789    2609
     582  5  6      718     564     719    2762    2608    2763
     583  5  6      429     130     432    2473    2174    2476
     584  5  6      130     594     129    2174    2638    2173
     585  5  6      849     609     134    2893    2653    2178
     586  5  6      134     609     133    2178    2653    2177
     587  5  6      785     936     918    2829    2980    2962
     588  5  6      857     785     854    2901    2829    2898
     589  5  6      377     393     607    2421    2437    2651
     590  5  6      607     393     396    2651    2437    2440
     591  5  6      607     396     608    2651    2440    2652
     592  5  6      122     375     299    2166    2419    2343
     593  5  6      934     915     389    2978    2959    2433
     594  5  6      915     933     607    2959    2977    2651
     595  5  6      607     933     377    2651    2977    2421
     596  5  6      358     509     279    2402    2553    2323
     597  5  6      380     258     257    2424    2302    2301
     598  5  6      380     341     258    2424    2385    2302
     599  5  6      938     950     944    2982    2994    2988
     600  5  6      938     944     578    2982    2988    2622
     601  5  6      943     963     853    2987    3007    2897
     602  5  6      943     853     265    2987    2897    2309
     603  5  6      986     474     473    3030    2518    2517
     604  5  6      647     995     878    2691    3039    2922
     605  5  6      878     995     985    2922    3039    3029
     606  5  6      651    1033    1028    2695    3077    3072
     607  5  6      651    1028     879    2695    3072    2923
     608  5  6     1018    1014    1051    3062    3058    3095
     609  5  6     1051    1014    1017    3095    3058    3061
     610  5  6      999    1036    1044    3043    3080    3088
     611  5  6      999    1044     998    3043    3088    3042
     612  5  6      476     973     953    2520    3017    2997
     613  5  6      640     638     637    2684    2682    2681
     614  5  6      638      32     636    2682    2076    2680
     615  5  6      190     189     199    2234    2233    2243
     616  5  6      642    1040     622    2686    3084    2666
     617  5  6     1040     642    1026    3084    2686    3070
     618  5  6      994     993    1042    3038    3037    3086
     619  5  6      993      21    1011    3037    2065    3055
     620  5  6      524     195     523    2568    2239    2567
     621  5  6      195       3       4    2239    2047    2048
     622  5  6     1043    1050     989    3087    3094    3033
     623  5  6      974     532      39    3018    2576    2083
     624  5  6      532     197      38    2576    2241    2082
     625  5  6      632      14     641    2676    2058    2685
     626  5  6      632     631      13    2676    2675    2057
     627  5  6      475    1031      35    2519    3075    2079
     628  5  6     1041     631    1027    3085    2675    3071
     629  5  6     1041      12      13    3085    2056    2057
     630  5  6     1032      23      24    3076    2067    2068
     631  5  6       23    1032     684    2067    3076    2728
     632  5  6      465     468     524    2509    2512    2568
     633  5  6      901     900     991    2945    2944    3035
     634  5  6      900      25    1022    2944    2069    3066
     635  5  6      192      27      28    2236    2071    2072
     636  5  6      192    1005     191    2236    3049    2235
     637  5  6      668     667    1019    2712    2711    3063
     638  5  6      667      29     997    2711    2073    3041
     639  5  6       34     634      33    2078    2678    2077
     640  5  6      634     952     636    2678    2996    2680
     641  5  6      939     644     940    2983    2688    2984
     642  5  6      644      16      17    2688    2060    2061
     643  5  6      181     183     940    2225    2227    2984
     644  5  6      182      18    1047    2226    2062    3091
     645  5  6     1021    1048     832    3065    3092    2876
     646  5  6     1048    1021     994    3092    3065    3038
     647  5  6     1042    1011     683    3086    3055    2727
     648  5  6     1011      22     684    3055    2066    2728
     649  5  6      988     946     989    3032    2990    3033
     650  5  6      946     988    1007    2990    3032    3051
     651  5  6       15     643     641    2059    2687    2685
     652  5  6      643     939    1045    2687    2983    3089
     653  5  6      184       8       9    2228    2052    2053
     654  5  6      185     187    1007    2229    2231    3051
     655  5  6      629     622    1040    2673    2666    3084
     656  5  6      622      10      11    2666    2054    2055
     657  5  6      901     692     682    2945    2736    2726
     658  5  6      692    1016     693    2736    3060    2737
     659  5  6      533     532     522    2577    2576    2566
     660  5  6      974      40      41    3018    2084    2085
     661  5  6      637     636     952    2681    2680    2996
     662  5  6      636      33     634    2680    2077    2678
     663  5  6      476    1031     475    2520    3075    2519
     664  5  6      475     190     199    2519    2234    2243
     665  5  6     1050    1043     523    3094    3087    2567
     666  5  6     1044     987     998    3088    3031    3042
     667  5  6     1044    1036     637    3088    3080    2681
     668  5  6     1022     991     900    3066    3035    2944
     669  5  6     1005    1035    1049    3049    3079    3093
     670  5  6     1031     633      34    3075    2677    2078
     671  5  6     1031     476     953    3075    2520    2997
     672  5  6     1027    1026    1041    3071    3070    3085
     673  5  6     1027     631     630    3071    2675    2674
     674  5  6       15     641      14    2059    2685    2058
     675  5  6      641    1045     630    2685    3089    2674
     676  5  6      197     189     188    2241    2233    2232
     677  5  6      988     990       7    3032    3034    2051
     678  5  6        6    1050       5    2050    3094    2049
     679  5  6      640    1036     657    2684    3080    2701
     680  5  6     1036     640     637    3080    2684    2681
     681  5  6      997      29      30    3041    2073    2074
     682  5  6      667    1020    1019    2711    3064    3063
     683  5  6      996     657    1036    3040    2701    3080
     684  5  6      657      30      31    2701    2074    2075
     685  5  6      515    1000     198    2559    3044    2242
     686  5  6     1037     199     198    3081    2243    2242
     687  5  6       13     631    1041    2057    2675    3085
     688  5  6       12     642      11    2056    2686    2055
     689  5  6     1006    1005     192    3050    3049    2236
     690  5  6     1006     668    1019    3050    2712    3063
     691  5  6      925     940     183    2969    2984    2227
     692  5  6       18     182     181    2062    2226    2225
     693  5  6       20      21     993    2064    2065    3037
     694  5  6       20    1021      19    2064    3065    2063
     695  5  6      682    1032     901    2726    3076    2945
     696  5  6      684     683    1011    2728    2727    3055
     697  5  6      633     952     634    2677    2996    2678
     698  5  6      952     633     953    2996    2677    2997
     699  5  6     1006     192     668    3050    2236    2712
     700  5  6     1005    1049    1022    3049    3093    3066
     701  5  6      628     187     186    2672    2231    2230
     702  5  6      628     530     529    2672    2574    2573
     703  5  6      927     939     925    2971    2983    2969
     704  5  6      939     927    1045    2983    2971    3089
     705  5  6      832    1048     646    2876    3092    2690
     706  5  6     1047    1021     832    3091    3065    2876
     707  5  6      187     185     184    2231    2229    2228
     708  5  6      186     629     628    2230    2673    2672
     709  5  6      627    1025     984    2671    3069    3028
     710  5  6     1025     627     629    3069    2671    2673
     711  5  6     1018    1051    1019    3062    3095    3063
     712  5  6      682     684    1032    2726    2728    3076
     713  5  6      991    1016     692    3035    3060    2736
     714  5  6     1034    1013     630    3078    3057    2674
     715  5  6     1013    1034    1033    3057    3078    3077
     716  5  6      629    1040    1025    2673    3084    3069
     717  5  6       12    1026     642    2056    3070    2686
     718  5  6      529     531     649    2573    2575    2693
     719  5  6      529     187     628    2573    2231    2672
     720  5  6     1029    1048     994    3073    3092    3038
     721  5  6     1042     683    1030    3086    2727    3074
     722  5  6     1030    1023    1010    3074    3067    3054
     723  5  6     1023    1030     683    3067    3074    2727
     724  5  6     1039     198     196    3083    2242    2240
     725  5  6      522     532     974    2566    2576    3018
     726  5  6      694     693     759    2738    2737    2803
     727  5  6      694     682     692    2738    2726    2736
     728  5  6     1002    1035    1004    3046    3079    3048
     729  5  6      465    1024     466    2509    3068    2510
     730  5  6      990    1050       6    3034    3094    2050
     731  5  6     1046     185    1007    3090    2229    3051
     732  5  6     1046       7       8    3090    2051    2052
     733  5  6      466     649    1038    2510    2693    3082
     734  5  6        1     194     468    2045    2238    2512
     735  5  6      195     194     193    2239    2238    2237
     736  5  6     1034     927    1028    3078    2971    3072
     737  5  6     1016     991    1049    3060    3035    3093
     738  5  6       25      26    1022    2069    2070    3066
     739  5  6      987     951    1015    3031    2995    3059
     740  5  6      951     953     973    2995    2997    3017
     741  5  6       32      33     636    2076    2077    2680
     742  5  6      638      31      32    2682    2075    2076
     743  5  6     1012    1027    1013    3056    3071    3057
     744  5  6     1027    1012    1025    3071    3056    3069
     745  5  6      649     531    1001    2693    2575    3045
     746  5  6     1029     659    1048    3073    2703    3092
     747  5  6      659     647     646    2703    2691    2690
     748  5  6      983     984    1008    3027    3028    3052
     749  5  6      984    1025    1012    3028    3069    3056
     750  5  6      181     644      17    2225    2688    2061
     751  5  6     1045     641     643    3089    2685    2687
     752  5  6      630    1013    1027    2674    3057    3071
     753  5  6      630    1045    1034    2674    3089    3078
     754  5  6     1003    1016    1035    3047    3060    3079
     755  5  6     1003     992     979    3047    3036    3023
     756  5  6      667     997    1020    2711    3041    3064
     757  5  6      973     972     951    3017    3016    2995
     758  5  6      973    1037     971    3017    3081    3015
     759  5  6      476    1037     973    2520    3081    3017
     760  5  6      646    1048     659    2690    3092    2703
     761  5  6     1011    1042     993    3055    3086    3037
     762  5  6     1042    1030    1029    3086    3074    3073
     763  5  6      998     472     471    3042    2516    2515
     764  5  6      645     926     925    2689    2970    2969
     765  5  6      182    1047     832    2226    3091    2876
     766  5  6        7    1046     988    2051    3090    3032
     767  5  6     1024    1043     989    3068    3087    3033
     768  5  6     1034    1045     927    3078    3089    2971
     769  5  6      651    1009    1033    2695    3053    3077
     770  5  6     1031      34      35    3075    2078    2079
     771  5  6     1044     637     987    3088    2681    3031
     772  5  6      999    1018     996    3043    3062    3040
     773  5  6      759    1010    1023    2803    3054    3067
     774  5  6      946     466    1024    2990    2510    3068
     775  5  6      199    1037     476    2243    3081    2520
     776  5  6     1037     198    1000    3081    2242    3044
     777  5  6       39      40     974    2083    2084    3018
     778  5  6      516    1039     533    2560    3083    2577
     779  5  6        9     623     184    2053    2667    2228
     780  5  6      628     627     530    2672    2671    2574
     781  5  6     1015     472     998    3059    2516    3042
     782  5  6     1015     972     473    3059    3016    2517
     783  5  6      465    1043    1024    2509    3087    3068
     784  5  6     1029     994    1042    3073    3038    3086
     785  5  6      646     183     832    2690    2227    2876
     786  5  6     1026      12    1041    3070    2056    3085
     787  5  6     1025    1040    1026    3069    3084    3070
     788  5  6     1017     786     788    3061    2830    2832
     789  5  6      516     515    1039    2560    2559    3083
     790  5  6      971    1000     912    3015    3044    2956
     791  5  6      879    1028     926    2923    3072    2970
     792  5  6      471     964    1014    2515    3008    3058
     793  5  6      466    1038     467    2510    3082    2511
     794  5  6      531     530     983    2575    2574    3027
     795  5  6      986     971     912    3030    3015    2956
     796  5  6      971    1037    1000    3015    3081    3044
     797  5  6      645     647     878    2689    2691    2922
     798  5  6      996    1036     999    3040    3080    3043
     799  5  6      987     637     952    3031    2681    2996
     800  5  6     1035    1002    1003    3079    3046    3047
     801  5  6     1022     191    1005    3066    2235    3049
     802  5  6      623       9      10    2667    2053    2054
     803  5  6      648     946    1007    2692    2990    3051
     804  5  6      693     979     758    2737    3023    2802
     805  5  6      979     693    1016    3023    2737    3060
     806  5  6      966     759     758    3010    2803    2802
     807  5  6      759    1023     694    2803    3067    2738
     808  5  6      992     788     978    3036    2832    3022
     809  5  6      992    1002    1017    3036    3046    3061
     810  5  6       16     643      15    2060    2687    2059
     811  5  6     1028    1033    1034    3072    3077    3078
     812  5  6       24     901    1032    2068    2945    3076
     813  5  6      694     683     682    2738    2727    2726
     814  5  6      977    1001     531    3021    3045    2575
     815  5  6      983    1008     625    3027    3052    2669
     816  5  6      972    1015     951    3016    3059    2995
     817  5  6     1031     953     633    3075    2997    2677
     818  5  6      997      30     657    3041    2074    2701
     819  5  6      999    1014    1018    3043    3058    3062
     820  5  6     1014     786    1017    3058    2830    3061
     821  5  6      786    1014     964    2830    3058    3008
     822  5  6     1015     998     987    3059    3042    3031
     823  5  6      659    1029    1030    2703    3073    3074
     824  5  6      652     879     878    2696    2923    2922
     825  5  6      879     926     645    2923    2970    2689
     826  5  6      644     181     940    2688    2225    2984
     827  5  6     1028     927     926    3072    2971    2970
     828  5  6      995     966     969    3039    3010    3013
     829  5  6      978     518     758    3022    2562    2802
     830  5  6      978     788     967    3022    2832    3011
     831  5  6      529     649     648    2573    2693    2692
     832  5  6     1007     187     529    3051    2231    2573
     833  5  6      627     983     530    2671    3027    2574
     834  5  6     1025    1026    1027    3069    3070    3071
     835  5  6      626     625    1008    2670    2669    3052
     836  5  6      625     977     983    2669    3021    3027
     837  5  6     1008     984    1012    3052    3028    3056
     838  5  6     1009     651     626    3053    2695    2670
     839  5  6      473     972     986    2517    3016    3030
     840  5  6     1024     989     946    3068    3033    2990
     841  5  6       38      39     532    2082    2083    2576
     842  5  6      197     188      38    2241    2232    2082
     843  5  6      683     694    1023    2727    2738    3067
     844  5  6      191    1022      26    2235    3066    2070
     845  5  6       20     994    1021    2064    3038    3065
     846  5  6      986     963     474    3030    3007    2518
     847  5  6      986     912     271    3030    2956    2315
     848  5  6      966    1010     759    3010    3054    2803
     849  5  6      966     520     969    3010    2564    3013
     850  5  6     1018    1019    1020    3062    3063    3064
     851  5  6      977     531     983    3021    2575    3027
     852  5  6      977     624     962    3021    2668    3006
     853  5  6     1017     788     992    3061    2832    3036
     854  5  6     1003     979    1016    3047    3023    3060
     855  5  6      473     472    1015    2517    2516    3059
     856  5  6      972     971     986    3016    3015    3030
     857  5  6      188     190      37    2232    2234    2081
     858  5  6      758     518     520    2802    2562    2564
     859  5  6      518     967     942    2562    3011    2986
     860  5  6      471    1014     999    2515    3058    3043
     861  5  6      964     470     950    3008    2514    2994
     862  5  6     1012    1013    1009    3056    3057    3053
     863  5  6      647     660     995    2691    2704    3039
     864  5  6     1011      21      22    3055    2065    2066
     865  5  6     1010     966     660    3054    3010    2704
     866  5  6      652     878     985    2696    2922    3029
     867  5  6      787     950     945    2831    2994    2989
     868  5  6      787     786     964    2831    2830    3008
     869  5  6      626     651     650    2670    2695    2694
     870  5  6      626    1008    1009    2670    3052    3053
     871  5  6      271     525     980    2315    2569    3024
     872  5  6      525     271     912    2569    2315    2956
     873  5  6      186     622     629    2230    2666    2673
     874  5  6     1007     529     648    3051    2573    2692
     875  5  6     1004    1005    1006    3048    3049    3050
     876  5  6     1002     992    1003    3046    3036    3047
     877  5  6      995     969     985    3039    3013    3029
     878  5  6      520     519     949    2564    2563    2993
     879  5  6      962    1001     977    3006    3045    3021
     880  5  6     1001     962     469    3045    3006    2513
     881  5  6      912    1000     515    2956    3044    2559
     882  5  6      517     525     515    2561    2569    2559
     883  5  6      651     879     652    2695    2923    2696
     884  5  6      650     961     626    2694    3005    2670
     885  5  6      650     899     909    2694    2943    2953
     886  5  6      950     470     944    2994    2514    2988
     887  5  6      998     471     999    3042    2515    3043
     888  5  6      657     996     997    2701    3040    3041
     889  5  6      660     966     995    2704    3010    3039
     890  5  6       20     993     994    2064    3037    3038
     891  5  6      992     978     979    3036    3022    3023
     892  5  6      991     692     901    3035    2736    2945
     893  5  6      510     259     256    2554    2303    2300
     894  5  6      269     331     329    2313    2375    2373
     895  5  6      331     266     268    2375    2310    2312
     896  5  6       46     260     981    2090    2304    3025
     897  5  6       45     980      44    2089    3024    2088
     898  5  6      242     241     239    2286    2285    2283
     899  5  6      355     923     354    2399    2967    2398
     900  5  6      306     275     503    2350    2319    2547
     901  5  6      296     224     968    2340    2268    3012
     902  5  6      222     485     957    2266    2529    3001
     903  5  6      212     211     215    2256    2255    2259
     904  5  6      317     335     293    2361    2379    2337
     905  5  6      382     327     325    2426    2371    2369
     906  5  6      325     326     382    2369    2370    2426
     907  5  6      988     989     990    3032    3033    3034
     908  5  6      500     499     249    2544    2543    2293
     909  5  6      500     841     326    2544    2885    2370
     910  5  6      952     951     987    2996    2995    3031
     911  5  6      963     986     271    3007    3030    2315
     912  5  6       61      62     490    2105    2106    2534
     913  5  6      235     975     233    2279    3019    2277
     914  5  6      365     364     363    2409    2408    2407
     915  5  6      364     300     299    2408    2344    2343
     916  5  6      941     985     969    2985    3029    3013
     917  5  6      308     954     498    2352    2998    2542
     918  5  6      310     350     954    2354    2394    2998
     919  5  6      344     333     352    2388    2377    2396
     920  5  6      210     351     353    2254    2395    2397
     921  5  6      850     949     519    2894    2993    2563
     922  5  6      949     941     969    2993    2985    3013
     923  5  6      474     944     470    2518    2988    2514
     924  5  6      944     474     943    2988    2518    2987
     925  5  6      284     507     347    2328    2551    2391
     926  5  6      281     283     282    2325    2327    2326
     927  5  6      983     627     984    3027    2671    3028
     928  5  6      624     626     961    2668    2670    3005
     929  5  6      486     243     955    2530    2287    2999
     930  5  6      506     486     230    2550    2530    2274
     931  5  6      934     612     982    2978    2656    3026
     932  5  6      246     935     611    2290    2979    2655
     933  5  6      477     255     204    2521    2299    2248
     934  5  6      201     338     202    2245    2382    2246
     935  5  6      978     967     518    3022    3011    2562
     936  5  6      980     981     262    3024    3025    2306
     937  5  6      911     328     513    2955    2372    2557
     938  5  6      328     368     513    2372    2412    2557
     939  5  6      978     758     979    3022    2802    3023
     940  5  6      519     942     850    2563    2986    2894
     941  5  6      214     211      93    2258    2255    2137
     942  5  6      213     305     503    2257    2349    2547
     943  5  6      945     967     787    2989    3011    2831
     944  5  6      967     945     942    3011    2989    2986
     945  5  6      511     491     381    2555    2535    2425
     946  5  6      490     511     236    2534    2555    2280
     947  5  6      625     624     977    2669    2668    3021
     948  5  6      961     909     948    3005    2953    2992
     949  5  6      509     358     380    2553    2402    2424
     950  5  6      281     359     358    2325    2403    2402
     951  5  6      489     279     509    2533    2323    2553
     952  5  6      611     244     246    2655    2288    2290
     953  5  6      337     363     362    2381    2407    2406
     954  5  6      478     366     365    2522    2410    2409
     955  5  6      612     389     958    2656    2433    3002
     956  5  6      935     313     933    2979    2357    2977
     957  5  6      339     288     287    2383    2332    2331
     958  5  6       49     220     976    2093    2264    3020
     959  5  6      217     251     218    2261    2295    2262
     960  5  6      343     930     960    2387    2974    3004
     961  5  6      331     269     266    2375    2313    2310
     962  5  6      975     947     617    3019    2991    2661
     963  5  6      959     948     655    3003    2992    2699
     964  5  6      959     624     961    3003    2668    3005
     965  5  6       41     522     974    2085    2566    3018
     966  5  6      971     972     973    3015    3016    3017
     967  5  6      296     968     297    2340    3012    2341
     968  5  6      317     293     318    2361    2337    2362
     969  5  6      335     373     372    2379    2417    2416
     970  5  6      273     494     514    2317    2538    2558
     971  5  6      273     263     260    2317    2307    2304
     972  5  6      959     962     624    3003    3006    2668
     973  5  6      389     359     958    2433    2403    3002
     974  5  6      360     388     341    2404    2432    2385
     975  5  6      643     644     939    2687    2688    2983
     976  5  6      292     920     306    2336    2964    2350
     977  5  6      213     502     211    2257    2546    2255
     978  5  6      352     353     585    2396    2397    2629
     979  5  6      384     585     309    2428    2629    2353
     980  5  6      970     119     495    3014    2163    2539
     981  5  6      313     377     933    2357    2421    2977
     982  5  6      349     313     312    2393    2357    2356
     983  5  6      394     231     886    2438    2275    2930
     984  5  6      109     254     498    2153    2298    2542
     985  5  6      371     311     583    2415    2355    2627
     986  5  6      955     886     486    2999    2930    2530
     987  5  6      322     955     242    2366    2999    2286
     988  5  6      359     281     282    2403    2325    2326
     989  5  6       70     284     283    2114    2328    2327
     990  5  6      941     852     908    2985    2896    2952
     991  5  6      520     949     969    2564    2993    3013
     992  5  6      957     297     968    3001    2341    3012
     993  5  6      957     355     956    3001    2399    3000
     994  5  6      332     616     937    2376    2660    2981
     995  5  6      616     332     331    2660    2376    2375
     996  5  6      315     314     316    2359    2358    2360
     997  5  6      841     960     587    2885    3004    2631
     998  5  6      920     292     896    2964    2336    2940
     999  5  6      306     503     305    2350    2547    2349
    1000  5  6      967     788     787    3011    2832    2831
    1001  5  6      964     950     787    3008    2994    2831
    1002  5  6      904     352     931    2948    2396    2975
    1003  5  6      904     930     344    2948    2974    2388
    1004  5  6      908     664     909    2952    2708    2953
    1005  5  6      908     852     881    2952    2896    2925
    1006  5  6      900      24      25    2944    2068    2069
    1007  5  6      758     520     966    2802    2564    3010
    1008  5  6      852     949     850    2896    2993    2894
    1009  5  6      371     921     932    2415    2965    2976
    1010  5  6      384     309     311    2428    2353    2355
    1011  5  6      394     886     605    2438    2930    2649
    1012  5  6      394     349     231    2438    2393    2275
    1013  5  6      367     340     307    2411    2384    2351
    1014  5  6      328     330     368    2372    2374    2412
    1015  5  6      369     367     285    2413    2411    2329
    1016  5  6      369     635     379    2413    2679    2423
    1017  5  6      250     217     343    2294    2261    2387
    1018  5  6      333     344     334    2377    2388    2378
    1019  5  6      357     956     355    2401    3000    2399
    1020  5  6      357     897     597    2401    2941    2641
    1021  5  6      620     936     937    2664    2980    2981
    1022  5  6      320     361     619    2364    2405    2663
    1023  5  6      943     265     924    2987    2309    2968
    1024  5  6      263     273     264    2307    2317    2308
    1025  5  6      853     963     271    2897    3007    2315
    1026  5  6      916     324     298    2960    2368    2342
    1027  5  6      597     956     357    2641    3000    2401
    1028  5  6      947     320     620    2991    2364    2664
    1029  5  6      639      59     234    2683    2103    2278
    1030  5  6      397     370     337    2441    2414    2381
    1031  5  6      202     479     200    2246    2523    2244
    1032  5  6      307     274     219    2351    2318    2263
    1033  5  6      579     578     924    2623    2622    2968
    1034  5  6      215     214     965    2259    2258    3009
    1035  5  6      292     372     896    2336    2416    2940
    1036  5  6      292     291     372    2336    2335    2416
    1037  5  6      896     374     917    2940    2418    2961
    1038  5  6      324     916     395    2368    2960    2439
    1039  5  6      916     298     597    2960    2342    2641
    1040  5  6      470     964     471    2514    3008    2515
    1041  5  6      474     963     943    2518    3007    2987
    1042  5  6      632      13      14    2676    2057    2058
    1043  5  6      909     961     650    2953    3005    2694
    1044  5  6      605     886     955    2649    2930    2999
    1045  5  6      324     392     605    2368    2436    2649
    1046  5  6      402     588     905    2446    2632    2949
    1047  5  6      588     587     960    2632    2631    3004
    1048  5  6      296     225     224    2340    2269    2268
    1049  5  6      297     956     597    2341    3000    2641
    1050  5  6      928     850     942    2972    2894    2986
    1051  5  6      928     678     851    2972    2722    2895
    1052  5  6      962     959     469    3006    3003    2513
    1053  5  6      961     948     959    3005    2992    3003
    1054  5  6      588     960     930    2632    3004    2974
    1055  5  6      208     334     343    2252    2378    2387
    1056  5  6      269     329     328    2313    2373    2372
    1057  5  6      332     635     369    2376    2679    2413
    1058  5  6      937     616     947    2981    2660    2991
    1059  5  6      937     857     635    2981    2901    2679
    1060  5  6      377     349     394    2421    2393    2438
    1061  5  6      491     510     256    2535    2554    2300
    1062  5  6      319     237     236    2363    2281    2280
    1063  5  6      655     948     898    2699    2992    2942
    1064  5  6      655     469     959    2699    2513    3003
    1065  5  6      672     851     678    2716    2895    2722
    1066  5  6      851     881     852    2895    2925    2896
    1067  5  6      360     389     386    2404    2433    2430
    1068  5  6      915     607     606    2959    2651    2650
    1069  5  6      347     958     282    2391    3002    2326
    1070  5  6      228     231     312    2272    2275    2356
    1071  5  6      619     936     620    2663    2980    2664
    1072  5  6      936     619     918    2980    2663    2962
    1073  5  6      385     387     918    2429    2431    2962
    1074  5  6      387     385     388    2431    2429    2432
    1075  5  6      338     201     336    2382    2245    2380
    1076  5  6      165     166     538    2209    2210    2582
    1077  5  6      165     540     528    2209    2584    2572
    1078  5  6      909     664     663    2953    2708    2707
    1079  5  6      664     881     662    2708    2925    2706
    1080  5  6      381     256     258    2425    2300    2302
    1081  5  6      172     549     171    2216    2593    2215
    1082  5  6      549     557     558    2593    2601    2602
    1083  5  6      175     728     174    2219    2772    2218
    1084  5  6      728     567     569    2772    2611    2613
    1085  5  6      527     164     528    2571    2208    2572
    1086  5  6      164     527     163    2208    2571    2207
    1087  5  6      402     905     903    2446    2949    2947
    1088  5  6      344     930     343    2388    2974    2387
    1089  5  6      180     654     179    2224    2698    2223
    1090  5  6      654     576     575    2698    2620    2619
    1091  5  6      776     889     170    2820    2933    2214
    1092  5  6      170     889     169    2214    2933    2213
    1093  5  6      379     378     340    2423    2422    2384
    1094  5  6      492     221     220    2536    2265    2264
    1095  5  6      575     179     654    2619    2223    2698
    1096  5  6      575     762     178    2619    2806    2222
    1097  5  6      829     543     888    2873    2587    2932
    1098  5  6      543     168     169    2587    2212    2213
    1099  5  6      389     612     934    2433    2656    2978
    1100  5  6      507     348     347    2551    2392    2391
    1101  5  6      956     297     957    3000    2341    3001
    1102  5  6      357     920     917    2401    2964    2961
    1103  5  6      579     379     580    2623    2423    2624
    1104  5  6      379     367     369    2423    2411    2413
    1105  5  6      929     942     945    2973    2986    2989
    1106  5  6      582     678     928    2626    2722    2972
    1107  5  6      373     335     327    2417    2379    2371
    1108  5  6      587     390     383    2631    2434    2427
    1109  5  6      539     167     541    2583    2211    2585
    1110  5  6      167     539     166    2211    2583    2210
    1111  5  6      243     242     955    2287    2286    2999
    1112  5  6       77      78     506    2121    2122    2550
    1113  5  6      914     569     548    2958    2613    2592
    1114  5  6      914     174     728    2958    2218    2772
    1115  5  6      350     497     954    2394    2541    2998
    1116  5  6      352     384     932    2396    2428    2976
    1117  5  6      513     368     287    2557    2412    2331
    1118  5  6      562     178     762    2606    2222    2806
    1119  5  6      178     562     177    2222    2606    2221
    1120  5  6      587     383     382    2631    2427    2426
    1121  5  6      373     391     374    2417    2435    2418
    1122  5  6      480     351     210    2524    2395    2254
    1123  5  6      208     481     206    2252    2525    2250
    1124  5  6      951     952     953    2995    2996    2997
    1125  5  6      362     397     337    2406    2441    2381
    1126  5  6      477     496     255    2521    2540    2299
    1127  5  6      579     924     378    2623    2968    2422
    1128  5  6      938     945     950    2982    2989    2994
    1129  5  6      881     664     908    2925    2708    2952
    1130  5  6      928     851     850    2972    2895    2894
    1131  5  6      852     941     949    2896    2985    2993
    1132  5  6      225     240     893    2269    2284    2937
    1133  5  6      324     605     322    2368    2649    2366
    1134  5  6      385     341     388    2429    2385    2432
    1135  5  6      387     386     606    2431    2430    2650
    1136  5  6      663     898     948    2707    2942    2992
    1137  5  6      663     662     922    2707    2706    2966
    1138  5  6      574     898     922    2618    2942    2966
    1139  5  6      948     909     663    2992    2953    2707
    1140  5  6      542     541     829    2586    2585    2873
    1141  5  6      541     167     168    2585    2211    2212
    1142  5  6      617     947     616    2661    2991    2660
    1143  5  6      361     381     342    2405    2425    2386
    1144  5  6      521     526     444    2565    2570    2488
    1145  5  6      526     163     527    2570    2207    2571
    1146  5  6      371     932     384    2415    2976    2428
    1147  5  6      921     534     903    2965    2578    2947
    1148  5  6      292     212     290    2336    2256    2334
    1149  5  6      354     356     355    2398    2400    2399
    1150  5  6      391     401     374    2435    2445    2418
    1151  5  6      383     391     373    2427    2435    2417
    1152  5  6      917     897     357    2961    2941    2401
    1153  5  6      897     916     597    2941    2960    2641
    1154  5  6      776     558     553    2820    2602    2597
    1155  5  6      558     171     549    2602    2215    2593
    1156  5  6      540     406     403    2584    2450    2447
    1157  5  6      165     528     164    2209    2572    2208
    1158  5  6      727     919     567    2771    2963    2611
    1159  5  6      919     727     563    2963    2771    2607
    1160  5  6      395     916     596    2439    2960    2640
    1161  5  6      392     324     395    2436    2368    2439
    1162  5  6      385     619     361    2429    2663    2405
    1163  5  6      654     655     576    2698    2699    2620
    1164  5  6      466     946     648    2510    2990    2692
    1165  5  6      857     936     785    2901    2980    2829
    1166  5  6      332     937     635    2376    2981    2679
    1167  5  6      563     910     919    2607    2954    2963
    1168  5  6      910     702     835    2954    2746    2879
    1169  5  6      377     394     393    2421    2438    2437
    1170  5  6      398     535     397    2442    2579    2441
    1171  5  6      535     534     921    2579    2578    2965
    1172  5  6      942     519     518    2986    2563    2562
    1173  5  6      938     929     945    2982    2973    2989
    1174  5  6      596     897     793    2640    2941    2837
    1175  5  6      793     840     401    2837    2884    2445
    1176  5  6      943     578     944    2987    2622    2988
    1177  5  6      928     942     929    2972    2986    2973
    1178  5  6      548     173     914    2592    2217    2958
    1179  5  6      548     754     557    2592    2798    2601
    1180  5  6      755     568     753    2799    2612    2797
    1181  5  6      568     755     569    2612    2799    2613
    1182  5  6      941     908     899    2985    2952    2943
    1183  5  6      939     940     925    2983    2984    2969
    1184  5  6      938     582     929    2982    2626    2973
    1185  5  6      582     938     577    2626    2982    2621
    1186  5  6      936     857     937    2980    2901    2981
    1187  5  6      267     266     512    2311    2310    2556
    1188  5  6      247      75     229    2291    2119    2273
    1189  5  6      933     934     935    2977    2978    2979
    1190  5  6      903     902     885    2947    2946    2929
    1191  5  6      903     931     932    2947    2975    2976
    1192  5  6      888     552     890    2932    2596    2934
    1193  5  6      888     169     889    2932    2213    2933
    1194  5  6      396     596     883    2440    2640    2927
    1195  5  6      396     393     392    2440    2437    2436
    1196  5  6      588     930     905    2632    2974    2949
    1197  5  6      352     904     344    2396    2948    2388
    1198  5  6      178     179     575    2222    2223    2619
    1199  5  6      762     653     562    2806    2697    2606
    1200  5  6      582     928     929    2626    2972    2973
    1201  5  6      880     851     672    2924    2895    2716
    1202  5  6      922     898     663    2966    2942    2707
    1203  5  6      925     926     927    2969    2970    2971
    1204  5  6      489     508     279    2533    2552    2323
    1205  5  6      580     854     860    2624    2898    2904
    1206  5  6      580     635     857    2624    2679    2901
    1207  5  6      274     378     924    2318    2422    2968
    1208  5  6      332     369     330    2376    2413    2374
    1209  5  6      165     538     540    2209    2582    2584
    1210  5  6      540     403     446    2584    2447    2490
    1211  5  6      922     865     700    2966    2909    2744
    1212  5  6      922     662     892    2966    2706    2936
    1213  5  6      827     919     910    2871    2963    2954
    1214  5  6      827     568     567    2871    2612    2611
    1215  5  6      892     662     880    2936    2706    2924
    1216  5  6      892     865     922    2936    2909    2966
    1217  5  6      176     727     175    2220    2771    2219
    1218  5  6      653     702     910    2697    2746    2954
    1219  5  6      917     840     897    2961    2884    2941
    1220  5  6      485     277     923    2529    2321    2967
    1221  5  6      785     918     387    2829    2962    2431
    1222  5  6      521     444     443    2565    2488    2487
    1223  5  6      162     163     526    2206    2207    2570
    1224  5  6      885     402     903    2929    2446    2947
    1225  5  6      402     885     400    2446    2929    2444
    1226  5  6      314     500     326    2358    2544    2370
    1227  5  6      402     400     391    2446    2444    2435
    1228  5  6      776     552     888    2820    2596    2932
    1229  5  6      552     776     553    2596    2820    2597
    1230  5  6      265     264     272    2309    2308    2316
    1231  5  6      655     898     576    2699    2942    2620
    1232  5  6      700     574     922    2744    2618    2966
    1233  5  6      700     702     653    2744    2746    2697
    1234  5  6      553     557     754    2597    2601    2798
    1235  5  6      172     173     548    2216    2217    2592
    1236  5  6      585     384     352    2629    2428    2396
    1237  5  6      399     535     921    2443    2579    2965
    1238  5  6      689     146     661    2733    2190    2705
    1239  5  6      146     689     145    2190    2733    2189
    1240  5  6      527     528     445    2571    2572    2489
    1241  5  6      445     444     526    2489    2488    2570
    1242  5  6      318     501     316    2362    2545    2360
    1243  5  6      896     917     920    2940    2961    2964
    1244  5  6      706     152     745    2750    2196    2789
    1245  5  6      569     914     728    2613    2958    2772
    1246  5  6      567     919     827    2611    2963    2871
    1247  5  6      676     855     669    2720    2899    2713
    1248  5  6      676     803     710    2720    2847    2754
    1249  5  6      546     158     544    2590    2202    2588
    1250  5  6      546     820     157    2590    2864    2201
    1251  5  6      385     918     619    2429    2962    2663
    1252  5  6      491     256     381    2535    2300    2425
    1253  5  6      845     566     565    2889    2610    2609
    1254  5  6      566     845     556    2610    2889    2600
    1255  5  6      840     917     374    2884    2961    2418
    1256  5  6      401     592     848    2445    2636    2892
    1257  5  6      915     606     386    2959    2650    2430
    1258  5  6      606     608     715    2650    2652    2759
    1259  5  6      140     665     139    2184    2709    2183
    1260  5  6      671     856     666    2715    2900    2710
    1261  5  6      894     892     880    2938    2936    2924
    1262  5  6      672     674     894    2716    2718    2938
    1263  5  6      656     451     744    2700    2495    2788
    1264  5  6      656     138     731    2700    2182    2775
    1265  5  6      687     144     688    2731    2188    2732
    1266  5  6      687     686     143    2731    2730    2187
    1267  5  6      542     404     406    2586    2448    2450
    1268  5  6      542     829     547    2586    2873    2591
    1269  5  6      793     792     883    2837    2836    2927
    1270  5  6      596     916     897    2640    2960    2941
    1271  5  6      159     443     544    2203    2487    2588
    1272  5  6      716     799     784    2760    2843    2828
    1273  5  6      716     715     830    2760    2759    2874
    1274  5  6      618     708     135    2662    2752    2179
    1275  5  6      618     744     895    2662    2788    2939
    1276  5  6      581     860     859    2625    2904    2903
    1277  5  6      386     389     915    2430    2433    2959
    1278  5  6      554     866     913    2598    2910    2957
    1279  5  6      866     554     751    2910    2598    2795
    1280  5  6      125     584     124    2169    2628    2168
    1281  5  6      584     586     537    2628    2630    2581
    1282  5  6      743     573     572    2787    2617    2616
    1283  5  6      573     149     571    2617    2193    2615
    1284  5  6      828     752     753    2872    2796    2797
    1285  5  6      828     835     560    2872    2879    2604
    1286  5  6      432     131     460    2476    2175    2504
    1287  5  6      816     906     457    2860    2950    2501
    1288  5  6      890     913     817    2934    2957    2861
    1289  5  6      398     123     537    2442    2167    2581
    1290  5  6      173     174     914    2217    2218    2958
    1291  5  6      548     755     754    2592    2799    2798
    1292  5  6      913     890     552    2957    2934    2596
    1293  5  6      169     888     543    2213    2932    2587
    1294  5  6      675     671     665    2719    2715    2709
    1295  5  6      670     669     855    2714    2713    2899
    1296  5  6      690     661     453    2734    2705    2497
    1297  5  6      661     147     658    2705    2191    2702
    1298  5  6      586     593     902    2630    2637    2946
    1299  5  6      653     910     563    2697    2954    2607
    1300  5  6      574     653     762    2618    2697    2806
    1301  5  6      707     849     708    2751    2893    2752
    1302  5  6      561     777     459    2605    2821    2503
    1303  5  6      777     156     820    2821    2200    2864
    1304  5  6      128     864     127    2172    2908    2171
    1305  5  6      594     431     887    2638    2475    2931
    1306  5  6      753     751     754    2797    2795    2798
    1307  5  6      751     753     752    2795    2797    2796
    1308  5  6      859     679     581    2903    2723    2625
    1309  5  6      679     859     673    2723    2903    2717
    1310  5  6      570     151     706    2614    2195    2750
    1311  5  6      570     873     571    2614    2917    2615
    1312  5  6      705     718     720    2749    2762    2764
    1313  5  6      132     460     131    2176    2504    2175
    1314  5  6      615     604     610    2659    2648    2654
    1315  5  6      854     862     860    2898    2906    2904
    1316  5  6      860     863     858    2904    2907    2902
    1317  5  6      159     544     158    2203    2588    2202
    1318  5  6      139     731     138    2183    2775    2182
    1319  5  6      666     451     731    2710    2495    2775
    1320  5  6      525     912     515    2569    2956    2559
    1321  5  6      269     328     911    2313    2372    2955
    1322  5  6      378     379     579    2422    2423    2623
    1323  5  6      835     827     910    2879    2871    2954
    1324  5  6      559     828     560    2603    2872    2604
    1325  5  6      453     743     742    2497    2787    2786
    1326  5  6      148     149     573    2192    2193    2617
    1327  5  6      180       1     468    2224    2045    2512
    1328  5  6      908     909     899    2952    2953    2943
    1329  5  6      422     127     864    2466    2171    2908
    1330  5  6      127     420     126    2171    2464    2170
    1331  5  6      820     459     777    2864    2503    2821
    1332  5  6      907     412     417    2951    2456    2461
    1333  5  6      895     709     708    2939    2753    2752
    1334  5  6      137     744     136    2181    2788    2180
    1335  5  6      895     708     618    2939    2752    2662
    1336  5  6      902     593     885    2946    2637    2929
    1337  5  6      459     820     456    2503    2864    2500
    1338  5  6      906     819     458    2950    2863    2502
    1339  5  6      904     903     905    2948    2947    2949
    1340  5  6      534     902     903    2578    2946    2947
    1341  5  6      433     430     429    2477    2474    2473
    1342  5  6       24     900     901    2068    2944    2945
    1343  5  6      899     650     652    2943    2694    2696
    1344  5  6      745     153     845    2789    2197    2889
    1345  5  6      592     400     885    2636    2444    2929
    1346  5  6      794     401     848    2838    2445    2892
    1347  5  6      609     707     868    2653    2751    2912
    1348  5  6      849     707     609    2893    2751    2653
    1349  5  6      803     142     143    2847    2186    2187
    1350  5  6      142     676     141    2186    2720    2185
    1351  5  6      892     761     760    2936    2805    2804
    1352  5  6      576     898     574    2620    2942    2618
    1353  5  6      452     690     453    2496    2734    2497
    1354  5  6      724     452     763    2768    2496    2807
    1355  5  6      154     155     555    2198    2199    2599
    1356  5  6      154     845     153    2198    2889    2197
    1357  5  6      535     399     397    2579    2443    2441
    1358  5  6      792     601     882    2836    2645    2926
    1359  5  6      848     774     843    2892    2818    2887
    1360  5  6      686     710     803    2730    2754    2847
    1361  5  6      686     685     767    2730    2729    2811
    1362  5  6      161     521     160    2205    2565    2204
    1363  5  6      544     443     442    2588    2487    2486
    1364  5  6      545     457     456    2589    2501    2500
    1365  5  6      405     404     816    2449    2448    2860
    1366  5  6      793     897     840    2837    2941    2884
    1367  5  6      374     896     372    2418    2940    2416
    1368  5  6      744     846     895    2788    2890    2939
    1369  5  6      449     780     783    2493    2824    2827
    1370  5  6      403     405     446    2447    2449    2490
    1371  5  6      558     170     171    2602    2214    2215
    1372  5  6      754     751     554    2798    2795    2598
    1373  5  6      672     894     880    2716    2938    2924
    1374  5  6      672     679     673    2716    2723    2717
    1375  5  6      688     145     689    2732    2189    2733
    1376  5  6      688     685     687    2732    2729    2731
    1377  5  6      572     699     742    2616    2743    2786
    1378  5  6      698     873     703    2742    2917    2747
    1379  5  6      715     884     882    2759    2928    2926
    1380  5  6      421     423     847    2465    2467    2891
    1381  5  6      127     422     420    2171    2466    2464
    1382  5  6      571     873     698    2615    2917    2742
    1383  5  6      150     151     570    2194    2195    2614
    1384  5  6      701     700     865    2745    2744    2909
    1385  5  6      701     560     835    2745    2604    2879
    1386  5  6      822     463     462    2866    2507    2506
    1387  5  6      801     862     784    2845    2906    2828
    1388  5  6      785     387     716    2829    2431    2760
    1389  5  6      593     586     847    2637    2630    2891
    1390  5  6      775     592     591    2819    2636    2635
    1391  5  6      860     581     580    2904    2625    2624
    1392  5  6      861     859     858    2905    2903    2902
    1393  5  6      701     835     702    2745    2879    2746
    1394  5  6      176     563     727    2220    2607    2771
    1395  5  6      893     240     239    2937    2284    2283
    1396  5  6      608     396     884    2652    2440    2928
    1397  5  6      662     881     880    2706    2925    2924
    1398  5  6      814     865     892    2858    2909    2936
    1399  5  6      743     453     661    2787    2497    2705
    1400  5  6      537     124     584    2581    2168    2628
    1401  5  6      537     534     398    2581    2578    2442
    1402  5  6      691     685     688    2735    2729    2732
    1403  5  6      891     842     735    2935    2886    2779
    1404  5  6      615     868     870    2659    2912    2914
    1405  5  6      890     817     547    2934    2861    2591
    1406  5  6      888     889     776    2932    2933    2820
    1407  5  6      691     724     685    2735    2768    2729
    1408  5  6      711     766     871    2755    2810    2915
    1409  5  6      817     816     547    2861    2860    2591
    1410  5  6      594     887     595    2638    2931    2639
    1411  5  6      431     594     429    2475    2638    2473
    1412  5  6      884     715     608    2928    2759    2652
    1413  5  6      886     231     230    2930    2275    2274
    1414  5  6      592     885     593    2636    2929    2637
    1415  5  6      208     207     334    2252    2251    2378
    1416  5  6      755     548     569    2799    2592    2613
    1417  5  6      754     554     553    2798    2598    2597
    1418  5  6      396     883     884    2440    2927    2928
    1419  5  6      882     831     830    2926    2875    2874
    1420  5  6      851     880     881    2895    2924    2925
    1421  5  6      878     879     645    2922    2923    2689
    1422  5  6      875     876     877    2919    2920    2921
    1423  5  6      703     873     705    2747    2917    2749
    1424  5  6      463     566     556    2507    2610    2600
    1425  5  6      561     459     464    2605    2503    2508
    1426  5  6      874     812     844    2918    2856    2888
    1427  5  6      151     152     706    2195    2196    2750
    1428  5  6      570     705     873    2614    2749    2917
    1429  5  6      872     431     430    2916    2475    2474
    1430  5  6      828     753     568    2872    2797    2612
    1431  5  6      427     812     750    2471    2856    2794
    1432  5  6      855     710     681    2899    2754    2725
    1433  5  6      838     680     871    2882    2724    2915
    1434  5  6      135     849     134    2179    2893    2178
    1435  5  6      868     869     870    2912    2913    2914
    1436  5  6      132     604     460    2176    2648    2504
    1437  5  6      866     751     867    2910    2795    2911
    1438  5  6      141     675     140    2185    2719    2184
    1439  5  6      666     665     671    2710    2709    2715
    1440  5  6      406     539     542    2450    2583    2586
    1441  5  6      446     405     442    2490    2449    2486
    1442  5  6      700     653     574    2744    2697    2618
    1443  5  6      701     865     814    2745    2909    2858
    1444  5  6      779     826     773    2823    2870    2817
    1445  5  6      128     595     864    2172    2639    2908
    1446  5  6      830     800     799    2874    2844    2843
    1447  5  6      860     862     863    2904    2906    2907
    1448  5  6      858     804     861    2902    2848    2905
    1449  5  6      858     859     860    2902    2903    2904
    1450  5  6      488     509     257    2532    2553    2301
    1451  5  6      580     857     854    2624    2901    2898
    1452  5  6      721     770     455    2765    2814    2499
    1453  5  6      453     742     454    2497    2786    2498
    1454  5  6      671     739     856    2715    2783    2900
    1455  5  6      681     670     855    2725    2714    2899
    1456  5  6      784     854     785    2828    2898    2829
    1457  5  6      265     853     263    2309    2897    2307
    1458  5  6      850     851     852    2894    2895    2896
    1459  5  6      190      36      37    2234    2080    2081
    1460  5  6      135     708     849    2179    2752    2893
    1461  5  6      826     779     590    2870    2823    2634
    1462  5  6      592     775     848    2636    2819    2892
    1463  5  6      593     847     591    2637    2891    2635
    1464  5  6      846     744     451    2890    2788    2495
    1465  5  6      546     157     158    2590    2201    2202
    1466  5  6      405     545     442    2449    2589    2486
    1467  5  6      463     822     564    2507    2866    2608
    1468  5  6      154     556     845    2198    2600    2889
    1469  5  6      551     844     821    2595    2888    2865
    1470  5  6      573     743     658    2617    2787    2702
    1471  5  6      722     699     723    2766    2743    2767
    1472  5  6      661     690     689    2705    2734    2733
    1473  5  6      144     145     688    2188    2189    2732
    1474  5  6      687     143     144    2731    2187    2188
    1475  5  6      747     801     800    2791    2845    2844
    1476  5  6      825     806     602    2869    2850    2646
    1477  5  6      601     792     843    2645    2836    2887
    1478  5  6      779     423     422    2823    2467    2466
    1479  5  6      130     429     594    2174    2473    2638
    1480  5  6      842     430     735    2886    2474    2779
    1481  5  6      841     500     249    2885    2544    2293
    1482  5  6      374     401     840    2418    2445    2884
    1483  5  6      809     734     807    2853    2778    2851
    1484  5  6      838     839     808    2882    2883    2852
    1485  5  6      411     417     412    2455    2461    2456
    1486  5  6      415     419     416    2459    2463    2460
    1487  5  6      740     409     770    2784    2453    2814
    1488  5  6      725     836     837    2769    2880    2881
    1489  5  6      828     827     835    2872    2871    2879
    1490  5  6      746     814     833    2790    2858    2877
    1491  5  6      746     833     834    2790    2877    2878
    1492  5  6      725     434     436    2769    2478    2480
    1493  5  6      162     526     521    2206    2570    2565
    1494  5  6      457     545     405    2501    2589    2449
    1495  5  6      832     183     182    2876    2227    2226
    1496  5  6      716     387     606    2760    2431    2650
    1497  5  6      800     830     831    2844    2874    2875
    1498  5  6      541     543     829    2585    2587    2873
    1499  5  6      816     404     547    2860    2448    2591
    1500  5  6      727     728     175    2771    2772    2219
    1501  5  6      827     828     568    2871    2872    2612
    1502  5  6      590     589     826    2634    2633    2870
    1503  5  6      806     825     772    2850    2869    2816
    1504  5  6      813     823     824    2857    2867    2868
    1505  5  6      821     822     551    2865    2866    2595
    1506  5  6      156     157     820    2200    2201    2864
    1507  5  6      777     155     156    2821    2199    2200
    1508  5  6      462     464     819    2506    2508    2863
    1509  5  6      816     817     818    2860    2861    2862
    1510  5  6      740     741     815    2784    2785    2859
    1511  5  6      814     746     701    2858    2790    2745
    1512  5  6      812     424     813    2856    2468    2857
    1513  5  6      734     809     811    2778    2853    2855
    1514  5  6      766     765     810    2810    2809    2854
    1515  5  6      807     808     809    2851    2852    2853
    1516  5  6      571     698     572    2615    2742    2616
    1517  5  6      202     583     253    2246    2627    2297
    1518  5  6      390     588     402    2434    2632    2446
    1519  5  6      771     598     806    2815    2642    2850
    1520  5  6      410     412     780    2454    2456    2824
    1521  5  6      450     448     447    2494    2492    2491
    1522  5  6      789     791     805    2833    2835    2849
    1523  5  6      714     804     736    2758    2848    2780
    1524  5  6      143     686     803    2187    2730    2847
    1525  5  6      676     142     803    2720    2186    2847
    1526  5  6      717     798     802    2761    2842    2846
    1527  5  6      799     800     801    2843    2844    2845
    1528  5  6      796     797     798    2840    2841    2842
    1529  5  6      697     795     781    2741    2839    2825
    1530  5  6      792     793     794    2836    2837    2838
    1531  5  6      354     275     306    2398    2319    2350
    1532  5  6      789     790     791    2833    2834    2835
    1533  5  6      786     787     788    2830    2831    2832
    1534  5  6      581     679     582    2625    2723    2626
    1535  5  6      716     784     785    2760    2828    2829
    1536  5  6      782     447     783    2826    2491    2827
    1537  5  6      744     137     656    2788    2181    2700
    1538  5  6      780     781     677    2824    2825    2721
    1539  5  6      422     778     779    2466    2822    2823
    1540  5  6      125     126     420    2169    2170    2464
    1541  5  6      777     561     555    2821    2605    2599
    1542  5  6      170     558     776    2214    2602    2820
    1543  5  6      773     774     775    2817    2818    2819
    1544  5  6      771     772     589    2815    2816    2633
    1545  5  6      764     770     409    2808    2814    2453
    1546  5  6      729     768     769    2773    2812    2813
    1547  5  6      766     767     724    2810    2811    2768
    1548  5  6      763     764     765    2807    2808    2809
    1549  5  6      574     762     575    2618    2806    2619
    1550  5  6      756     760     761    2800    2804    2805
    1551  5  6      758     759     693    2802    2803    2737
    1552  5  6      435     756     757    2479    2800    2801
    1553  5  6      753     754     755    2797    2798    2799
    1554  5  6      750     751     752    2794    2795    2796
    1555  5  6      599     749     600    2643    2793    2644
    1556  5  6      747     748     738    2791    2792    2782
    1557  5  6      243     505     241    2287    2549    2285
    1558  5  6       72     345     346    2116    2389    2390
    1559  5  6      746     428     560    2790    2472    2604
    1560  5  6      152     153     745    2196    2197    2789
    1561  5  6      136     744     618    2180    2788    2662
    1562  5  6      572     742     743    2616    2786    2787
    1563  5  6      740     721     741    2784    2765    2785
    1564  5  6      675     665     140    2719    2709    2184
    1565  5  6      695     739     670    2739    2783    2714
    1566  5  6      521     443     160    2565    2487    2204
    1567  5  6      561     464     463    2605    2508    2507
    1568  5  6      308     254     253    2352    2298    2297
    1569  5  6      400     592     401    2444    2636    2445
    1570  5  6      736     737     738    2780    2781    2782
    1571  5  6      360     380     358    2404    2424    2402
    1572  5  6      613     735     461    2657    2779    2505
    1573  5  6      732     733     734    2776    2777    2778
    1574  5  6      656     731     451    2700    2775    2495
    1575  5  6      729     712     730    2773    2756    2774
    1576  5  6      727     567     728    2771    2611    2772
    1577  5  6      428     726     425    2472    2770    2469
    1578  5  6      725     437     434    2769    2481    2478
    1579  5  6      724     691     452    2768    2735    2496
    1580  5  6      721     722     723    2765    2766    2767
    1581  5  6      718     719     720    2762    2763    2764
    1582  5  6      717     418     414    2761    2462    2458
    1583  5  6      667      28      29    2711    2072    2073
    1584  5  6      305     213     212    2349    2257    2256
    1585  5  6      606     715     716    2650    2759    2760
    1586  5  6      712     713     714    2756    2757    2758
    1587  5  6      710     686     711    2754    2730    2755
    1588  5  6      707     708     709    2751    2752    2753
    1589  5  6      705     570     706    2749    2614    2750
    1590  5  6      703     704     698    2747    2748    2742
    1591  5  6      700     701     702    2744    2745    2746
    1592  5  6      572     698     699    2616    2742    2743
    1593  5  6      695     696     697    2739    2740    2741
    1594  5  6      692     693     694    2736    2737    2738
    1595  5  6      691     688     690    2735    2732    2734
    1596  5  6       22      23     684    2066    2067    2728
    1597  5  6      688     689     690    2732    2733    2734
    1598  5  6      679     678     582    2723    2722    2626
    1599  5  6      685     686     687    2729    2730    2731
    1600  5  6      682     683     684    2726    2727    2728
    1601  5  6      680     670     681    2724    2714    2725
    1602  5  6      678     679     672    2722    2723    2716
    1603  5  6      677     413     410    2721    2457    2454
    1604  5  6       28     668     192    2072    2712    2236
    1605  5  6      675     141     676    2719    2185    2720
    1606  5  6      672     673     674    2716    2717    2718
    1607  5  6      669     670     671    2713    2714    2715
    1608  5  6       28     667     668    2072    2711    2712
    1609  5  6      139     665     666    2183    2709    2710
    1610  5  6      662     663     664    2706    2707    2708
    1611  5  6      661     146     147    2705    2190    2191
    1612  5  6      659     660     647    2703    2704    2691
    1613  5  6      573     658     148    2617    2702    2192
    1614  5  6      657      31     640    2701    2075    2684
    1615  5  6      137     138     656    2181    2182    2700
    1616  5  6      654     469     655    2698    2513    2699
    1617  5  6      563     562     653    2607    2606    2697
    1618  5  6      650     651     652    2694    2695    2696
    1619  5  6      648     649     466    2692    2693    2510
    1620  5  6      645     646     647    2689    2690    2691
    1621  5  6      643      16     644    2687    2060    2688
    1622  5  6      622      11     642    2666    2055    2686
    1623  5  6      641     630     632    2685    2674    2676
    1624  5  6      319     511     381    2363    2555    2425
    1625  5  6      329     332     330    2373    2376    2374
    1626  5  6       31     638     640    2075    2682    2684
    1627  5  6      639     267      58    2683    2311    2102
    1628  5  6      636     637     638    2680    2681    2682
    1629  5  6      379     635     580    2423    2679    2624
    1630  5  6      633     634      34    2677    2678    2078
    1631  5  6      339     295     288    2383    2339    2332
    1632  5  6      630     631     632    2674    2675    2676
    1633  5  6      627     628     629    2671    2672    2673
    1634  5  6      624     625     626    2668    2669    2670
    1635  5  6      475      35      36    2519    2079    2080
    1636  5  6      622     186     623    2666    2230    2667
    1637  5  6      320     621     235    2364    2665    2279
    1638  5  6      320     619     620    2364    2663    2664
    1639  5  6      618     135     136    2662    2179    2180
    1640  5  6      616     331     617    2660    2375    2661
    1641  5  6      508     280     279    2552    2324    2323
    1642  5  6      461     604     615    2505    2648    2659
    1643  5  6      347     282     284    2391    2326    2328
    1644  5  6      439     613     614    2483    2657    2658
    1645  5  6      611     612     347    2655    2656    2391
    1646  5  6      133     609     610    2177    2653    2654
    1647  5  6      606     607     608    2650    2651    2652
    1648  5  6      392     394     605    2436    2438    2649
    1649  5  6      133     604     132    2177    2648    2176
    1650  5  6      601     602     603    2645    2646    2647
    1651  5  6      598     599     600    2642    2643    2644
    1652  5  6       86     223      85    2130    2267    2129
    1653  5  6      485     278     277    2529    2322    2321
    1654  5  6      432     130     131    2476    2174    2175
    1655  5  6      483     503     275    2527    2547    2319
    1656  5  6      297     597     298    2341    2641    2342
    1657  5  6      596     396     395    2640    2440    2439
    1658  5  6      129     595     128    2173    2639    2172
    1659  5  6      129     594     595    2173    2638    2639
    1660  5  6      325     316     314    2369    2360    2358
    1661  5  6      423     421     420    2467    2465    2464
    1662  5  6      591     592     593    2635    2636    2637
    1663  5  6      102     216     218    2146    2260    2262
    1664  5  6      431     589     590    2475    2633    2634
    1665  5  6      218     101     102    2262    2145    2146
    1666  5  6      587     382     326    2631    2426    2370
    1667  5  6      390     587     588    2434    2631    2632
    1668  5  6      421     586     584    2465    2630    2628
    1669  5  6      309     585     310    2353    2629    2354
    1670  5  6      421     584     125    2465    2628    2169
    1671  5  6      202     338     583    2246    2382    2627
    1672  5  6      582     577     581    2626    2621    2625
    1673  5  6      196     197     533    2240    2241    2577
    1674  5  6      577     580     581    2621    2624    2625
    1675  5  6      221     286     307    2265    2330    2351
    1676  5  6      577     578     579    2621    2622    2623
    1677  5  6      219     272     514    2263    2316    2558
    1678  5  6      149     150     571    2193    2194    2615
    1679  5  6      574     575     576    2618    2619    2620
    1680  5  6      571     572     573    2615    2616    2617
    1681  5  6      177     563     176    2221    2607    2220
    1682  5  6      570     571     150    2614    2615    2194
    1683  5  6      567     568     569    2611    2612    2613
    1684  5  6      564     565     566    2608    2609    2610
    1685  5  6      562     563     177    2606    2607    2221
    1686  5  6      463     556     561    2507    2600    2605
    1687  5  6      559     560     428    2603    2604    2472
    1688  5  6      548     557     549    2592    2601    2593
    1689  5  6      557     553     558    2601    2597    2602
    1690  5  6      154     555     556    2198    2599    2600
    1691  5  6      552     553     554    2596    2597    2598
    1692  5  6      462     550     551    2506    2594    2595
    1693  5  6      548     549     172    2592    2593    2216
    1694  5  6      456     546     545    2500    2590    2589
    1695  5  6      547     404     542    2591    2448    2586
    1696  5  6      363     336     255    2407    2380    2299
    1697  5  6      544     545     546    2588    2589    2590
    1698  5  6      543     541     168    2587    2585    2212
    1699  5  6      160     443     159    2204    2487    2203
    1700  5  6      539     541     542    2583    2585    2586
    1701  5  6      446     528     540    2490    2572    2584
    1702  5  6      538     539     406    2582    2583    2450
    1703  5  6      537     123     124    2581    2167    2168
    1704  5  6      478     536     366    2522    2580    2410
    1705  5  6      398     534     535    2442    2578    2579
    1706  5  6      302     117     118    2346    2161    2162
    1707  5  6      532     533     197    2576    2577    2241
    1708  5  6      529     530     531    2573    2574    2575
    1709  5  6      445     528     446    2489    2572    2490
    1710  5  6      526     527     445    2570    2571    2489
    1711  5  6      398     122     123    2442    2166    2167
    1712  5  6       43      44     525    2087    2088    2569
    1713  5  6      194     195     524    2238    2239    2568
    1714  5  6      522      41      42    2566    2085    2086
    1715  5  6      376     121     122    2420    2165    2166
    1716  5  6      195       4     523    2239    2048    2567
    1717  5  6       42     516     522    2086    2560    2566
    1718  5  6      521     161     162    2565    2205    2206
    1719  5  6      518     519     520    2562    2563    2564
    1720  5  6      515     516     517    2559    2560    2561
    1721  5  6      273     260     493    2317    2304    2537
    1722  5  6      494      48     514    2538    2092    2558
    1723  5  6      339     221     492    2383    2265    2536
    1724  5  6      287     289     513    2331    2333    2557
    1725  5  6      270      56     512    2314    2100    2556
    1726  5  6      234      60     232    2278    2104    2276
    1727  5  6      491     511     490    2535    2555    2534
    1728  5  6      510      64     259    2554    2108    2303
    1729  5  6      489     509     488    2533    2553    2532
    1730  5  6      508      68     280    2552    2112    2324
    1731  5  6       70      71     507    2114    2115    2551
    1732  5  6      348      72     346    2392    2116    2390
    1733  5  6      229      76     227    2273    2120    2271
    1734  5  6      486     506     487    2530    2550    2531
    1735  5  6      505      80     241    2549    2124    2285
    1736  5  6      226      84     504    2270    2128    2548
    1737  5  6      485     222     484    2529    2266    2528
    1738  5  6      278      88     276    2322    2132    2320
    1739  5  6      213     503     483    2257    2547    2527
    1740  5  6      502      92     211    2546    2136    2255
    1741  5  6      293     482     318    2337    2526    2362
    1742  5  6      501      96     316    2545    2140    2360
    1743  5  6      500     314     205    2544    2358    2249
    1744  5  6      499     100     249    2543    2144    2293
    1745  5  6      481     104     206    2525    2148    2250
    1746  5  6      350     351     480    2394    2395    2524
    1747  5  6      497     108     498    2541    2152    2542
    1748  5  6      253     254     252    2297    2298    2296
    1749  5  6      479     112     200    2523    2156    2244
    1750  5  6      478     496     477    2522    2540    2521
    1751  5  6      116     117     304    2160    2161    2348
    1752  5  6      495     120     376    2539    2164    2420
    1753  5  6      493      47     494    2537    2091    2538
    1754  5  6      492      51     339    2536    2095    2383
    1755  5  6      490      63     491    2534    2107    2535
    1756  5  6      488      67     489    2532    2111    2533
    1757  5  6      486     487     243    2530    2531    2287
    1758  5  6      484      87     485    2528    2131    2529
    1759  5  6      483      91     213    2527    2135    2257
    1760  5  6      482      95     318    2526    2139    2362
    1761  5  6      481     208     216    2525    2252    2260
    1762  5  6      480     107     350    2524    2151    2394
    1763  5  6      252     111     479    2296    2155    2523
    1764  5  6      477     115     478    2521    2159    2522
    1765  5  6      190     475      36    2234    2519    2080
    1766  5  6      475     199     476    2519    2243    2520
    1767  5  6      193       1       2    2237    2045    2046
    1768  5  6        2       3     193    2046    2047    2237
    1769  5  6      470     473     474    2514    2517    2518
    1770  5  6      470     472     473    2514    2516    2517
    1771  5  6      470     471     472    2514    2515    2516
    1772  5  6      180     467     469    2224    2511    2513
    1773  5  6      468     467     180    2512    2511    2224
    1774  5  6      465     467     468    2509    2511    2512
    1775  5  6      465     466     467    2509    2510    2511
    1776  5  6      462     463     464    2506    2507    2508
    1777  5  6      460     433     432    2504    2477    2476
    1778  5  6      460     461     433    2504    2505    2477
    1779  5  6      456     458     459    2500    2502    2503
    1780  5  6      456     457     458    2500    2501    2502
    1781  5  6      452     454     455    2496    2498    2499
    1782  5  6      452     453     454    2496    2497    2498
    1783  5  6      450     447     451    2494    2491    2495
    1784  5  6      447     448     449    2491    2492    2493
    1785  5  6      442     445     446    2486    2489    2490
    1786  5  6      442     444     445    2486    2488    2489
    1787  5  6      442     443     444    2486    2487    2488
    1788  5  6      440     441     419    2484    2485    2463
    1789  5  6      419     439     416    2463    2483    2460
    1790  5  6      434     437     438    2478    2481    2482
    1791  5  6      434     435     436    2478    2479    2480
    1792  5  6      429     432     433    2473    2476    2477
    1793  5  6      429     430     431    2473    2474    2475
    1794  5  6      424     427     428    2468    2471    2472
    1795  5  6      424     425     426    2468    2469    2470
    1796  5  6      420     422     423    2464    2466    2467
    1797  5  6      420     421     125    2464    2465    2169
    1798  5  6      415     418     419    2459    2462    2463
    1799  5  6      415     416     417    2459    2460    2461
    1800  5  6      410     413     414    2454    2457    2458
    1801  5  6      410     411     412    2454    2455    2456
    1802  5  6      407     408     409    2451    2452    2453
    1803  5  6      404     403     406    2448    2447    2450
    1804  5  6      403     404     405    2447    2448    2449
    1805  5  6      391     390     402    2435    2434    2446
    1806  5  6      391     400     401    2435    2444    2445
    1807  5  6      399     370     397    2443    2414    2441
    1808  5  6      397     362     398    2441    2406    2442
    1809  5  6      392     395     396    2436    2439    2440
    1810  5  6      392     393     394    2436    2437    2438
    1811  5  6      336     363     337    2380    2407    2381
    1812  5  6      383     390     391    2427    2434    2435
    1813  5  6      383     373     327    2427    2417    2371
    1814  5  6      360     359     389    2404    2403    2433
    1815  5  6      386     387     388    2430    2431    2432
    1816  5  6      361     319     381    2405    2363    2425
    1817  5  6      361     342     385    2405    2386    2429
    1818  5  6      311     371     384    2355    2415    2428
    1819  5  6      311     309     308    2355    2353    2352
    1820  5  6      316     325     317    2360    2369    2361
    1821  5  6      327     382     383    2371    2426    2427
    1822  5  6      381     258     342    2425    2302    2386
    1823  5  6      341     380     360    2385    2424    2404
    1824  5  6      340     367     379    2384    2411    2423
    1825  5  6      274     340     378    2318    2384    2422
    1826  5  6      246     245     312    2290    2289    2356
    1827  5  6      313     349     377    2357    2393    2421
    1828  5  6      323     298     324    2367    2342    2368
    1829  5  6      298     323     296    2342    2367    2340
    1830  5  6      299     376     122    2343    2420    2166
    1831  5  6      299     375     364    2343    2419    2408
    1832  5  6      372     291     335    2416    2335    2379
    1833  5  6      372     373     374    2416    2417    2418
    1834  5  6      338     370     371    2382    2414    2415
    1835  5  6      337     370     338    2381    2414    2382
    1836  5  6      368     369     285    2412    2413    2329
    1837  5  6      367     307     286    2411    2351    2330
    1838  5  6      364     365     366    2408    2409    2410
    1839  5  6      362     363     364    2406    2407    2408
    1840  5  6      320     235     237    2364    2279    2281
    1841  5  6      320     319     361    2364    2363    2405
    1842  5  6      358     279     281    2402    2323    2325
    1843  5  6      358     359     360    2402    2403    2404
    1844  5  6      322     242     238    2366    2286    2282
    1845  5  6      322     321     324    2366    2365    2368
    1846  5  6      355     356     357    2399    2400    2401
    1847  5  6      354     277     276    2398    2321    2320
    1848  5  6      352     333     353    2396    2377    2397
    1849  5  6      350     310     351    2394    2354    2395
    1850  5  6      231     349     312    2275    2393    2356
    1851  5  6      228     227     230    2272    2271    2274
    1852  5  6      346     347     348    2390    2391    2392
    1853  5  6       74     244     345    2118    2288    2389
    1854  5  6      343     217     208    2387    2261    2252
    1855  5  6      343     334     344    2387    2378    2388
    1856  5  6      258     341     342    2302    2385    2386
    1857  5  6      256     259     257    2300    2303    2301
    1858  5  6      307     340     274    2351    2384    2318
    1859  5  6      339     286     221    2383    2330    2265
    1860  5  6      336     337     338    2380    2381    2382
    1861  5  6      203     201     200    2247    2245    2244
    1862  5  6      335     291     290    2379    2335    2334
    1863  5  6      327     335     317    2371    2379    2361
    1864  5  6      207     333     334    2251    2377    2378
    1865  5  6      333     207     210    2377    2251    2254
    1866  5  6      329     331     332    2373    2375    2376
    1867  5  6      328     329     330    2372    2373    2374
    1868  5  6      325     327     317    2369    2371    2361
    1869  5  6      325     314     326    2369    2358    2370
    1870  5  6      323     324     321    2367    2368    2365
    1871  5  6      321     238     240    2365    2282    2284
    1872  5  6      238     321     322    2282    2365    2366
    1873  5  6      237     319     320    2281    2363    2364
    1874  5  6      233     236     235    2277    2280    2279
    1875  5  6      316     317     318    2360    2361    2362
    1876  5  6      314     315     205    2358    2359    2249
    1877  5  6      312     313     246    2356    2357    2290
    1878  5  6      312     245     228    2356    2289    2272
    1879  5  6      308     253     311    2352    2297    2355
    1880  5  6      308     309     310    2352    2353    2354
    1881  5  6      219     221     307    2263    2265    2351
    1882  5  6      219     274     272    2263    2318    2316
    1883  5  6      292     305     212    2336    2349    2256
    1884  5  6      305     292     306    2349    2336    2350
    1885  5  6      302     303     304    2346    2347    2348
    1886  5  6      299     300     301    2343    2344    2345
    1887  5  6      296     297     298    2340    2341    2342
    1888  5  6      295      52     288    2339    2096    2332
    1889  5  6       53     294     289    2097    2338    2333
    1890  5  6      215     293     290    2259    2337    2334
    1891  5  6      290     291     292    2334    2335    2336
    1892  5  6      287     288     289    2331    2332    2333
    1893  5  6      285     286     287    2329    2330    2331
    1894  5  6      282     283     284    2326    2327    2328
    1895  5  6      279     280     281    2323    2324    2325
    1896  5  6      276     277     278    2320    2321    2322
    1897  5  6       89      90     275    2133    2134    2319
    1898  5  6      272     274     265    2316    2318    2309
    1899  5  6      272     264     273    2316    2308    2317
    1900  5  6      260     263     261    2304    2307    2305
    1901  5  6      261     271     262    2305    2315    2306
    1902  5  6      266     269     270    2310    2313    2314
    1903  5  6      266     267     268    2310    2311    2312
    1904  5  6      207     206     209    2251    2250    2253
    1905  5  6      106     210     209    2150    2254    2253
    1906  5  6      263     264     265    2307    2308    2309
    1907  5  6      260     261     262    2304    2305    2306
    1908  5  6       65      66     259    2109    2110    2303
    1909  5  6      256     257     258    2300    2301    2302
    1910  5  6      255     201     204    2299    2245    2248
    1911  5  6      204     203     113    2248    2247    2157
    1912  5  6      109     110     254    2153    2154    2298
    1913  5  6      252     202     253    2296    2246    2297
    1914  5  6      217     250     251    2261    2294    2295
    1915  5  6      100     248     249    2144    2292    2293
    1916  5  6      245     244     247    2289    2288    2291
    1917  5  6      244     245     246    2288    2289    2290
    1918  5  6      241      81     239    2285    2125    2283
    1919  5  6      241     242     243    2285    2286    2287
    1920  5  6       81      82     239    2125    2126    2283
    1921  5  6      238     239     240    2282    2283    2284
    1922  5  6      235     236     237    2279    2280    2281
    1923  5  6      232     233     234    2276    2277    2278
    1924  5  6      228     230     231    2272    2274    2275
    1925  5  6      227     228     229    2271    2272    2273
    1926  5  6      224     225     226    2268    2269    2270
    1927  5  6       86     222     223    2130    2266    2267
    1928  5  6       49      50     220    2093    2094    2264
    1929  5  6      219     220     221    2263    2264    2265
    1930  5  6      217     216     208    2261    2260    2252
    1931  5  6      216     217     218    2260    2261    2262
    1932  5  6      214     215     211    2258    2259    2255
    1933  5  6      211     212     213    2255    2256    2257
    1934  5  6      207     209     210    2251    2253    2254
    1935  5  6      206     207     208    2250    2251    2252
    1936  5  6       97      98     205    2141    2142    2249
    1937  5  6      201     203     204    2245    2247    2248
    1938  5  6      200     201     202    2244    2245    2246
    1939  5  6      196     198     199    2240    2242    2243
    1940  5  6      196     189     197    2240    2233    2241
    1941  5  6      193       3     195    2237    2047    2239
    1942  5  6      193     194       1    2237    2238    2045
    1943  5  6       27     191      26    2071    2235    2070
    1944  5  6      191      27     192    2235    2071    2236
    1945  5  6      188     189     190    2232    2233    2234
    1946  5  6       38     188      37    2082    2232    2081
    1947  5  6      184     186     187    2228    2230    2231
    1948  5  6      184     185       8    2228    2229    2052
    1949  5  6      181      17      18    2225    2061    2062
    1950  5  6      181     182     183    2225    2226    2227
    1951  5  6     1075    1526    1076    3119    3570    3120
    1952  5  6     1624    1528    1526    3668    3572    3570
    1953  5  6     1146    1997    1998    3190    4041    4042
    1954  5  6     1091    1090    1997    3135    3134    4041
    1955  5  6     1707    1644    1480    3751    3688    3524
    1956  5  6     1094    1093    1644    3138    3137    3688
    1957  5  6        1    1533    2022    2045    3577    4066
    1958  5  6     1531    1068    2022    3575    3112    4066
    1959  5  6     1159    2010    1545    3203    4054    3589
    1960  5  6     1525    1530    1545    3569    3574    3589
    1961  5  6     1688    1477    1479    3732    3521    3523
    1962  5  6     1478    2003    1479    3522    4047    3523
    1963  5  6     1501      58    1163    3545    2102    3207
    1964  5  6       57    1163      58    2101    3207    2102
    1965  5  6       88    1280    1781    2132    3324    3825
    1966  5  6     1187    1188    1781    3231    3232    3825
    1967  5  6       65    1314    1218    2109    3358    3262
    1968  5  6     1852    1496    1218    3896    3540    3262
    1969  5  6     1519      63    1500    3563    2107    3544
    1970  5  6       62    1499    1500    2106    3543    3544
    1971  5  6       61    1229    1956    2105    3273    4000
    1972  5  6     1232    1499    1956    3276    3543    4000
    1973  5  6     1194    1195    1495    3238    3239    3539
    1974  5  6     1516    1495    1195    3560    3539    3239
    1975  5  6     1508    1213    1214    3552    3257    3258
    1976  5  6     1211     113    1214    3255    2157    3258
    1977  5  6      116    1549    1257    2160    3593    3301
    1978  5  6     1337    1256    1257    3381    3300    3301
    1979  5  6     2044    1255    1256    4088    3299    3300
    1980  5  6     1946     118    1255    3990    2162    3299
    1981  5  6     1204    1245      97    3248    3289    2141
    1982  5  6     1207    1354    1245    3251    3398    3289
    1983  5  6       46      45    1171    2090    2089    3215
    1984  5  6     1524    1171      45    3568    3215    2089
    1985  5  6     1210    1183    1208    3254    3227    3252
    1986  5  6      101    1208    1183    2145    3252    3227
    1987  5  6       85    1514    1198    2129    3558    3242
    1988  5  6       84    1200    1514    2128    3244    3558
    1989  5  6     1224    1227      77    3268    3271    2121
    1990  5  6     1228    1929    1227    3272    3973    3271
    1991  5  6     1932    1220    1221    3976    3264    3265
    1992  5  6     1219      73    1221    3263    2117    3265
    1993  5  6     1218    1314    1852    3262    3358    3896
    1994  5  6     1217    1852    1314    3261    3896    3358
    1995  5  6     1321    1244    1190    3365    3288    3234
    1996  5  6     1322    1242    1244    3366    3286    3288
    1997  5  6     1302    1266    1267    3346    3310    3311
    1998  5  6     1503      54    1266    3547    2098    3310
    1999  5  6     1286    1196    1517    3330    3240    3561
    2000  5  6     1194    1197    1517    3238    3241    3561
    2001  5  6       48    1522    1950    2092    3566    3994
    2002  5  6     1258    1184    1950    3302    3228    3994
    2003  5  6     1306    1269    1323    3350    3313    3367
    2004  5  6     1224    1225    1323    3268    3269    3367
    2005  5  6     1250    1267    1249    3294    3311    3293
    2006  5  6     1266      54      53    3310    2098    2097
    2007  5  6     1223    1294    1346    3267    3338    3390
    2008  5  6     1936    1346    1294    3980    3390    3338
    2009  5  6     1163      57    1162    3207    2101    3206
    2010  5  6     1165    1237    1164    3209    3281    3208
    2011  5  6      108    1326    1945    2152    3370    3989
    2012  5  6     1273    1201    1945    3317    3245    3989
    2013  5  6     1291    1383    1212    3335    3427    3256
    2014  5  6     1507    1211    1212    3551    3255    3256
    2015  5  6     1512    1198    1513    3556    3242    3557
    2016  5  6     1200    1936    1513    3244    3980    3557
    2017  5  6     1493    1929    1515    3537    3973    3559
    2018  5  6     1870    1930    1515    3914    3974    3559
    2019  5  6     1273    1326    1275    3317    3370    3319
    2020  5  6     1298    1299    1275    3342    3343    3319
    2021  5  6     1349    1254    1252    3393    3298    3296
    2022  5  6     2044    1253    1254    4088    3297    3298
    2023  5  6     1515    1929    1228    3559    3973    3272
    2024  5  6     1269    1362    1228    3313    3406    3272
    2025  5  6     1170    1234    1236    3214    3278    3280
    2026  5  6     1846    1904    1236    3890    3948    3280
    2027  5  6     1523    1904    1260    3567    3948    3304
    2028  5  6     1846    1259    1260    3890    3303    3304
    2029  5  6     1510    1354    1355    3554    3398    3399
    2030  5  6     1207    1352    1355    3251    3396    3399
    2031  5  6     1383    1381    1507    3427    3425    3551
    2032  5  6     1382    1334    1381    3426    3378    3425
    2033  5  6     1313    1724    1217    3357    3768    3261
    2034  5  6     1216    1217    1724    3260    3261    3768
    2035  5  6     1909    1210    1826    3953    3254    3870
    2036  5  6     1208    1209    1826    3252    3253    3870
    2037  5  6     1287    1932    1195    3331    3976    3239
    2038  5  6     1305    1220    1932    3349    3264    3976
    2039  5  6     1340    1520    1232    3384    3564    3276
    2040  5  6     1956    1229    1232    4000    3273    3276
    2041  5  6     1276    1290    1291    3320    3334    3335
    2042  5  6     1212    1213    1291    3256    3257    3335
    2043  5  6     1933    1356    1281    3977    3400    3325
    2044  5  6     1187    1281    1356    3231    3325    3400
    2045  5  6     1249    1267      52    3293    3311    2096
    2046  5  6     1246    1247    1250    3290    3291    3294
    2047  5  6     1484    1507    1336    3528    3551    3380
    2048  5  6     1381    1334    1336    3425    3378    3380
    2049  5  6     1257    1549    1337    3301    3593    3381
    2050  5  6     1253    2044    1256    3297    4088    3300
    2051  5  6     1271    1293    1930    3315    3337    3974
    2052  5  6     1178    1179    1930    3222    3223    3974
    2053  5  6     1199    1345    1346    3243    3389    3390
    2054  5  6     1330    1328    1936    3374    3372    3980
    2055  5  6     1342    1382    1289    3386    3426    3333
    2056  5  6     1383    1289    1382    3427    3333    3426
    2057  5  6     1306    1270    1362    3350    3314    3406
    2058  5  6     1271    1870    1362    3315    3914    3406
    2059  5  6     1316    1215    1216    3360    3259    3260
    2060  5  6     1496    1852    1215    3540    3896    3259
    2061  5  6     1288    1307    1305    3332    3351    3349
    2062  5  6     1306    1324    1305    3350    3368    3349
    2063  5  6     1254    1349    2044    3298    3393    4088
    2064  5  6     1256    1337    1253    3300    3381    3297
    2065  5  6     1353    1606    1352    3397    3650    3396
    2066  5  6     1378    1604    1606    3422    3648    3650
    2067  5  6     1512    1328    1329    3556    3372    3373
    2068  5  6     1327    1933    1329    3371    3977    3373
    2069  5  6     1366    1307    1288    3410    3351    3332
    2070  5  6     1287    1305    1932    3331    3349    3976
    2071  5  6     1350    1293    1271    3394    3337    3315
    2072  5  6     1930    1870    1271    3974    3914    3315
    2073  5  6     1210    1909    1886    3254    3953    3930
    2074  5  6     1826    1607    1604    3870    3651    3648
    2075  5  6     1364    1343    1344    3408    3387    3388
    2076  5  6     1342    1290    1344    3386    3334    3388
    2077  5  6     1333    1348    1335    3377    3392    3379
    2078  5  6     1253    1337    1335    3297    3381    3379
    2079  5  6     1377    1317    1311    3421    3361    3355
    2080  5  6     1216    1724    1311    3260    3768    3355
    2081  5  6     1331    1371    1370    3375    3415    3414
    2082  5  6     1319    1360    1371    3363    3404    3415
    2083  5  6     1548    1343    1364    3592    3387    3408
    2084  5  6     1277    1902    1364    3321    3946    3408
    2085  5  6     1875    1385    1386    3919    3429    3430
    2086  5  6     1384    1341    1386    3428    3385    3430
    2087  5  6     1353    1331    1379    3397    3375    3423
    2088  5  6     1825    1394    1379    3869    3438    3423
    2089  5  6     1814    1905    1899    3858    3949    3943
    2090  5  6     1377    1312    1899    3421    3356    3943
    2091  5  6     1592    1374    1590    3636    3418    3634
    2092  5  6     1591    1911    1590    3635    3955    3634
    2093  5  6     1441    1442    2030    3485    3486    4074
    2094  5  6     1739    2036    2030    3783    4080    4074
    2095  5  6     1616    1448    1869    3660    3492    3913
    2096  5  6     1450    1782    1869    3494    3826    3913
    2097  5  6     2043    1800    1891    4087    3844    3935
    2098  5  6     2029    2043    1891    4073    4087    3935
    2099  5  6     2027    2043    2029    4071    4087    4073
    2100  5  6     2034    1713    1806    4078    3757    3850
    2101  5  6     2035    2034    1806    4079    4078    3850
    2102  5  6     1720    1710    2031    3764    3754    4075
    2103  5  6     1376    1366    1375    3420    3410    3419
    2104  5  6     1617    1366    1376    3661    3410    3420
    2105  5  6     1815    1617    1376    3859    3661    3420
    2106  5  6     1351    1350    1462    3395    3394    3506
    2107  5  6     1466    1351    1462    3510    3395    3506
    2108  5  6     1620    1286    1375    3664    3330    3419
    2109  5  6     1502    1501    1239    3546    3545    3283
    2110  5  6     1278    1502    1239    3322    3546    3283
    2111  5  6     2044    1506    1946    4088    3550    3990
    2112  5  6     1349    1506    2044    3393    3550    4088
    2113  5  6     1298    1509    1928    3342    3553    3972
    2114  5  6     1326    1509    1298    3370    3553    3342
    2115  5  6     1168      43    1525    3212    2087    3569
    2116  5  6     1893    1168    1525    3937    3212    3569
    2117  5  6     1910      74    1304    3954    2118    3348
    2118  5  6       75      74    1910    2119    2118    3954
    2119  5  6       55    1166      56    2099    3210    2100
    2120  5  6      102    1181     103    2146    3225    2147
    2121  5  6     1978    1979    1153    4022    4023    3197
    2122  5  6     1689    1978    1153    3733    4022    3197
    2123  5  6     1687    1978    1689    3731    4022    3733
    2124  5  6     1995    1993    1481    4039    4037    3525
    2125  5  6     2011    1993    1995    4055    4037    4039
    2126  5  6     2022    1068    1067    4066    3112    3111
    2127  5  6     1067       1    2022    3111    2045    4066
    2128  5  6     1161    1159    1158    3205    3203    3202
    2129  5  6     1546    1145    1159    3590    3189    3203
    2130  5  6     1155    1149    1071    3199    3193    3115
    2131  5  6     1506     120     119    3550    2164    2163
    2132  5  6     1946     119     118    3990    2163    2162
    2133  5  6     1549     116     115    3593    2160    2159
    2134  5  6     1483     115     114    3527    2159    2158
    2135  5  6     1508     112     111    3552    2156    2155
    2136  5  6     1202     111     110    3246    2155    2154
    2137  5  6     1509     108     107    3553    2152    2151
    2138  5  6     1928     107     106    3972    2151    2150
    2139  5  6     1485     104     103    3529    2148    2147
    2140  5  6     1487     100      99    3531    2144    2143
    2141  5  6     1486      99      98    3530    2143    2142
    2142  5  6     1206      96      95    3250    2140    2139
    2143  5  6     1488      95      94    3532    2139    2138
    2144  5  6     1193      92      91    3237    2136    2135
    2145  5  6     1489      91      90    3533    2135    2134
    2146  5  6     1511      88      87    3555    2132    2131
    2147  5  6     1490      87      86    3534    2131    2130
    2148  5  6     1199      84      83    3243    2128    2127
    2149  5  6     1492      83      82    3536    2127    2126
    2150  5  6     1494      80      79    3538    2124    2123
    2151  5  6     1493      79      78    3537    2123    2122
    2152  5  6     1226      76      75    3270    2120    2119
    2153  5  6     1495    1516      72    3539    3560    2116
    2154  5  6     1194      71      70    3238    2115    2114
    2155  5  6     1518      68      67    3562    2112    2111
    2156  5  6     1496      67      66    3540    2111    2110
    2157  5  6     1519      64      63    3563    2108    2107
    2158  5  6     1500      63      62    3544    2107    2106
    2159  5  6     1231      60      59    3275    2104    2103
    2160  5  6     1501      59      58    3545    2103    2102
    2161  5  6     1503      55      54    3547    2099    2098
    2162  5  6     1268      52      51    3312    2096    2095
    2163  5  6     1185      51      50    3229    2095    2094
    2164  5  6     1505      48      47    3549    2092    2091
    2165  5  6     1504      47      46    3548    2091    2090
    2166  5  6     1169      44      43    3213    2088    2087
    2167  5  6      120    1349     121    2164    3393    2165
    2168  5  6     1255    2044    1946    3299    4088    3990
    2169  5  6      117    1257    1255    2161    3301    3299
    2170  5  6      115    1484    1549    2159    3528    3593
    2171  5  6      114    1211    1483    2158    3255    3527
    2172  5  6     1214     113     112    3258    2157    2156
    2173  5  6      111    1203    1508    2155    3247    3552
    2174  5  6      110    1201    1202    2154    3245    3246
    2175  5  6      109     108    1945    2153    2152    3989
    2176  5  6      106    1176    1928    2150    3220    3972
    2177  5  6      104    1173     105    2148    3217    2149
    2178  5  6      103    1181    1485    2147    3225    3529
    2179  5  6      101     100    1208    2145    2144    3252
    2180  5  6     1486    1510    1487    3530    3554    3531
    2181  5  6       98    1354    1486    2142    3398    3530
    2182  5  6       96    1204      97    2140    3248    2141
    2183  5  6       95    1243    1206    2139    3287    3250
    2184  5  6       94    1190    1488    2138    3234    3532
    2185  5  6       92    1191      93    2136    3235    2137
    2186  5  6       91    1264    1193    2135    3308    3237
    2187  5  6       90    1188    1489    2134    3232    3533
    2188  5  6       89      88    1781    2133    2132    3825
    2189  5  6       87    1491    1511    2131    3535    3555
    2190  5  6       86    1198    1490    2130    3242    3534
    2191  5  6       85      84    1514    2129    2128    3558
    2192  5  6       83    1345    1199    2127    3389    3243
    2193  5  6       82    1180    1492    2126    3224    3536
    2194  5  6       80    1177      81    2124    3221    2125
    2195  5  6     1493    1179    1494    3537    3223    3538
    2196  5  6       78    1929    1493    2122    3973    3537
    2197  5  6       76    1224      77    2120    3268    2121
    2198  5  6       75    1910    1226    2119    3954    3270
    2199  5  6     1221      73    1516    3265    2117    3560
    2200  5  6       71    1495      72    2115    3539    2116
    2201  5  6       70    1197    1194    2114    3241    3238
    2202  5  6       68    1284      69    2112    3328    2113
    2203  5  6       67    1497    1518    2111    3541    3562
    2204  5  6     1218    1496      66    3262    3540    2110
    2205  5  6       64    1314      65    2108    3358    2109
    2206  5  6     1500    1498    1519    3544    3542    3563
    2207  5  6     1956    1499      62    4000    3543    2106
    2208  5  6       60    1229      61    2104    3273    2105
    2209  5  6       59    1502    1231    2103    3546    3275
    2210  5  6     1163    1251    1501    3207    3295    3545
    2211  5  6       56    1162      57    2100    3206    2101
    2212  5  6     1266    1302    1503    3310    3346    3547
    2213  5  6       53      52    1267    2097    2096    3311
    2214  5  6     1185    1186    1268    3229    3230    3312
    2215  5  6       50    1184    1185    2094    3228    3229
    2216  5  6       49      48    1950    2093    2092    3994
    2217  5  6     1504    1523    1505    3548    3567    3549
    2218  5  6       46    1172    1504    2090    3216    3548
    2219  5  6       44    1524      45    2088    3568    2089
    2220  5  6       43    1168    1169    2087    3212    3213
    2221  5  6     1071    1149    1072    3115    3193    3116
    2222  5  6     1597    1595    2023    3641    3639    4067
    2223  5  6     1625    2005    2023    3669    4049    4067
    2224  5  6     1528    1624    1980    3572    3668    4024
    2225  5  6     2002    1980    1624    4046    4024    3668
    2226  5  6     1992    1965    1994    4036    4009    4038
    2227  5  6     1966    1994    1965    4010    4038    4009
    2228  5  6     1153    1149    1155    3197    3193    3199
    2229  5  6     1154    1156    1688    3198    3200    3732
    2230  5  6     1998    1958    2020    4042    4002    4064
    2231  5  6     1989    2020    1958    4033    4064    4002
    2232  5  6     1147    1148    1481    3191    3192    3525
    2233  5  6     1974    1995    1481    4018    4039    3525
    2234  5  6     1893    2010    1160    3937    4054    3204
    2235  5  6     1533    1890    1534    3577    3934    3578
    2236  5  6     1478    1991    2003    3522    4035    4047
    2237  5  6     1542    2003    1991    3586    4047    4035
    2238  5  6     1219    1220    1304    3263    3264    3348
    2239  5  6     1195    1932    1516    3239    3976    3560
    2240  5  6     1950    1522    1258    3994    3566    3302
    2241  5  6     1522    1523    1260    3566    3567    3304
    2242  5  6     1239    1240    1278    3283    3284    3322
    2243  5  6     1278    1230    1502    3322    3274    3546
    2244  5  6     1222    1178    1293    3266    3222    3337
    2245  5  6     1222    1180    1178    3266    3224    3222
    2246  5  6     1359    1880    1881    3403    3924    3925
    2247  5  6     1387    1467    1880    3431    3511    3924
    2248  5  6     1883    1587    1860    3927    3631    3904
    2249  5  6     1471    1468    1860    3515    3512    3904
    2250  5  6     1836    1837    1539    3880    3881    3583
    2251  5  6     1565    1538    1539    3609    3582    3583
    2252  5  6     1827    1723    1458    3871    3767    3502
    2253  5  6     2033    1708    1793    4077    3752    3837
    2254  5  6     1820    1622    1793    3864    3666    3837
    2255  5  6     1800    2043    1415    3844    4087    3459
    2256  5  6     1420    1414    1415    3464    3458    3459
    2257  5  6     1777    1887    1652    3821    3931    3696
    2258  5  6     1701    1702    1887    3745    3746    3931
    2259  5  6     1415    2043    1807    3459    4087    3851
    2260  5  6     1418    1740    1420    3462    3784    3464
    2261  5  6     1665    1129    1667    3709    3173    3711
    2262  5  6     1128    1667    1129    3172    3711    3173
    2263  5  6     1848    1727    1855    3892    3771    3899
    2264  5  6     2037    1855    1727    4081    3899    3771
    2265  5  6     2041    1750    1765    4085    3794    3809
    2266  5  6     2028    1749    1750    4072    3793    3794
    2267  5  6     1855    2037    1742    3899    4081    3786
    2268  5  6     1434    1435    1742    3478    3479    3786
    2269  5  6     1734    2036    1472    3778    4080    3516
    2270  5  6     1740    1472    2036    3784    3516    4080
    2271  5  6     1585    1475    1695    3629    3519    3739
    2272  5  6     1754    1453    1792    3798    3497    3836
    2273  5  6     1760    1789    1762    3804    3833    3806
    2274  5  6     1790    1762    1789    3834    3806    3833
    2275  5  6     1745    1447    1744    3789    3491    3788
    2276  5  6     1615    1747    1744    3659    3791    3788
    2277  5  6     1787    2032    1786    3831    4076    3830
    2278  5  6     2038    2024    1770    4082    4068    3814
    2279  5  6     1761    1715    2024    3805    3759    4068
    2280  5  6     1696    1713    1698    3740    3757    3742
    2281  5  6     1785    1716    1773    3829    3760    3817
    2282  5  6     1650    1773    1716    3694    3817    3760
    2283  5  6     1857    1858    1878    3901    3902    3922
    2284  5  6     2026    1457    1878    4070    3501    3922
    2285  5  6     1810    1751    1798    3854    3795    3842
    2286  5  6     1752    1801    1798    3796    3845    3842
    2287  5  6     1123    1721    1643    3167    3765    3687
    2288  5  6     1722    1775    1643    3766    3819    3687
    2289  5  6     1571    1561    1862    3615    3605    3906
    2290  5  6     1765    1563    1561    3809    3607    3605
    2291  5  6     1396    1764    1611    3440    3808    3655
    2292  5  6     1429    1430    1611    3473    3474    3655
    2293  5  6     2025    1849    1850    4069    3893    3894
    2294  5  6     1703    1882    1849    3747    3926    3893
    2295  5  6     1864    1796    1581    3908    3840    3625
    2296  5  6     1834    1581    1796    3878    3625    3840
    2297  5  6     1425    1618    1619    3469    3662    3663
    2298  5  6     1117    1461    1619    3161    3505    3663
    2299  5  6     1652    1838    1776    3696    3882    3820
    2300  5  6     1722    1776    1838    3766    3820    3882
    2301  5  6     1716    1649    1650    3760    3693    3694
    2302  5  6     1715    1790    1649    3759    3834    3693
    2303  5  6     1643    1775    1654    3687    3819    3698
    2304  5  6     1773    1650    1654    3817    3694    3698
    2305  5  6     1856    1769    1871    3900    3813    3915
    2306  5  6     1828    1895    1871    3872    3939    3915
    2307  5  6     1473    1662    1663    3517    3706    3707
    2308  5  6     1759    1677    1662    3803    3721    3706
    2309  5  6     1863    1738    1827    3907    3782    3871
    2310  5  6     1723    1827    1738    3767    3871    3782
    2311  5  6     1696    1422    1714    3740    3466    3758
    2312  5  6     1476    1797    1422    3520    3841    3466
    2313  5  6     1813    1876    1831    3857    3920    3875
    2314  5  6     1833    1831    1876    3877    3875    3920
    2315  5  6     1459    1445    1458    3503    3489    3502
    2316  5  6     1822    1841    1735    3866    3885    3779
    2317  5  6     1840    1734    1735    3884    3778    3779
    2318  5  6     1726    1454    1725    3770    3498    3769
    2319  5  6     1437    1725    1454    3481    3769    3498
    2320  5  6     1810    1894    1891    3854    3938    3935
    2321  5  6     1810    1799    1410    3854    3843    3454
    2322  5  6     1407    1408    1411    3451    3452    3455
    2323  5  6     2033    2032    1787    4077    4076    3831
    2324  5  6     1710    1786    2031    3754    3830    4075
    2325  5  6     1887    1702    1821    3931    3746    3865
    2326  5  6     1423    1820    1821    3467    3864    3865
    2327  5  6     1829    1613    1839    3873    3657    3883
    2328  5  6     1601    1603    1839    3645    3647    3883
    2329  5  6     1610    1895    1609    3654    3939    3653
    2330  5  6     1828    1609    1895    3872    3653    3939
    2331  5  6     1782    1808    1784    3826    3852    3828
    2332  5  6     1429    1764    1784    3473    3808    3828
    2333  5  6     1458    1723    1460    3502    3767    3504
    2334  5  6     1455    1451    1436    3499    3495    3480
    2335  5  6     1733    1647    1882    3777    3691    3926
    2336  5  6     1849    2025    1703    3893    4069    3747
    2337  5  6     1833    1746    1616    3877    3790    3660
    2338  5  6     1743    1741    1746    3787    3785    3790
    2339  5  6     1575    1580    1730    3619    3624    3774
    2340  5  6     1405    1819    1730    3449    3863    3774
    2341  5  6     1835    1402    1579    3879    3446    3623
    2342  5  6     1403    1405    1580    3447    3449    3624
    2343  5  6     1585    1681    1736    3629    3725    3780
    2344  5  6     1758    1736    1681    3802    3780    3725
    2345  5  6     1822    1757    2025    3866    3801    4069
    2346  5  6     1676    1658    1757    3720    3702    3801
    2347  5  6     1754    1792    2026    3798    3836    4070
    2348  5  6     1457    2026    1792    3501    4070    3836
    2349  5  6     1803    1805    2034    3847    3849    4078
    2350  5  6     2031    1719    1720    4075    3763    3764
    2351  5  6     2041    1802    1803    4085    3846    3847
    2352  5  6     1765    1766    1802    3809    3810    3846
    2353  5  6     1440    1858    1859    3484    3902    3903
    2354  5  6     1857    1877    1859    3901    3921    3903
    2355  5  6     1746    1741    1747    3790    3785    3791
    2356  5  6     1744    1447    1615    3788    3491    3659
    2357  5  6     1539    1861    1836    3583    3905    3880
    2358  5  6     1558    1559    1836    3602    3603    3880
    2359  5  6     1740    2036    1739    3784    4080    3783
    2360  5  6     2030    1442    1739    4074    3486    3783
    2361  5  6     1803    1804    1805    3847    3848    3849
    2362  5  6     1406    1404    1804    3450    3448    3848
    2363  5  6     1444    1895    1610    3488    3939    3654
    2364  5  6     1609    1763    1608    3653    3807    3652
    2365  5  6     1677    1671    1672    3721    3715    3716
    2366  5  6     1665    1666    1672    3709    3710    3716
    2367  5  6     1426    1738    1745    3470    3782    3789
    2368  5  6     1863    1447    1745    3907    3491    3789
    2369  5  6     1405    1766    1569    3449    3810    3613
    2370  5  6     1561    1571    1569    3605    3615    3613
    2371  5  6     1869    1782    1706    3913    3826    3750
    2372  5  6     1783    1463    1706    3827    3507    3750
    2373  5  6     1700    1425    1423    3744    3469    3467
    2374  5  6     1619    1427    1425    3663    3471    3469
    2375  5  6     1431    1432    1763    3475    3476    3807
    2376  5  6     1429    1808    1432    3473    3852    3476
    2377  5  6     1785    1653    1772    3829    3697    3816
    2378  5  6     1774    1838    1653    3818    3882    3697
    2379  5  6     1805    1712    1698    3849    3756    3742
    2380  5  6     1804    1404    1834    3848    3448    3878
    2381  5  6     1824    2039    1441    3868    4083    3485
    2382  5  6     1441    1453    1438    3485    3497    3482
    2383  5  6     1711    1697    1698    3755    3741    3742
    2384  5  6     1695    1476    1697    3739    3520    3741
    2385  5  6     1750    2041    2028    3794    4085    4072
    2386  5  6     2035    2028    2041    4079    4072    4085
    2387  5  6     1769    1613    1829    3813    3657    3873
    2388  5  6     1829    1430    1428    3873    3474    3472
    2389  5  6     1612    1769    1856    3656    3813    3900
    2390  5  6     1871    1614    1856    3915    3658    3900
    2391  5  6     1433    1436    1719    3477    3480    3763
    2392  5  6     1771    1772    1709    3815    3816    3753
    2393  5  6     1651    1709    1772    3695    3753    3816
    2394  5  6     1566    1731    1729    3610    3775    3773
    2395  5  6     1730    1819    1729    3774    3863    3773
    2396  5  6     1791    2042    1718    3835    4086    3762
    2397  5  6     1761    2038    1718    3805    4082    3762
    2398  5  6     1581    1834    1404    3625    3878    3448
    2399  5  6     1804    1803    1406    3848    3847    3450
    2400  5  6     1760    2039    1824    3804    4083    3868
    2401  5  6     1824    1441    2030    3868    3485    4074
    2402  5  6     1833    2040    1743    3877    4084    3787
    2403  5  6     1876    1848    2040    3920    3892    4084
    2404  5  6     1725    2037    1727    3769    4081    3771
    2405  5  6     1847    1854    1726    3891    3898    3770
    2406  5  6     1662    1473    1759    3706    3517    3803
    2407  5  6     1758    1671    1677    3802    3715    3721
    2408  5  6     1441    2039    1452    3485    4083    3496
    2409  5  6     1760    2042    1452    3804    4086    3496
    2410  5  6     1824    1840    1823    3868    3884    3867
    2411  5  6     1841    1823    1840    3885    3867    3884
    2412  5  6     1432    1808    1450    3476    3852    3494
    2413  5  6     1869    1448    1450    3913    3492    3494
    2414  5  6     1798    1801    1748    3842    3845    3792
    2415  5  6     1562    1563    1748    3606    3607    3792
    2416  5  6     1820    1423    1622    3864    3467    3666
    2417  5  6     1424    1426    1622    3468    3470    3666
    2418  5  6     2027    1806    1807    4071    3850    3851
    2419  5  6     1713    1714    1806    3757    3758    3850
    2420  5  6     2040    1833    1876    4084    3877    3920
    2421  5  6     1874    1848    1876    3918    3892    3920
    2422  5  6     1793    1621    2033    3837    3665    4077
    2423  5  6     1744    1747    2033    3788    3791    4077
    2424  5  6     1653    1785    1774    3697    3829    3818
    2425  5  6     1773    1654    1775    3817    3698    3819
    2426  5  6     1740    1418    1472    3784    3462    3516
    2427  5  6     1827    1608    1863    3871    3652    3907
    2428  5  6     1763    1449    1863    3807    3493    3907
    2429  5  6     1451    1452    1791    3495    3496    3835
    2430  5  6     1452    2042    1791    3496    4086    3835
    2431  5  6     2027    1807    2043    4071    3851    4087
    2432  5  6     1473    1797    1474    3517    3841    3518
    2433  5  6     1475    1736    1474    3519    3780    3518
    2434  5  6     1646    1650    1648    3690    3694    3692
    2435  5  6     1649    1850    1648    3693    3894    3692
    2436  5  6     1841    1788    1789    3885    3832    3833
    2437  5  6     1822    2025    1788    3866    4069    3832
    2438  5  6     1662    1676    1664    3706    3720    3708
    2439  5  6     1757    1822    1664    3801    3866    3708
    2440  5  6     1409    1413    1408    3453    3457    3452
    2441  5  6     1877    1411    1408    3921    3455    3452
    2442  5  6     1833    1616    1832    3877    3660    3876
    2443  5  6     1869    1832    1616    3913    3876    3660
    2444  5  6     1474    1759    1473    3518    3803    3517
    2445  5  6     1419    1422    1418    3463    3466    3462
    2446  5  6     1766    1561    1569    3810    3605    3613
    2447  5  6     1802    2041    1765    3846    4085    3809
    2448  5  6     1730    1580    1405    3774    3624    3449
    2449  5  6     1403    1404    1406    3447    3448    3450
    2450  5  6     2028    2035    2027    4072    4079    4071
    2451  5  6     1433    1434    1437    3477    3478    3481
    2452  5  6     2037    1725    1434    4081    3769    3478
    2453  5  6     1746    1833    1743    3790    3877    3787
    2454  5  6     1742    1435    1741    3786    3479    3785
    2455  5  6     1849    1882    1647    3893    3926    3691
    2456  5  6     1788    1841    1822    3832    3885    3866
    2457  5  6     1821    1651    1652    3865    3695    3696
    2458  5  6     1653    1838    1652    3697    3882    3696
    2459  5  6     1761    1762    1715    3805    3806    3759
    2460  5  6     1788    1850    1790    3832    3894    3834
    2461  5  6     1763    1609    1431    3807    3653    3475
    2462  5  6     1871    1769    1828    3915    3813    3872
    2463  5  6     1422    1696    1476    3466    3740    3520
    2464  5  6     1697    1711    1695    3741    3755    3739
    2465  5  6     1439    1412    1739    3483    3456    3783
    2466  5  6     1407    1800    1409    3451    3844    3453
    2467  5  6     1718    2042    1761    3762    4086    3805
    2468  5  6     1760    1761    2042    3804    3805    4086
    2469  5  6     1429    1432    1428    3473    3476    3472
    2470  5  6     1430    1829    1839    3474    3873    3883
    2471  5  6     1420    1807    1419    3464    3851    3463
    2472  5  6     2035    2041    1803    4079    4085    3847
    2473  5  6     1406    1802    1405    3450    3846    3449
    2474  5  6     1651    1820    1708    3695    3864    3752
    2475  5  6     1821    1702    1423    3865    3746    3467
    2476  5  6     1771    2038    1770    3815    4082    3814
    2477  5  6     1716    1785    1770    3760    3829    3814
    2478  5  6     1649    1790    1850    3693    3834    3894
    2479  5  6     1773    1774    1785    3817    3818    3829
    2480  5  6     1858    2026    1878    3902    4070    3922
    2481  5  6     1859    1413    1440    3903    3457    3484
    2482  5  6     2034    1805    1698    4078    3849    3742
    2483  5  6     1711    1712    1796    3755    3756    3840
    2484  5  6     1472    1473    1734    3516    3517    3778
    2485  5  6     1473    1663    1734    3517    3707    3778
    2486  5  6     1800    1799    1891    3844    3843    3935
    2487  5  6     1749    2029    1894    3793    4073    3938
    2488  5  6     1709    1651    1708    3753    3695    3752
    2489  5  6     1710    1787    1786    3754    3831    3830
    2490  5  6     1457    1792    1455    3501    3836    3499
    2491  5  6     2026    1440    1754    4070    3484    3798
    2492  5  6     1705    1831    1832    3749    3875    3876
    2493  5  6     1855    2040    1848    3899    4084    3892
    2494  5  6     2031    1433    1719    4075    3477    3763
    2495  5  6     1454    1455    1437    3498    3499    3481
    2496  5  6     1621    1744    2033    3665    3788    4077
    2497  5  6     1863    1449    1447    3907    3493    3491
    2498  5  6     1863    1608    1763    3907    3652    3807
    2499  5  6     1609    1828    1431    3653    3872    3475
    2500  5  6     1806    2027    2035    3850    4071    4079
    2501  5  6     1749    2028    2029    3793    4072    4073
    2502  5  6     2040    1855    1743    4084    3899    3787
    2503  5  6     1725    1437    1434    3769    3481    3478
    2504  5  6     1433    2031    1435    3477    4075    3479
    2505  5  6     2038    1771    1720    4082    3815    3764
    2506  5  6     1706    1705    1832    3750    3749    3876
    2507  5  6     1762    1790    1715    3806    3834    3759
    2508  5  6     1452    2039    1760    3496    4083    3804
    2509  5  6     1720    1718    2038    3764    3762    4082
    2510  5  6     2038    1761    2024    4082    3805    4068
    2511  5  6     1788    2025    1850    3832    4069    3894
    2512  5  6     1760    1823    1789    3804    3867    3833
    2513  5  6     1747    1741    2032    3791    3785    4076
    2514  5  6     1742    2037    1434    3786    4081    3478
    2515  5  6     1436    1451    1791    3480    3495    3835
    2516  5  6     1412    1414    1739    3456    3458    3783
    2517  5  6     2036    1840    2030    4080    3884    4074
    2518  5  6     1709    1710    1771    3753    3754    3815
    2519  5  6     1770    2024    1716    3814    4068    3760
    2520  5  6     1439    1442    1438    3483    3486    3482
    2521  5  6     1440    1413    1439    3484    3457    3483
    2522  5  6     1806    1714    1419    3850    3758    3463
    2523  5  6     1421    1472    1418    3465    3516    3462
    2524  5  6     1734    1840    2036    3778    3884    4080
    2525  5  6     2032    1741    1786    4076    3785    3830
    2526  5  6     1787    1708    2033    3831    3752    4077
    2527  5  6     2034    2035    1803    4078    4079    3847
    2528  5  6     1698    1713    2034    3742    3757    4078
    2529  5  6     1793    1708    1820    3837    3752    3864
    2530  5  6     2033    1747    2032    4077    3791    4076
    2531  5  6     1435    2031    1786    3479    4075    3830
    2532  5  6     1436    1791    1719    3480    3835    3763
    2533  5  6     1824    2030    1840    3868    4074    3884
    2534  5  6     1823    1841    1789    3867    3885    3833
    2535  5  6     1070    1532    1157    3114    3576    3201
    2536  5  6     1069    1532    1070    3113    3576    3114
    2537  5  6     1377    1318    1317    3421    3362    3361
    2538  5  6     1376    1377    1905    3420    3421    3949
    2539  5  6     1917    1235    1937    3961    3279    3981
    2540  5  6     1234    1235    1917    3278    3279    3961
    2541  5  6     1534    1156    1532    3578    3200    3576
    2542  5  6     2016    1156    1534    4060    3200    3578
    2543  5  6     2006    1098    1634    4050    3142    3678
    2544  5  6     1099    1098    2006    3143    3142    4050
    2545  5  6     1413    1859    1408    3457    3903    3452
    2546  5  6     1877    1408    1859    3921    3452    3903
    2547  5  6     1410    1799    1407    3454    3843    3451
    2548  5  6     1931    1853    1594    3975    3897    3638
    2549  5  6     1645    1853    1931    3689    3897    3975
    2550  5  6     1456    1853    1645    3500    3897    3689
    2551  5  6     1477    1890     180    3521    3934    2224
    2552  5  6     1682    1478     180    3726    3522    2224
    2553  5  6     1286    1287    1196    3330    3331    3240
    2554  5  6     1517    1285    1286    3561    3329    3330
    2555  5  6     1318    1315    1316    3362    3359    3360
    2556  5  6     1968    1954    1976    4012    3998    4020
    2557  5  6     1943    1954    1968    3987    3998    4012
    2558  5  6     1937    1977    1954    3981    4021    3998
    2559  5  6     1541    1627    1953    3585    3671    3997
    2560  5  6     1951    1627    1541    3995    3671    3585
    2561  5  6     1542    1951    1541    3586    3995    3585
    2562  5  6     2017    2008    1969    4061    4052    4013
    2563  5  6     1967    2017    1969    4011    4061    4013
    2564  5  6     1409    1800    1415    3453    3844    3459
    2565  5  6     1891    1894    2029    3935    3938    4073
    2566  5  6     2029    2028    2027    4073    4072    4071
    2567  5  6     1440    2026    1858    3484    4070    3902
    2568  5  6     1451    1455    1792    3495    3499    3836
    2569  5  6     1874    1847    1848    3918    3891    3892
    2570  5  6     1726    1727    1847    3770    3771    3891
    2571  5  6     1454    1726    1853    3498    3770    3897
    2572  5  6     1735    1663    1664    3779    3707    3708
    2573  5  6     2025    1757    1703    4069    3801    3747
    2574  5  6     2024    1715    1716    4068    3759    3760
    2575  5  6     1579    1403    1580    3623    3447    3624
    2576  5  6     1443    1445    1114    3487    3489    3158
    2577  5  6     1114    1113    1443    3158    3157    3487
    2578  5  6     1118    1618    1842    3162    3662    3886
    2579  5  6     1117    1618    1118    3161    3662    3162
    2580  5  6     1728    1600    1395    3772    3644    3439
    2581  5  6     1599    1600    1728    3643    3644    3772
    2582  5  6     1333    1380    1348    3377    3424    3392
    2583  5  6     1252    1348    1106    3296    3392    3150
    2584  5  6     1918    1924    1911    3962    3968    3955
    2585  5  6     1591    1918    1911    3635    3962    3955
    2586  5  6     1375    1366    1620    3419    3410    3664
    2587  5  6     1846    1234    1917    3890    3278    3961
    2588  5  6     1955    1686    1884    3999    3730    3928
    2589  5  6     1915    1955    1884    3959    3999    3928
    2590  5  6     1934    1626    1991    3978    3670    4035
    2591  5  6     1478    1934    1991    3522    3978    4035
    2592  5  6     1890    1477    2016    3934    3521    4060
    2593  5  6     1977    1937    1938    4021    3981    3982
    2594  5  6     1985    1972    1982    4029    4016    4026
    2595  5  6     1981    1982    1986    4025    4026    4030
    2596  5  6     2011    1987    1992    4055    4031    4036
    2597  5  6     1990    1987    2011    4034    4031    4055
    2598  5  6     2009    1865    1914    4053    3909    3958
    2599  5  6     1983    1865    2009    4027    3909    4053
    2600  5  6     2023    1926    1597    4067    3970    3641
    2601  5  6     1637    1638    1639    3681    3682    3683
    2602  5  6     1635    1097    1638    3679    3141    3682
    2603  5  6     1101    2018    1158    3145    4062    3202
    2604  5  6     1528    2012    1527    3572    4056    3571
    2605  5  6     2000    1527    2012    4044    3571    4056
    2606  5  6     2015    1961    1962    4059    4005    4006
    2607  5  6     1984    1086    1961    4028    3130    4005
    2608  5  6     1532    1531    1534    3576    3575    3578
    2609  5  6     1069    1068    1531    3113    3112    3575
    2610  5  6     1154    1155    1157    3198    3199    3201
    2611  5  6     1104    1544    1949    3148    3588    3993
    2612  5  6     1103    1546    1544    3147    3590    3588
    2613  5  6     1633    1079    1632    3677    3123    3676
    2614  5  6     1078    1631    1632    3122    3675    3676
    2615  5  6     1100    2005    1625    3144    4049    3669
    2616  5  6     1595    2018    1625    3639    4062    3669
    2617  5  6     2001    1631    2013    4045    3675    4057
    2618  5  6     1078    1077    2013    3122    3121    4057
    2619  5  6     1534    1890    2016    3578    3934    4060
    2620  5  6     1089    1088    2007    3133    3132    4051
    2621  5  6     1657    2007    1088    3701    4051    3132
    2622  5  6     1958    1661    1885    4002    3705    3929
    2623  5  6     1997    1090    1661    4041    3134    3705
    2624  5  6     1093    1092    1482    3137    3136    3526
    2625  5  6     1147    1482    1092    3191    3526    3136
    2626  5  6     1993    1707    1480    4037    3751    3524
    2627  5  6     1966    1094    1707    4010    3138    3751
    2628  5  6     1913    1694    1912    3957    3738    3956
    2629  5  6     1082    1081    1694    3126    3125    3738
    2630  5  6     1817    1818    1913    3861    3862    3957
    2631  5  6     1816    1083    1818    3860    3127    3862
    2632  5  6     1816    2019    1996    3860    4063    4040
    2633  5  6     1962    1996    2019    4006    4040    4063
    2634  5  6     1656    1984    2015    3700    4028    4059
    2635  5  6     1657    1087    1984    3701    3131    4028
    2636  5  6     1633    1693    1080    3677    3737    3124
    2637  5  6     2021    1912    1693    4065    3956    3737
    2638  5  6     1154    1689    1153    3198    3733    3197
    2639  5  6     1073    1152    1074    3117    3196    3118
    2640  5  6     1151    2002    1152    3195    4046    3196
    2641  5  6     2012    1528    1629    4056    3572    3673
    2642  5  6     1076    1526    1527    3120    3570    3571
    2643  5  6     1655    1668    1885    3699    3712    3929
    2644  5  6     1669    1989    1668    3713    4033    3712
    2645  5  6     1530    1544    1545    3574    3588    3589
    2646  5  6       41    1105    1949    2085    3149    3993
    2647  5  6     1634    1635    1637    3678    3679    3681
    2648  5  6     1595    1625    2023    3639    3669    4067
    2649  5  6     1161    2018    1595    3205    4062    3639
    2650  5  6     1151    1979    2002    3195    4023    4046
    2651  5  6     1532    1156    1157    3576    3200    3201
    2652  5  6     1967    1957    2017    4011    4001    4061
    2653  5  6     1637    2008    2017    3681    4052    4061
    2654  5  6     1661    1958    1998    3705    4002    4042
    2655  5  6     1998    1148    1146    4042    3192    3190
    2656  5  6     1927    1925    1957    3971    3969    4001
    2657  5  6     1926    1634    1925    3970    3678    3969
    2658  5  6     1099    2006    2005    3143    4050    4049
    2659  5  6     2023    2005    1926    4067    4049    3970
    2660  5  6     2013    2000    2001    4057    4044    4045
    2661  5  6     1630    1631    2001    3674    3675    4045
    2662  5  6     1079    1633    1080    3123    3677    3124
    2663  5  6     1630    2021    1633    3674    4065    3677
    2664  5  6     2014    1866    1691    4058    3910    3735
    2665  5  6     1817    1914    1866    3861    3958    3910
    2666  5  6     1158    2018    1161    3202    4062    3205
    2667  5  6     1070    1157    1071    3114    3201    3115
    2668  5  6     1641    2008    1639    3685    4052    3683
    2669  5  6     1637    1639    2008    3681    3683    4052
    2670  5  6     1962    2019    1680    4006    4063    3724
    2671  5  6     2014    1679    1680    4058    3723    3724
    2672  5  6     1095    1094    1966    3139    3138    4010
    2673  5  6     1993    1994    1707    4037    4038    3751
    2674  5  6     1160    1973    1893    3204    4017    3937
    2675  5  6     1160    1161    1596    3204    3205    3640
    2676  5  6     2008    1641    1965    4052    3685    4009
    2677  5  6     1096    1095    1641    3140    3139    3685
    2678  5  6     2013    1631    1078    4057    3675    3122
    2679  5  6     1076    1527    1077    3120    3571    3121
    2680  5  6     1817    1913    1914    3861    3957    3958
    2681  5  6     1818    1083    1082    3862    3127    3126
    2682  5  6     1961    1086    1085    4005    3130    3129
    2683  5  6     1084    1996    1085    3128    4040    3129
    2684  5  6     1926    2006    1634    3970    4050    3678
    2685  5  6     1914    1912    2009    3958    3956    4053
    2686  5  6     2021    2009    1912    4065    4053    3956
    2687  5  6     1148    1998    2020    3192    4042    4064
    2688  5  6     1885    2007    1655    3929    4051    3699
    2689  5  6     1984    1656    1657    4028    3700    3701
    2690  5  6     2014    2019    1816    4058    4063    3860
    2691  5  6     1996    1084    1816    4040    3128    3860
    2692  5  6     1152    2002    1624    3196    4046    3668
    2693  5  6     1629    1980    1543    3673    4024    3587
    2694  5  6     1993    2011    1992    4037    4055    4036
    2695  5  6     2007    1657    1655    4051    3701    3699
    2696  5  6     1668    1989    1958    3712    4033    4002
    2697  5  6     1999    2012    1629    4043    4056    3673
    2698  5  6     1527    2000    1077    3571    4044    3121
    2699  5  6     1980    2002    1543    4024    4046    3587
    2700  5  6     1978    1542    1543    4022    3586    3587
    2701  5  6     1942    1941    2004    3986    3985    4048
    2702  5  6     1656    2004    1941    3700    4048    3985
    2703  5  6     1678    1962    1680    3722    4006    3724
    2704  5  6     2004    1656    2015    4048    3700    4059
    2705  5  6     1159    1160    2010    3203    3204    4054
    2706  5  6     1949    1544    1530    3993    3588    3574
    2707  5  6     1669    1670    1941    3713    3714    3985
    2708  5  6     1668    1655    1670    3712    3699    3714
    2709  5  6     1993    1480    1481    4037    3524    3525
    2710  5  6     1481    1148    1974    3525    3192    4018
    2711  5  6     1477    1688    2016    3521    3732    4060
    2712  5  6     1157    1155    1071    3201    3199    3115
    2713  5  6     1151    1152    1150    3195    3196    3194
    2714  5  6     1073    1072    1150    3117    3116    3194
    2715  5  6     1890    1533       1    3934    3577    2045
    2716  5  6     2022    1533    1531    4066    3577    3575
    2717  5  6     1985    1971    1972    4029    4015    4016
    2718  5  6     2009    2021    1971    4053    4065    4015
    2719  5  6     1148    2020    1975    3192    4064    4019
    2720  5  6     1997    1146    1091    4041    3190    3135
    2721  5  6     2014    1691    1692    4058    3735    3736
    2722  5  6     1988    1927    1957    4032    3971    4001
    2723  5  6     1597    1926    1927    3641    3970    3971
    2724  5  6     1635    1098    1097    3679    3142    3141
    2725  5  6     1097    1096    1638    3141    3140    3682
    2726  5  6     1972    2001    1986    4016    4045    4030
    2727  5  6     1999    1986    2001    4043    4030    4045
    2728  5  6     1694    1913    1082    3738    3957    3126
    2729  5  6     1693    1633    2021    3737    3677    4065
    2730  5  6     1981    1999    1953    4025    4043    3997
    2731  5  6     2001    1972    1630    4045    4016    3674
    2732  5  6     1971    2021    1630    4015    4065    3674
    2733  5  6     2020    1989    1975    4064    4033    4019
    2734  5  6     1960    1959    1975    4004    4003    4019
    2735  5  6     1994    1966    1707    4038    4010    3751
    2736  5  6     1479    2003    1687    3523    4047    3731
    2737  5  6     1542    1978    1687    3586    4022    3731
    2738  5  6     1927    1948    1597    3971    3992    3641
    2739  5  6     1947    1596    1597    3991    3640    3641
    2740  5  6     1680    2019    2014    3724    4063    4058
    2741  5  6     1692    1679    2014    3736    3723    4058
    2742  5  6     1625    2018    1101    3669    4062    3145
    2743  5  6     1961    2015    1984    4005    4059    4028
    2744  5  6     1678    2004    2015    3722    4048    4059
    2745  5  6     1968    1976    1967    4012    4020    4011
    2746  5  6     1866    2014    1817    3910    4058    3861
    2747  5  6     1816    1084    1083    3860    3128    3127
    2748  5  6     1149    1150    1072    3193    3194    3116
    2749  5  6     1689    1154    1688    3733    3198    3732
    2750  5  6     1100    1099    2005    3144    3143    4049
    2751  5  6     1957    1637    2017    4001    3681    4061
    2752  5  6     1965    1992    1969    4009    4036    4013
    2753  5  6     1595    1596    1161    3639    3640    3205
    2754  5  6     1973    1160    1596    4017    3204    3640
    2755  5  6     1678    1963    1942    3722    4007    3986
    2756  5  6     1939    1755    1942    3983    3799    3986
    2757  5  6     1949    1105    1104    3993    3149    3148
    2758  5  6     1545    2010    1525    3589    4054    3569
    2759  5  6     1074    1624    1075    3118    3668    3119
    2760  5  6     1953    1999    1629    3997    4043    3673
    2761  5  6     1967    1976    1988    4011    4020    4032
    2762  5  6     1977    1948    1988    4021    3992    4032
    2763  5  6     1688    1156    2016    3732    3200    4060
    2764  5  6     1479    1687    1688    3523    3731    3732
    2765  5  6     2015    1962    1678    4059    4006    3722
    2766  5  6     1816    1817    2014    3860    3861    4058
    2767  5  6     2013    1077    2000    4057    3121    4044
    2768  5  6     2000    2012    1999    4044    4056    4043
    2769  5  6     2011    1995    1990    4055    4039    4034
    2770  5  6     1780    1778    1990    3824    3822    4034
    2771  5  6     1970    1983    1985    4014    4027    4029
    2772  5  6     2010    1893    1525    4054    3937    3569
    2773  5  6     1892    1973    1947    3936    4017    3991
    2774  5  6     1987    1943    1968    4031    3987    4012
    2775  5  6     1678    1679    1963    3722    3723    4007
    2776  5  6     1691    1865    1690    3735    3909    3734
    2777  5  6     1627    1981    1953    3671    4025    3997
    2778  5  6     1892    1947    1938    3936    3991    3982
    2779  5  6     1973    1596    1947    4017    3640    3991
    2780  5  6     1983    2009    1971    4027    4053    4015
    2781  5  6     1970    1690    1865    4014    3734    3909
    2782  5  6     1969    2008    1965    4013    4052    4009
    2783  5  6     1925    1634    1637    3969    3678    3681
    2784  5  6     1975    1974    1148    4019    4018    3192
    2785  5  6     1146    1147    1092    3190    3191    3136
    2786  5  6     1074    1152    1624    3118    3196    3668
    2787  5  6     1153    1979    1151    3197    4023    3195
    2788  5  6     1756    1960    1669    3800    4004    3713
    2789  5  6     1989    1669    1960    4033    3713    4004
    2790  5  6     1952    1780    1959    3996    3824    4003
    2791  5  6     1990    1974    1959    4034    4018    4003
    2792  5  6     1080    1693    1081    3124    3737    3125
    2793  5  6     1971    1985    1983    4015    4029    4027
    2794  5  6     2007    1885    1089    4051    3929    3133
    2795  5  6     1655    1656    1670    3699    3700    3714
    2796  5  6     1542    1991    1951    3586    4035    3995
    2797  5  6     1927    1988    1948    3971    4032    3992
    2798  5  6     2006    1926    2005    4050    3970    4049
    2799  5  6     1641    1095    1966    3685    3139    4010
    2800  5  6     1992    1987    1969    4036    4031    4013
    2801  5  6     1756    1755    1939    3800    3799    3983
    2802  5  6     1669    1941    1755    3713    3985    3799
    2803  5  6     1990    1778    1987    4034    3822    4031
    2804  5  6     1943    1987    1778    3987    4031    3822
    2805  5  6     1957    1967    1988    4001    4011    4032
    2806  5  6     1679    1692    1963    3723    3736    4007
    2807  5  6     1678    1942    2004    3722    3986    4048
    2808  5  6     1985    1982    1685    4029    4026    3729
    2809  5  6     1686    1970    1685    3730    4014    3729
    2810  5  6     1913    1818    1082    3957    3862    3126
    2811  5  6     1865    1866    1914    3909    3910    3958
    2812  5  6     1756    1921    1952    3800    3965    3996
    2813  5  6     1944    1780    1952    3988    3824    3996
    2814  5  6     1542    1687    2003    3586    3731    4047
    2815  5  6     2002    1979    1543    4046    4023    3587
    2816  5  6     2001    2000    1999    4045    4044    4043
    2817  5  6     1981    1627    1628    4025    3671    3672
    2818  5  6     1690    1955    1964    3734    3999    4008
    2819  5  6     1940    1939    1964    3984    3983    4008
    2820  5  6     1986    1999    1981    4030    4043    4025
    2821  5  6     1628    1685    1982    3672    3729    4026
    2822  5  6     1938    1948    1977    3982    3992    4021
    2823  5  6     1544    1104    1103    3588    3148    3147
    2824  5  6     1103    1145    1546    3147    3189    3590
    2825  5  6     1941    1670    1656    3985    3714    3700
    2826  5  6     1998    1997    1661    4042    4041    3705
    2827  5  6     1963    1692    1964    4007    3736    4008
    2828  5  6     1996    1962    1085    4040    4006    3129
    2829  5  6     1235    1892    1938    3279    3936    3982
    2830  5  6     1974    1990    1995    4018    4034    4039
    2831  5  6     1994    1993    1992    4038    4037    4036
    2832  5  6     1991    1626    1951    4035    3670    3995
    2833  5  6     1959    1780    1990    4003    3824    4034
    2834  5  6     1989    1960    1975    4033    4004    4019
    2835  5  6     1988    1976    1977    4032    4020    4021
    2836  5  6     1938    1947    1948    3982    3991    3992
    2837  5  6     1102    1158    1145    3146    3202    3189
    2838  5  6     1969    1987    1968    4013    4031    4012
    2839  5  6     1924    1954    1943    3968    3998    3987
    2840  5  6     1982    1972    1986    4026    4016    4030
    2841  5  6     1970    1985    1685    4014    4029    3729
    2842  5  6     1690    1964    1692    3734    4008    3736
    2843  5  6     1964    1955    1940    4008    3999    3984
    2844  5  6     1921    1756    1939    3965    3800    3983
    2845  5  6     1087    1086    1984    3131    3130    4028
    2846  5  6     1963    1939    1942    4007    3983    3986
    2847  5  6     1955    1690    1686    3999    3734    3730
    2848  5  6     1865    1983    1970    3909    4027    4014
    2849  5  6     1919    1924    1779    3963    3968    3823
    2850  5  6     1943    1778    1779    3987    3822    3823
    2851  5  6     1982    1981    1628    4026    4025    3672
    2852  5  6     1626    1935    1628    3670    3979    3672
    2853  5  6     1170    1167    1235    3214    3211    3279
    2854  5  6     1892    1235    1167    3936    3279    3211
    2855  5  6     1980    1629    1528    4024    3673    3572
    2856  5  6     1979    1978    1543    4023    4022    3587
    2857  5  6     1954    1977    1976    3998    4021    4020
    2858  5  6     1975    1959    1974    4019    4003    4018
    2859  5  6     1916    1944    1921    3960    3988    3965
    2860  5  6     1952    1960    1756    3996    4004    3800
    2861  5  6     1893    1973    1892    3937    4017    3936
    2862  5  6     1893    1167    1168    3937    3211    3212
    2863  5  6     1972    1971    1630    4016    4015    3674
    2864  5  6     1970    1686    1690    4014    3730    3734
    2865  5  6     1628    1935    1684    3672    3979    3728
    2866  5  6     1889    1884    1684    3933    3928    3728
    2867  5  6     1918    1954    1924    3962    3998    3968
    2868  5  6     1969    1968    1967    4013    4012    4011
    2869  5  6     1966    1965    1641    4010    4009    3685
    2870  5  6     1964    1939    1963    4008    3983    4007
    2871  5  6     1962    1961    1085    4006    4005    3129
    2872  5  6     1960    1952    1959    4004    3996    4003
    2873  5  6     1885    1668    1958    3929    3712    4002
    2874  5  6     1313    1314    1519    3357    3358    3563
    2875  5  6     1316    1283    1215    3360    3327    3259
    2876  5  6     1300    1238    1165    3344    3282    3209
    2877  5  6     1251    1164    1239    3295    3208    3283
    2878  5  6     1171    1172      46    3215    3216    2090
    2879  5  6     1524    1167    1170    3568    3211    3214
    2880  5  6     1346    1936    1200    3390    3980    3244
    2881  5  6     1177    1178    1180    3221    3222    3224
    2882  5  6     1281    1187    1280    3325    3231    3324
    2883  5  6     1280    1187    1781    3324    3231    3825
    2884  5  6     1513    1936    1328    3557    3980    3372
    2885  5  6     1282    1491    1512    3326    3535    3556
    2886  5  6     1191    1192    1321    3235    3236    3365
    2887  5  6     1242    1205    1243    3286    3249    3287
    2888  5  6     1207    1241    1352    3251    3285    3396
    2889  5  6     1607    1355    1606    3651    3399    3650
    2890  5  6     1209    1487    1510    3253    3531    3554
    2891  5  6     1607    1826    1510    3651    3870    3554
    2892  5  6     1957    1925    1637    4001    3969    3681
    2893  5  6     1956      62      61    4000    2106    2105
    2894  5  6     1334    1335    1336    3378    3379    3380
    2895  5  6     1252    1253    1335    3296    3297    3379
    2896  5  6     1940    1955    1915    3984    3999    3959
    2897  5  6     1945    1326    1273    3989    3370    3317
    2898  5  6     1295    1174    1297    3339    3218    3341
    2899  5  6     1298    1176    1295    3342    3220    3339
    2900  5  6     1920    1923    1843    3964    3967    3887
    2901  5  6     1940    1915    1923    3984    3959    3967
    2902  5  6     1954    1918    1937    3998    3962    3981
    2903  5  6     1917    1937    1918    3961    3981    3962
    2904  5  6     1287    1195    1196    3331    3239    3240
    2905  5  6     1517    1197    1284    3561    3241    3328
    2906  5  6     1541    1953    1629    3585    3997    3673
    2907  5  6     1685    1628    1684    3729    3672    3728
    2908  5  6     1228    1870    1515    3272    3914    3559
    2909  5  6       77    1227      78    2121    3271    2122
    2910  5  6     1288    1305    1287    3332    3349    3331
    2911  5  6     1212    1383    1507    3256    3427    3551
    2912  5  6     1203    1291    1508    3247    3335    3552
    2913  5  6     1921    1944    1952    3965    3988    3996
    2914  5  6     1171    1524    1170    3215    3568    3214
    2915  5  6     1302    1521    1503    3346    3565    3547
    2916  5  6     1250    1247    1301    3294    3291    3345
    2917  5  6     1920    1921    1939    3964    3965    3983
    2918  5  6     1843    1916    1920    3887    3960    3964
    2919  5  6     1190    1191    1321    3234    3235    3365
    2920  5  6     1320    1263    1319    3364    3307    3363
    2921  5  6     1779    1944    1919    3823    3988    3963
    2922  5  6     1916    1919    1944    3960    3963    3988
    2923  5  6     1898    1498    1520    3942    3542    3564
    2924  5  6     1232    1520    1499    3276    3564    3543
    2925  5  6     1951    1626    1627    3995    3670    3671
    2926  5  6     1922    1889    1935    3966    3933    3979
    2927  5  6     1317    1216    1311    3361    3260    3355
    2928  5  6     1285    1316    1315    3329    3360    3359
    2929  5  6     1310    1724    1898    3354    3768    3942
    2930  5  6     1215    1283    1497    3259    3327    3541
    2931  5  6     1910    1304    1225    3954    3348    3269
    2932  5  6     1324    1304    1305    3368    3348    3349
    2933  5  6     1333    1334    1382    3377    3378    3426
    2934  5  6     1336    1337    1484    3380    3381    3528
    2935  5  6     1620    1366    1288    3664    3410    3332
    2936  5  6     1249    1186    1246    3293    3230    3290
    2937  5  6     1950    1184      49    3994    3228    2093
    2938  5  6     1826    1210    1208    3870    3254    3252
    2939  5  6     1886    1308    1210    3930    3352    3254
    2940  5  6     1164    1162    1165    3208    3206    3209
    2941  5  6     1238    1367    1237    3282    3411    3281
    2942  5  6     1683    1922    1934    3727    3966    3978
    2943  5  6     1935    1626    1934    3979    3670    3978
    2944  5  6     1949    1530      41    3993    3574    2085
    2945  5  6     1597    1948    1947    3641    3992    3991
    2946  5  6     1347    1294    1292    3391    3338    3336
    2947  5  6     1328    1512    1513    3372    3556    3557
    2948  5  6     1242    1243    1244    3286    3287    3288
    2949  5  6     1322    1332    1242    3366    3376    3286
    2950  5  6     1522    1505    1523    3566    3549    3567
    2951  5  6     1172    1236    1523    3216    3280    3567
    2952  5  6     1912    1694    1693    3956    3738    3737
    2953  5  6     1319    1265    1360    3363    3309    3404
    2954  5  6     1192    1193    1264    3236    3237    3308
    2955  5  6     1174    1295    1176    3218    3339    3220
    2956  5  6     1274    1299    1902    3318    3343    3946
    2957  5  6     1506     119    1946    3550    2163    3990
    2958  5  6     1225    1304    1324    3269    3348    3368
    2959  5  6     1362    1269    1306    3406    3313    3350
    2960  5  6     1945    1201     109    3989    3245    2153
    2961  5  6     1277    1344    1276    3321    3388    3320
    2962  5  6     1515    1930    1179    3559    3974    3223
    2963  5  6     1285    1517    1284    3329    3561    3328
    2964  5  6     1888    1845    1915    3932    3889    3959
    2965  5  6     1923    1920    1940    3967    3964    3984
    2966  5  6     1282    1512    1329    3326    3556    3373
    2967  5  6     1281    1329    1933    3325    3373    3977
    2968  5  6     1369    1367    1303    3413    3411    3347
    2969  5  6     1238    1303    1367    3282    3347    3411
    2970  5  6     1245    1354      98    3289    3398    2142
    2971  5  6     1604    1909    1826    3648    3953    3870
    2972  5  6     1296    1309    1908    3340    3353    3952
    2973  5  6     1886    1795    1309    3930    3839    3353
    2974  5  6     1779    1780    1944    3823    3824    3988
    2975  5  6     1779    1924    1943    3823    3968    3987
    2976  5  6     1889    1675    1888    3933    3719    3932
    2977  5  6     1868    1845    1888    3912    3889    3932
    2978  5  6     1942    1755    1941    3986    3799    3985
    2979  5  6     1940    1920    1939    3984    3964    3983
    2980  5  6     1843    1923    1845    3887    3967    3889
    2981  5  6     1901    1364    1908    3945    3408    3952
    2982  5  6     1277    1274    1902    3321    3318    3946
    2983  5  6     1357    1356    1933    3401    3400    3977
    2984  5  6     1881    1370    1358    3925    3414    3402
    2985  5  6     1350    1272    1462    3394    3316    3506
    2986  5  6     1365    1363    1270    3409    3407    3314
    2987  5  6     1261    1246    1186    3305    3290    3230
    2988  5  6     1300    1521    1302    3344    3565    3346
    2989  5  6     1247    1248    1339    3291    3292    3383
    2990  5  6     1373    1636    1339    3417    3680    3383
    2991  5  6     1308    1182    1210    3352    3226    3254
    2992  5  6     1309    1296    1297    3353    3340    3341
    2993  5  6     1591    1846    1917    3635    3890    3961
    2994  5  6     1904    1523    1236    3948    3567    3280
    2995  5  6     1235    1938    1937    3279    3982    3981
    2996  5  6     1279    1341    1233    3323    3385    3277
    2997  5  6     1230    1231    1502    3274    3275    3546
    2998  5  6     1382    1342    1388    3426    3386    3432
    2999  5  6     1291    1213    1508    3335    3257    3552
    3000  5  6     1338    1262    1372    3382    3306    3416
    3001  5  6     1591    1374    1372    3635    3418    3416
    3002  5  6     1190      94      93    3234    2138    2137
    3003  5  6     1244    1321    1322    3288    3365    3366
    3004  5  6     1466    1387    1351    3510    3431    3395
    3005  5  6     1351    1361    1347    3395    3405    3391
    3006  5  6     1079    1078    1632    3123    3122    3676
    3007  5  6     1684    1935    1889    3728    3979    3933
    3008  5  6     1272    1350    1271    3316    3394    3315
    3009  5  6     1514    1200    1513    3558    3244    3557
    3010  5  6     1366    1464    1365    3410    3508    3409
    3011  5  6     1936    1294    1330    3980    3338    3374
    3012  5  6     1359    1933    1327    3403    3977    3371
    3013  5  6     1916    1843    1906    3960    3887    3950
    3014  5  6     1844    1931    1906    3888    3975    3950
    3015  5  6     1934    1922    1935    3978    3966    3979
    3016  5  6     1886    1909    1605    3930    3953    3649
    3017  5  6     1308    1297    1175    3352    3341    3219
    3018  5  6     1521    1300    1165    3565    3344    3209
    3019  5  6     1339    1636    1303    3383    3680    3347
    3020  5  6     1325    1367    1369    3369    3411    3413
    3021  5  6     1636    1851    1369    3680    3895    3413
    3022  5  6     1378    1397    1605    3422    3441    3649
    3023  5  6     1795    1886    1605    3839    3930    3649
    3024  5  6     1313    1519    1498    3357    3563    3542
    3025  5  6     1520    1340    1898    3564    3384    3942
    3026  5  6     1883    1922    1683    3927    3966    3727
    3027  5  6     1934    1478    1683    3978    3522    3727
    3028  5  6     1931    1844    1645    3975    3888    3689
    3029  5  6     1845    1868    1844    3889    3912    3888
    3030  5  6     1323    1225    1324    3367    3269    3368
    3031  5  6     1341    1384    1340    3385    3428    3384
    3032  5  6     1386    1341    1368    3430    3385    3412
    3033  5  6     1371    1360    1370    3415    3404    3414
    3034  5  6     1825    1331    1370    3869    3375    3414
    3035  5  6     1385    1899    1384    3429    3943    3428
    3036  5  6     1905    1377    1899    3949    3421    3943
    3037  5  6     1291    1289    1383    3335    3333    3427
    3038  5  6     1380    1333    1388    3424    3377    3432
    3039  5  6     1357    1933    1359    3401    3977    3403
    3040  5  6     1327    1330    1361    3371    3374    3405
    3041  5  6     1377    1375    1318    3421    3419    3362
    3042  5  6      166     165    1553    2210    2209    3597
    3043  5  6     1540    1553     165    3584    3597    2209
    3044  5  6     1674    1675    1889    3718    3719    3933
    3045  5  6     1673    1868    1675    3717    3912    3719
    3046  5  6     1724    1313    1898    3768    3357    3942
    3047  5  6      171    1568     172    2215    3612    2216
    3048  5  6     1578    1577    1568    3622    3621    3612
    3049  5  6      174    1717     175    2218    3761    2219
    3050  5  6     1584    1582    1717    3628    3626    3761
    3051  5  6     1540     164    1536    3584    2208    3580
    3052  5  6      163    1536     164    2207    3580    2208
    3053  5  6     1588    1589    1682    3632    3633    3726
    3054  5  6      170    1873    1767    2214    3917    3811
    3055  5  6      169    1873     170    2213    3917    2214
    3056  5  6     1248    1338    1339    3292    3382    3383
    3057  5  6     1261    1184    1258    3305    3228    3302
    3058  5  6     1682     179    1588    3726    2223    3632
    3059  5  6      178    1896    1588    2222    3940    3632
    3060  5  6     1872    1557    1812    3916    3601    3856
    3061  5  6      169     168    1557    2213    2212    3601
    3062  5  6     1516    1932    1221    3560    3976    3265
    3063  5  6     1281    1282    1329    3325    3326    3373
    3064  5  6     1357    1358    1360    3401    3402    3404
    3065  5  6     1592    1373    1374    3636    3417    3418
    3066  5  6     1373    1339    1338    3417    3383    3382
    3067  5  6     1919    1916    1907    3963    3960    3951
    3068  5  6     1906    1931    1594    3950    3975    3638
    3069  5  6     1241    1242    1332    3285    3286    3376
    3070  5  6     1606    1353    1378    3650    3397    3422
    3071  5  6     1554     167    1552    3598    2211    3596
    3072  5  6      166    1552     167    2210    3596    2211
    3073  5  6     1930    1293    1178    3974    3337    3222
    3074  5  6     1227    1929      78    3271    3973    2122
    3075  5  6     1567    1584    1897    3611    3628    3941
    3076  5  6     1717     174    1897    3761    2218    3941
    3077  5  6     1509     107    1928    3553    2151    3972
    3078  5  6     1908    1902    1296    3952    3946    3340
    3079  5  6     1165    1166    1521    3209    3210    3565
    3080  5  6     1302    1250    1301    3346    3294    3345
    3081  5  6     1896     178    1393    3940    2222    3437
    3082  5  6      177    1393     178    2221    3437    2222
    3083  5  6     1355    1352    1606    3399    3396    3650
    3084  5  6     1331    1825    1379    3375    3869    3423
    3085  5  6     1176    1298    1928    3220    3342    3972
    3086  5  6     1173    1485    1175    3217    3529    3219
    3087  5  6     1605    1397    1795    3649    3441    3839
    3088  5  6     1794    1908    1795    3838    3952    3839
    3089  5  6     1927    1926    1925    3971    3970    3969
    3090  5  6     1382    1388    1333    3426    3432    3377
    3091  5  6     1211    1507    1483    3255    3551    3527
    3092  5  6     1372    1846    1591    3416    3890    3635
    3093  5  6     1924    1919    1911    3968    3963    3955
    3094  5  6     1888    1675    1868    3932    3719    3912
    3095  5  6     1843    1844    1906    3887    3888    3950
    3096  5  6     1923    1915    1845    3967    3959    3889
    3097  5  6     1346    1200    1199    3390    3244    3243
    3098  5  6     1815    1376    1905    3859    3420    3949
    3099  5  6     1922    1883    1674    3966    3927    3718
    3100  5  6     1903    1673    1674    3947    3717    3718
    3101  5  6     1860    1903    1883    3904    3947    3927
    3102  5  6     1674    1889    1922    3718    3933    3966
    3103  5  6     1812    1554    1555    3856    3598    3599
    3104  5  6      168     167    1554    2212    2211    3598
    3105  5  6     1279    1325    1341    3323    3369    3385
    3106  5  6     1898    1340    1310    3942    3384    3354
    3107  5  6     1879    1535    1529    3923    3579    3573
    3108  5  6     1536     163    1535    3580    2207    3579
    3109  5  6     1364    1902    1908    3408    3946    3952
    3110  5  6     1794    1547    1901    3838    3591    3945
    3111  5  6     1320    1321    1192    3364    3365    3236
    3112  5  6     1265    1356    1360    3309    3400    3404
    3113  5  6     1573    1578    1767    3617    3622    3811
    3114  5  6     1568     171    1578    3612    2215    3622
    3115  5  6     1551    1553    1538    3595    3597    3582
    3116  5  6      164    1540     165    2208    3584    2209
    3117  5  6     1582    1900    1392    3626    3944    3436
    3118  5  6     1391    1392    1900    3435    3436    3944
    3119  5  6     1467    1387    1466    3511    3431    3510
    3120  5  6     1310    1384    1312    3354    3428    3356
    3121  5  6     1368    1875    1386    3412    3919    3430
    3122  5  6     1589    1683    1682    3633    3727    3726
    3123  5  6     1875    1851    1847    3919    3895    3891
    3124  5  6     1636    1369    1303    3680    3413    3347
    3125  5  6     1900    1470    1391    3944    3514    3435
    3126  5  6     1358    1359    1881    3402    3403    3925
    3127  5  6     1880    1467    1830    3924    3511    3874
    3128  5  6     1388    1548    1389    3432    3592    3433
    3129  5  6     1901    1547    1548    3945    3591    3592
    3130  5  6     1921    1920    1916    3965    3964    3960
    3131  5  6     1919    1907    1911    3963    3951    3955
    3132  5  6     1353    1332    1331    3397    3376    3375
    3133  5  6     1881    1830    1396    3925    3874    3440
    3134  5  6     1918    1591    1917    3962    3635    3961
    3135  5  6     1907    1916    1906    3951    3960    3950
    3136  5  6     1363    1365    1464    3407    3409    3508
    3137  5  6     1815    1465    1617    3859    3509    3661
    3138  5  6     1751    1583    1753    3795    3627    3797
    3139  5  6     1584    1753    1583    3628    3797    3627
    3140  5  6     1897     173    1567    3941    2217    3611
    3141  5  6     1577    1752    1567    3621    3796    3611
    3142  5  6     1884    1888    1915    3928    3932    3959
    3143  5  6     1914    1913    1912    3958    3957    3956
    3144  5  6     1907    1594    1911    3951    3638    3955
    3145  5  6     1590    1911    1594    3634    3955    3638
    3146  5  6     1369    1851    1368    3413    3895    3412
    3147  5  6     1164    1237    1239    3208    3281    3283
    3148  5  6     1225    1226    1910    3269    3270    3954
    3149  5  6     1365    1306    1307    3409    3350    3351
    3150  5  6     1547    1794    1600    3591    3838    3644
    3151  5  6     1901    1908    1794    3945    3952    3838
    3152  5  6     1572    1872    1812    3616    3916    3856
    3153  5  6     1873     169    1872    3917    2213    3916
    3154  5  6     1604    1605    1909    3648    3649    3953
    3155  5  6     1309    1795    1908    3353    3839    3952
    3156  5  6     1588     179     178    3632    2223    2222
    3157  5  6     1393    1471    1896    3437    3515    3940
    3158  5  6     1907    1906    1594    3951    3950    3638
    3159  5  6     1645    1844    1867    3689    3888    3911
    3160  5  6     1674    1883    1903    3718    3927    3947
    3161  5  6     1283    1518    1497    3327    3562    3541
    3162  5  6     1854    1847    1592    3898    3891    3636
    3163  5  6     1851    1636    1592    3895    3680    3636
    3164  5  6     1815    1905    1814    3859    3949    3858
    3165  5  6     1385    1875    1874    3429    3919    3918
    3166  5  6     1372    1259    1846    3416    3303    3890
    3167  5  6     1301    1339    1303    3345    3383    3347
    3168  5  6     1553    1551     166    3597    3595    2210
    3169  5  6     1538    1565    1551    3582    3609    3595
    3170  5  6     1860    1468    1877    3904    3512    3921
    3171  5  6     1857    1673    1903    3901    3717    3947
    3172  5  6     1470    1900    1809    3514    3944    3853
    3173  5  6     1582    1583    1809    3626    3627    3853
    3174  5  6     1867    1673    1857    3911    3717    3901
    3175  5  6     1903    1877    1857    3947    3921    3901
    3176  5  6      175    1392     176    2219    3436    2220
    3177  5  6     1370    1881    1825    3414    3925    3869
    3178  5  6     1282    1280    1491    3326    3324    3535
    3179  5  6     1874    1875    1847    3918    3919    3891
    3180  5  6     1899    1385    1814    3943    3429    3858
    3181  5  6     1556    1879    1529    3600    3923    3573
    3182  5  6     1535     163     162    3579    2207    2206
    3183  5  6     1355    1607    1510    3399    3651    3554
    3184  5  6     1394    1395    1397    3438    3439    3441
    3185  5  6     1872    1572    1767    3916    3616    3811
    3186  5  6     1573    1767    1572    3617    3811    3616
    3187  5  6     1260    1904    1846    3304    3948    3890
    3188  5  6     1588    1896    1587    3632    3940    3631
    3189  5  6     1589    1883    1683    3633    3927    3727
    3190  5  6     1903    1860    1877    3947    3904    3921
    3191  5  6     1469    1411    1468    3513    3455    3512
    3192  5  6     1752    1577    1573    3796    3621    3617
    3193  5  6     1567     173     172    3611    2217    2216
    3194  5  6     1296    1902    1299    3340    3946    3343
    3195  5  6     1364    1901    1548    3408    3945    3592
    3196  5  6     1417    1130    1665    3461    3174    3709
    3197  5  6     1129    1665    1130    3173    3709    3174
    3198  5  6     1537    1540    1536    3581    3584    3580
    3199  5  6     1535    1879    1537    3579    3923    3581
    3200  5  6     1205    1206    1243    3249    3250    3287
    3201  5  6     1379    1394    1378    3423    3438    3422
    3202  5  6     1400    1796    1864    3444    3840    3908
    3203  5  6     1699    1136    1864    3743    3180    3908
    3204  5  6     1717    1897    1584    3761    3941    3628
    3205  5  6     1809    1900    1582    3853    3944    3626
    3206  5  6     1732    1647    1733    3776    3691    3777
    3207  5  6     1882    1704    1733    3926    3748    3777
    3208  5  6     1558    1142    1560    3602    3186    3604
    3209  5  6     1141    1566    1560    3185    3610    3604
    3210  5  6     1462    1363    1464    3506    3407    3508
    3211  5  6     1312    1384    1899    3356    3428    3943
    3212  5  6     1898    1313    1498    3942    3357    3542
    3213  5  6     1699    1402    1835    3743    3446    3879
    3214  5  6     1579    1576    1835    3623    3620    3879
    3215  5  6     1396    1825    1881    3440    3869    3925
    3216  5  6     1611    1728    1396    3655    3772    3440
    3217  5  6     1123    1642    1124    3167    3686    3168
    3218  5  6     1643    1654    1646    3687    3698    3690
    3219  5  6     1867    1857    1878    3911    3901    3922
    3220  5  6     1878    1457    1645    3922    3501    3689
    3221  5  6     1737    1722    1640    3781    3766    3684
    3222  5  6     1721    1122    1640    3765    3166    3684
    3223  5  6     1667    1128    1660    3711    3172    3704
    3224  5  6     1127    1659    1660    3171    3703    3704
    3225  5  6     1551    1565    1555    3595    3609    3599
    3226  5  6     1564    1812    1555    3608    3856    3599
    3227  5  6     1783    1830    1467    3827    3874    3511
    3228  5  6     1880    1359    1387    3924    3403    3431
    3229  5  6     1558    1556    1143    3602    3600    3187
    3230  5  6     1861    1879    1556    3905    3923    3600
    3231  5  6     1119    1701    1623    3163    3745    3667
    3232  5  6     1777    1737    1623    3821    3781    3667
    3233  5  6     1853    1854    1593    3897    3898    3637
    3234  5  6     1617    1464    1366    3661    3508    3410
    3235  5  6     1572    1562    1574    3616    3606    3618
    3236  5  6     1801    1574    1562    3845    3618    3606
    3237  5  6     1463    1466    1462    3507    3510    3506
    3238  5  6     1108    1602    1109    3152    3646    3153
    3239  5  6     1550    1603    1602    3594    3647    3646
    3240  5  6     1585    1586    1681    3629    3630    3725
    3241  5  6     1399    1133    1586    3443    3177    3630
    3242  5  6     1798    1894    1810    3842    3938    3854
    3243  5  6     1410    1469    1810    3454    3513    3854
    3244  5  6     1459    1115    1445    3503    3159    3489
    3245  5  6     1550    1107    1389    3594    3151    3433
    3246  5  6     1107    1106    1380    3151    3150    3424
    3247  5  6     1897     174     173    3941    2218    2217
    3248  5  6     1752    1753    1567    3796    3797    3611
    3249  5  6     1572    1812    1564    3616    3856    3608
    3250  5  6     1557    1872     169    3601    3916    2213
    3251  5  6     1642    1646    1732    3686    3690    3776
    3252  5  6     1647    1732    1646    3691    3776    3690
    3253  5  6     1758    1417    1671    3802    3461    3715
    3254  5  6     1681    1416    1758    3725    3460    3802
    3255  5  6     1550    1598    1603    3594    3642    3647
    3256  5  6     1547    1600    1598    3591    3644    3642
    3257  5  6     1391    1470    1471    3435    3514    3515
    3258  5  6     1896    1471    1587    3940    3515    3631
    3259  5  6     1701    1842    1700    3745    3886    3744
    3260  5  6     1572    1564    1862    3616    3608    3906
    3261  5  6     1811    1571    1862    3855    3615    3906
    3262  5  6     1837    1570    1811    3881    3614    3855
    3263  5  6     1571    1811    1570    3615    3855    3614
    3264  5  6     1731    1768    1575    3775    3812    3619
    3265  5  6     1566    1140    1768    3610    3184    3812
    3266  5  6     1814    1874    1876    3858    3918    3920
    3267  5  6     1831    1705    1813    3875    3749    3857
    3268  5  6     1111    1856    1112    3155    3900    3156
    3269  5  6     1871    1895    1444    3915    3939    3488
    3270  5  6     1751    1752    1798    3795    3796    3842
    3271  5  6     1749    1894    1798    3793    3938    3842
    3272  5  6     1853    1593    1594    3897    3637    3638
    3273  5  6     1864    1135    1400    3908    3179    3444
    3274  5  6     1398    1399    1401    3442    3443    3445
    3275  5  6     1115    1459    1116    3159    3503    3160
    3276  5  6     1619    1461    1427    3663    3505    3471
    3277  5  6     1142    1558    1143    3186    3602    3187
    3278  5  6     1836    1861    1558    3880    3905    3602
    3279  5  6     1122    1721    1123    3166    3765    3167
    3280  5  6     1721    1722    1643    3765    3766    3687
    3281  5  6     1893    1892    1167    3937    3936    3211
    3282  5  6     1166    1162      56    3210    3206    2100
    3283  5  6     1372    1374    1338    3416    3418    3382
    3284  5  6     1470    1809    1469    3514    3853    3513
    3285  5  6     1799    1810    1891    3843    3854    3935
    3286  5  6     1586    1133    1132    3630    3177    3176
    3287  5  6     1890       1     180    3934    2045    2224
    3288  5  6     1884    1889    1888    3928    3933    3932
    3289  5  6     1856    1111    1612    3900    3155    3656
    3290  5  6     1110    1601    1612    3154    3645    3656
    3291  5  6     1768    1731    1566    3812    3775    3610
    3292  5  6     1729    1559    1566    3773    3603    3610
    3293  5  6     1652    1887    1821    3696    3931    3865
    3294  5  6     1777    1701    1887    3821    3745    3931
    3295  5  6     1120    1737    1121    3164    3781    3165
    3296  5  6     1623    1701    1777    3667    3745    3821
    3297  5  6     1600    1397    1395    3644    3441    3439
    3298  5  6     1598    1550    1547    3642    3594    3591
    3299  5  6     1308    1886    1309    3352    3930    3353
    3300  5  6     1600    1794    1397    3644    3838    3441
    3301  5  6     1446    1458    1445    3490    3502    3489
    3302  5  6     1608    1827    1610    3652    3871    3654
    3303  5  6     1835    1137    1699    3879    3181    3743
    3304  5  6     1699    1864    1581    3743    3908    3625
    3305  5  6     1885    1661    1089    3929    3705    3133
    3306  5  6     1686    1684    1884    3730    3728    3928
    3307  5  6     1563    1765    1750    3607    3809    3794
    3308  5  6     1862    1561    1562    3906    3605    3606
    3309  5  6     1396    1830    1764    3440    3874    3808
    3310  5  6     1425    1700    1618    3469    3744    3662
    3311  5  6     1618    1700    1842    3662    3744    3886
    3312  5  6     1127    1126    1704    3171    3170    3748
    3313  5  6     1125    1733    1126    3169    3777    3170
    3314  5  6     1587    1883    1589    3631    3927    3633
    3315  5  6     1139    1138    1576    3183    3182    3620
    3316  5  6     1137    1835    1138    3181    3879    3182
    3317  5  6     1548    1388    1343    3592    3432    3387
    3318  5  6     1882    1703    1704    3926    3747    3748
    3319  5  6     1658    1659    1703    3702    3703    3747
    3320  5  6     1144    1529     161    3188    3573    2205
    3321  5  6     1556    1558    1861    3600    3602    3905
    3322  5  6     1836    1559    1570    3880    3603    3614
    3323  5  6     1811    1565    1837    3855    3609    3881
    3324  5  6     1881    1880    1830    3925    3924    3874
    3325  5  6     1331    1322    1371    3375    3366    3415
    3326  5  6     1777    1776    1737    3821    3820    3781
    3327  5  6     1651    1772    1653    3695    3816    3697
    3328  5  6     1537    1879    1861    3581    3923    3905
    3329  5  6     1539    1837    1565    3583    3881    3609
    3330  5  6      171     170    1578    2215    2214    3622
    3331  5  6     1574    1801    1752    3618    3845    3796
    3332  5  6     1867    1878    1645    3911    3922    3689
    3333  5  6     1660    1658    1666    3704    3702    3710
    3334  5  6     1676    1672    1658    3720    3716    3702
    3335  5  6     1711    1401    1695    3755    3445    3739
    3336  5  6     1839    1613    1601    3883    3657    3645
    3337  5  6     1612    1111    1110    3656    3155    3154
    3338  5  6     1695    1401    1399    3739    3445    3443
    3339  5  6     1398    1400    1135    3442    3444    3179
    3340  5  6     1877    1468    1411    3921    3512    3455
    3341  5  6     1410    1411    1469    3454    3455    3513
    3342  5  6     1559    1729    1570    3603    3773    3614
    3343  5  6     1819    1405    1569    3863    3449    3613
    3344  5  6     1813    1814    1876    3857    3858    3920
    3345  5  6     1839    1603    1599    3883    3647    3643
    3346  5  6     1728    1611    1599    3772    3655    3643
    3347  5  6     1592    1593    1854    3636    3637    3898
    3348  5  6     1853    1456    1454    3897    3500    3498
    3349  5  6      176    1392    1390    2220    3436    3434
    3350  5  6     1180    1223    1492    3224    3267    3536
    3351  5  6     1875    1368    1851    3919    3412    3895
    3352  5  6     1814    1385    1874    3858    3429    3918
    3353  5  6     1867    1868    1673    3911    3912    3717
    3354  5  6     1416    1417    1758    3460    3461    3802
    3355  5  6     1759    1474    1758    3803    3518    3802
    3356  5  6     1602    1108    1550    3646    3152    3594
    3357  5  6     1389    1547    1550    3433    3591    3594
    3358  5  6     1797    1473    1421    3841    3517    3465
    3359  5  6     1758    1474    1736    3802    3518    3780
    3360  5  6     1416    1131    1130    3460    3175    3174
    3361  5  6     1672    1666    1658    3716    3710    3702
    3362  5  6     1745    1621    1426    3789    3665    3470
    3363  5  6     1424    1425    1427    3468    3469    3471
    3364  5  6     1862    1562    1572    3906    3606    3616
    3365  5  6     1767    1873    1872    3811    3917    3916
    3366  5  6     1784    1764    1830    3828    3808    3874
    3367  5  6     1467    1463    1783    3511    3507    3827
    3368  5  6     1614    1871    1444    3658    3915    3488
    3369  5  6     1610    1446    1444    3654    3490    3488
    3370  5  6     1705    1463    1465    3749    3507    3509
    3371  5  6     1228    1362    1870    3272    3406    3914
    3372  5  6     1297    1174    1175    3341    3218    3219
    3373  5  6     1584    1567    1753    3628    3611    3797
    3374  5  6     1573    1574    1752    3617    3618    3796
    3375  5  6     1465    1815    1813    3509    3859    3857
    3376  5  6     1832    1869    1706    3876    3913    3750
    3377  5  6     1868    1867    1844    3912    3911    3888
    3378  5  6     1691    1866    1865    3735    3910    3909
    3379  5  6     1796    1401    1711    3840    3445    3755
    3380  5  6     1697    1476    1696    3741    3520    3740
    3381  5  6     1576    1579    1575    3620    3623    3619
    3382  5  6     1730    1731    1575    3774    3775    3619
    3383  5  6     1864    1136    1135    3908    3180    3179
    3384  5  6     1712    1834    1796    3756    3878    3840
    3385  5  6     1745    1738    1863    3789    3782    3907
    3386  5  6     1458    1446    1827    3502    3490    3871
    3387  5  6     1583    1751    1810    3627    3795    3854
    3388  5  6     1750    1748    1563    3794    3792    3607
    3389  5  6     1658    1703    1757    3702    3747    3801
    3390  5  6     1647    1648    1849    3691    3692    3893
    3391  5  6     1118    1842    1119    3162    3886    3163
    3392  5  6     1423    1702    1700    3467    3746    3744
    3393  5  6     1459    1461    1116    3503    3505    3160
    3394  5  6     1564    1811    1862    3608    3855    3906
    3395  5  6     1819    1569    1570    3863    3613    3614
    3396  5  6     1124    1732    1125    3168    3776    3169
    3397  5  6     1646    1642    1643    3690    3686    3687
    3398  5  6     1555    1552    1551    3599    3596    3595
    3399  5  6     1861    1539    1537    3905    3583    3581
    3400  5  6     1860    1587    1471    3904    3631    3515
    3401  5  6     1859    1858    1857    3903    3902    3901
    3402  5  6     1428    1431    1828    3472    3475    3872
    3403  5  6     1856    1614    1112    3900    3658    3156
    3404  5  6     1743    1855    1742    3787    3899    3786
    3405  5  6     1726    1854    1853    3770    3898    3897
    3406  5  6     1852    1217    1215    3896    3261    3259
    3407  5  6     1847    1851    1592    3891    3895    3636
    3408  5  6     1648    1850    1849    3692    3894    3893
    3409  5  6     1733    1704    1126    3777    3748    3170
    3410  5  6     1727    1848    1847    3771    3892    3891
    3411  5  6     1236    1234    1846    3280    3278    3890
    3412  5  6     1845    1844    1843    3889    3888    3887
    3413  5  6     1102    1101    1158    3146    3145    3202
    3414  5  6     1423    1424    1622    3467    3468    3666
    3415  5  6     1842    1701    1119    3886    3745    3163
    3416  5  6     1829    1828    1769    3873    3872    3813
    3417  5  6     1808    1429    1784    3852    3473    3828
    3418  5  6     1841    1840    1735    3885    3884    3779
    3419  5  6     1603    1598    1599    3647    3642    3643
    3420  5  6     1430    1839    1599    3474    3883    3643
    3421  5  6     1722    1737    1776    3766    3781    3820
    3422  5  6     1838    1774    1722    3882    3818    3766
    3423  5  6     1142    1141    1560    3186    3185    3604
    3424  5  6     1837    1836    1570    3881    3880    3614
    3425  5  6     1402    1403    1579    3446    3447    3623
    3426  5  6     1835    1576    1138    3879    3620    3182
    3427  5  6     1834    1712    1804    3878    3756    3848
    3428  5  6     1766    1405    1802    3810    3449    3846
    3429  5  6     1681    1586    1132    3725    3630    3176
    3430  5  6     1797    1476    1474    3841    3520    3518
    3431  5  6     1665    1671    1417    3709    3715    3461
    3432  5  6     1676    1677    1672    3720    3721    3716
    3433  5  6     1666    1667    1660    3710    3711    3704
    3434  5  6     1128    1127    1660    3172    3171    3704
    3435  5  6     1782    1783    1706    3826    3827    3750
    3436  5  6     1833    1832    1831    3877    3876    3875
    3437  5  6     1783    1784    1830    3827    3828    3874
    3438  5  6     1829    1428    1828    3873    3472    3872
    3439  5  6     1443    1444    1446    3487    3488    3490
    3440  5  6     1446    1610    1827    3490    3654    3871
    3441  5  6     1209    1510    1826    3253    3554    3870
    3442  5  6     1394    1825    1396    3438    3869    3440
    3443  5  6     1824    1823    1760    3868    3867    3804
    3444  5  6     1735    1664    1822    3779    3708    3866
    3445  5  6     1821    1820    1651    3865    3864    3695
    3446  5  6     1771    1710    1720    3815    3754    3764
    3447  5  6     1469    1809    1810    3513    3853    3854
    3448  5  6     1807    1420    1415    3851    3464    3459
    3449  5  6     1529    1535     162    3573    3579    2206
    3450  5  6     1819    1570    1729    3863    3614    3773
    3451  5  6     1818    1817    1816    3862    3861    3860
    3452  5  6     1813    1815    1814    3857    3859    3858
    3453  5  6     1465    1813    1705    3509    3857    3749
    3454  5  6     1812    1557    1554    3856    3601    3598
    3455  5  6     1564    1565    1811    3608    3609    3855
    3456  5  6      175    1717    1392    2219    3761    3436
    3457  5  6     1583    1810    1809    3627    3854    3853
    3458  5  6     1763    1432    1450    3807    3476    3494
    3459  5  6     1808    1782    1450    3852    3826    3494
    3460  5  6     1419    1807    1806    3463    3851    3850
    3461  5  6     1805    1804    1712    3849    3848    3756
    3462  5  6     1566    1141    1140    3610    3185    3184
    3463  5  6     1140    1139    1768    3184    3183    3812
    3464  5  6     1803    1802    1406    3847    3846    3450
    3465  5  6     1801    1562    1748    3845    3606    3792
    3466  5  6     1409    1415    1412    3453    3459    3456
    3467  5  6     1800    1407    1799    3844    3451    3843
    3468  5  6     1798    1748    1749    3842    3792    3793
    3469  5  6     1422    1797    1421    3466    3841    3465
    3470  5  6     1420    1740    1414    3464    3784    3458
    3471  5  6     1412    1439    1413    3456    3483    3457
    3472  5  6     1754    1438    1453    3798    3482    3497
    3473  5  6     1739    1442    1439    3783    3486    3483
    3474  5  6     1419    1714    1422    3463    3758    3466
    3475  5  6     1400    1401    1796    3444    3445    3840
    3476  5  6     1585    1695    1399    3629    3739    3443
    3477  5  6     1290    1276    1344    3334    3320    3388
    3478  5  6     1795    1397    1794    3839    3441    3838
    3479  5  6     1447    1448    1615    3491    3492    3659
    3480  5  6     1793    1622    1621    3837    3666    3665
    3481  5  6     1775    1722    1774    3819    3766    3818
    3482  5  6     1792    1453    1451    3836    3497    3495
    3483  5  6     1719    1791    1718    3763    3835    3762
    3484  5  6     1790    1789    1788    3834    3833    3832
    3485  5  6     1704    1659    1127    3748    3703    3171
    3486  5  6     1787    1710    1708    3831    3754    3752
    3487  5  6     1616    1746    1615    3660    3790    3659
    3488  5  6     1435    1786    1741    3479    3830    3785
    3489  5  6     1770    1785    1772    3814    3829    3816
    3490  5  6     1784    1783    1782    3828    3827    3826
    3491  5  6     1781    1188      89    3825    3232    2133
    3492  5  6     1780    1779    1778    3824    3823    3822
    3493  5  6     1427    1460    1426    3471    3504    3470
    3494  5  6     1777    1652    1776    3821    3696    3820
    3495  5  6     1640    1121    1737    3684    3165    3781
    3496  5  6     1775    1774    1773    3819    3818    3817
    3497  5  6     1772    1771    1770    3816    3815    3814
    3498  5  6     1769    1612    1613    3813    3656    3657
    3499  5  6     1110    1109    1601    3154    3153    3645
    3500  5  6     1575    1768    1139    3619    3812    3183
    3501  5  6     1767    1578     170    3811    3622    2214
    3502  5  6     1766    1765    1561    3810    3809    3605
    3503  5  6     1764    1429    1611    3808    3473    3655
    3504  5  6     1450    1449    1763    3494    3493    3807
    3505  5  6     1762    1761    1760    3806    3805    3804
    3506  5  6     1759    1758    1677    3803    3802    3721
    3507  5  6     1757    1664    1676    3801    3708    3720
    3508  5  6     1682     180     179    3726    2224    2223
    3509  5  6     1756    1669    1755    3800    3713    3799
    3510  5  6     1438    1754    1440    3482    3798    3484
    3511  5  6     1753    1752    1751    3797    3796    3795
    3512  5  6     1750    1749    1748    3794    3793    3792
    3513  5  6     1747    1615    1746    3791    3659    3790
    3514  5  6     1621    1745    1744    3665    3789    3788
    3515  5  6     1743    1742    1741    3787    3786    3785
    3516  5  6     1177    1494    1179    3221    3538    3223
    3517  5  6     1414    1740    1739    3458    3784    3783
    3518  5  6     1699    1137    1136    3743    3181    3180
    3519  5  6     1723    1738    1426    3767    3782    3470
    3520  5  6     1623    1737    1120    3667    3781    3164
    3521  5  6     1585    1736    1475    3629    3780    3519
    3522  5  6     1735    1734    1663    3779    3778    3707
    3523  5  6     1125    1732    1733    3169    3776    3777
    3524  5  6     1124    1642    1732    3168    3686    3776
    3525  5  6     1144    1556    1529    3188    3600    3573
    3526  5  6     1731    1730    1729    3775    3774    3773
    3527  5  6     1276    1201    1273    3320    3245    3317
    3528  5  6     1396    1728    1395    3440    3772    3439
    3529  5  6     1727    1726    1725    3771    3770    3769
    3530  5  6     1311    1724    1310    3355    3768    3354
    3531  5  6     1460    1723    1426    3504    3767    3470
    3532  5  6     1722    1721    1640    3766    3765    3684
    3533  5  6     1720    1719    1718    3764    3763    3762
    3534  5  6     1717    1582    1392    3761    3626    3436
    3535  5  6     1716    1715    1649    3760    3759    3693
    3536  5  6     1696    1714    1713    3740    3758    3757
    3537  5  6     1698    1712    1711    3742    3756    3755
    3538  5  6     1710    1709    1708    3754    3753    3752
    3539  5  6     1707    1094    1644    3751    3138    3688
    3540  5  6     1192    1264    1263    3236    3308    3307
    3541  5  6     1706    1463    1705    3750    3507    3749
    3542  5  6     1436    1437    1455    3480    3481    3499
    3543  5  6     1659    1704    1703    3703    3748    3747
    3544  5  6     1702    1701    1700    3746    3745    3744
    3545  5  6     1402    1699    1581    3446    3743    3625
    3546  5  6     1698    1697    1696    3742    3741    3740
    3547  5  6     1695    1475    1476    3739    3519    3520
    3548  5  6     1694    1081    1693    3738    3125    3737
    3549  5  6     1692    1691    1690    3736    3735    3734
    3550  5  6     1689    1688    1687    3733    3732    3731
    3551  5  6     1686    1685    1684    3730    3729    3728
    3552  5  6     1471    1393    1391    3515    3437    3435
    3553  5  6     1683    1478    1682    3727    3522    3726
    3554  5  6     1681    1132    1416    3725    3176    3460
    3555  5  6     1680    1679    1678    3724    3723    3722
    3556  5  6     1677    1676    1662    3721    3720    3706
    3557  5  6     1675    1674    1673    3719    3718    3717
    3558  5  6     1657    1088    1087    3701    3132    3131
    3559  5  6     1672    1671    1665    3716    3715    3709
    3560  5  6     1670    1669    1668    3714    3713    3712
    3561  5  6     1667    1666    1665    3711    3710    3709
    3562  5  6     1664    1663    1662    3708    3707    3706
    3563  5  6     1090    1089    1661    3134    3133    3705
    3564  5  6     1660    1659    1658    3704    3703    3702
    3565  5  6     1657    1656    1655    3701    3700    3699
    3566  5  6     1654    1650    1646    3698    3694    3690
    3567  5  6     1653    1652    1651    3697    3696    3695
    3568  5  6     1648    1650    1649    3692    3694    3693
    3569  5  6     1093    1482    1644    3137    3526    3688
    3570  5  6     1648    1647    1646    3692    3691    3690
    3571  5  6     1457    1456    1645    3501    3500    3689
    3572  5  6     1480    1644    1482    3524    3688    3526
    3573  5  6     1643    1642    1123    3687    3686    3167
    3574  5  6     1639    1096    1641    3683    3140    3685
    3575  5  6     1640    1122    1121    3684    3166    3165
    3576  5  6     1233    1340    1232    3277    3384    3276
    3577  5  6     1301    1303    1300    3345    3347    3344
    3578  5  6     1639    1638    1096    3683    3682    3140
    3579  5  6     1638    1637    1635    3682    3681    3679
    3580  5  6     1592    1636    1373    3636    3680    3417
    3581  5  6     1098    1635    1634    3142    3679    3678
    3582  5  6     1249    1268    1186    3293    3312    3230
    3583  5  6     1632    1630    1633    3676    3674    3677
    3584  5  6     1632    1631    1630    3676    3675    3674
    3585  5  6     1541    1629    1543    3585    3673    3587
    3586  5  6     1628    1627    1626    3672    3671    3670
    3587  5  6     1101    1100    1625    3145    3144    3669
    3588  5  6     1526    1075    1624    3570    3119    3668
    3589  5  6     1279    1233    1278    3323    3277    3322
    3590  5  6     1384    1310    1340    3428    3354    3384
    3591  5  6     1120    1119    1623    3164    3163    3667
    3592  5  6     1367    1240    1237    3411    3284    3281
    3593  5  6     1283    1284    1518    3327    3328    3562
    3594  5  6     1427    1461    1460    3471    3505    3504
    3595  5  6     1283    1316    1285    3327    3360    3329
    3596  5  6     1622    1426    1621    3666    3470    3665
    3597  5  6     1620    1288    1286    3664    3332    3330
    3598  5  6     1619    1618    1117    3663    3662    3161
    3599  5  6     1617    1465    1464    3661    3509    3508
    3600  5  6     1272    1363    1462    3316    3407    3506
    3601  5  6     1116    1461    1117    3160    3505    3161
    3602  5  6     1347    1292    1351    3391    3336    3395
    3603  5  6     1616    1615    1448    3660    3659    3492
    3604  5  6     1198    1512    1490    3242    3556    3534
    3605  5  6     1280    1511    1491    3324    3555    3535
    3606  5  6     1115    1114    1445    3159    3158    3489
    3607  5  6     1188    1189    1489    3232    3233    3533
    3608  5  6     1361    1359    1327    3405    3403    3371
    3609  5  6     1112    1614    1113    3156    3658    3157
    3610  5  6     1614    1444    1113    3658    3488    3157
    3611  5  6     1245    1204    1207    3289    3248    3251
    3612  5  6     1601    1613    1612    3645    3657    3656
    3613  5  6     1430    1599    1611    3474    3643    3655
    3614  5  6     1183    1181     102    3227    3225    2146
    3615  5  6     1610    1609    1608    3654    3653    3652
    3616  5  6      102     101    1183    2146    2145    3227
    3617  5  6     1604    1607    1606    3648    3651    3650
    3618  5  6     1605    1604    1378    3649    3648    3422
    3619  5  6     1602    1603    1601    3646    3647    3645
    3620  5  6     1275    1299    1274    3319    3343    3318
    3621  5  6     1109    1602    1601    3153    3646    3645
    3622  5  6     1203    1276    1291    3247    3320    3335
    3623  5  6     1600    1599    1598    3644    3643    3642
    3624  5  6     1597    1596    1595    3641    3640    3639
    3625  5  6     1593    1590    1594    3637    3634    3638
    3626  5  6     1545    1546    1159    3589    3590    3203
    3627  5  6     1593    1592    1590    3637    3636    3634
    3628  5  6     1262    1246    1261    3306    3290    3305
    3629  5  6     1374    1591    1590    3418    3635    3634
    3630  5  6     1522    1260    1258    3566    3304    3302
    3631  5  6     1398    1134    1133    3442    3178    3177
    3632  5  6     1589    1588    1587    3633    3632    3631
    3633  5  6     1586    1585    1399    3630    3629    3443
    3634  5  6     1390     177     176    3434    2221    2220
    3635  5  6     1134    1398    1135    3178    3442    3179
    3636  5  6     1584    1583    1582    3628    3627    3626
    3637  5  6     1581    1404    1402    3625    3448    3446
    3638  5  6     1390    1391    1393    3434    3435    3437
    3639  5  6     1580    1575    1579    3624    3619    3623
    3640  5  6     1568    1577    1567    3612    3621    3611
    3641  5  6     1578    1573    1577    3622    3617    3621
    3642  5  6     1576    1575    1139    3620    3619    3183
    3643  5  6     1574    1573    1572    3618    3617    3616
    3644  5  6     1571    1570    1569    3615    3614    3613
    3645  5  6      172    1568    1567    2216    3612    3611
    3646  5  6     1507    1381    1336    3551    3425    3380
    3647  5  6     1560    1566    1559    3604    3610    3603
    3648  5  6     1555    1565    1564    3599    3609    3608
    3649  5  6     1563    1562    1561    3607    3606    3605
    3650  5  6     1560    1559    1558    3604    3603    3602
    3651  5  6      168    1554    1557    2212    3598    3601
    3652  5  6     1143    1556    1144    3187    3600    3188
    3653  5  6     1555    1554    1552    3599    3598    3596
    3654  5  6     1553    1540    1538    3597    3584    3582
    3655  5  6     1552     166    1551    3596    2210    3595
    3656  5  6     1108    1107    1550    3152    3151    3594
    3657  5  6     1337    1549    1484    3381    3593    3528
    3658  5  6     1548    1547    1389    3592    3591    3433
    3659  5  6      118     117    1255    2162    2161    3299
    3660  5  6     1546    1545    1544    3590    3589    3588
    3661  5  6     1543    1542    1541    3587    3586    3585
    3662  5  6     1538    1540    1537    3582    3584    3581
    3663  5  6     1539    1538    1537    3583    3582    3581
    3664  5  6     1389    1107    1380    3433    3151    3424
    3665  5  6     1537    1536    1535    3581    3580    3579
    3666  5  6     1167    1524    1169    3211    3568    3213
    3667  5  6     1534    1531    1533    3578    3575    3577
    3668  5  6       42      41    1530    2086    2085    3574
    3669  5  6     1106     121    1349    3150    2165    3393
    3670  5  6     1532    1069    1531    3576    3113    3575
    3671  5  6     1530    1525      42    3574    3569    2086
    3672  5  6      162     161    1529    2206    2205    3573
    3673  5  6     1528    1527    1526    3572    3571    3570
    3674  5  6       43      42    1525    2087    2086    3569
    3675  5  6     1524      44    1169    3568    2088    3213
    3676  5  6     1504    1172    1523    3548    3216    3567
    3677  5  6     1522      48    1505    3566    2092    3549
    3678  5  6     1184    1261    1186    3228    3305    3230
    3679  5  6     1267    1250    1302    3311    3294    3346
    3680  5  6     1503    1521    1166    3547    3565    3210
    3681  5  6     1501    1251    1239    3545    3295    3283
    3682  5  6     1229      60    1231    3273    2104    3275
    3683  5  6     1499    1520    1498    3543    3564    3542
    3684  5  6     1314      64    1519    3358    2108    3563
    3685  5  6     1496    1215    1497    3540    3259    3541
    3686  5  6     1284      68    1518    3328    2112    3562
    3687  5  6     1196    1194    1517    3240    3238    3561
    3688  5  6       73      72    1516    2117    2116    3560
    3689  5  6       74    1219    1304    2118    3263    3348
    3690  5  6     1224      76    1226    3268    2120    3270
    3691  5  6     1179    1493    1515    3223    3537    3559
    3692  5  6     1177      80    1494    3221    2124    3538
    3693  5  6     1492    1223    1345    3536    3267    3389
    3694  5  6     1198    1514    1513    3242    3558    3557
    3695  5  6     1490    1512    1491    3534    3556    3535
    3696  5  6     1280      88    1511    3324    2132    3555
    3697  5  6     1489    1189    1264    3533    3233    3308
    3698  5  6     1191      92    1193    3235    2136    3237
    3699  5  6     1488    1190    1243    3532    3234    3287
    3700  5  6     1204      96    1206    3248    2140    3250
    3701  5  6     1486    1354    1510    3530    3398    3554
    3702  5  6     1209     100    1487    3253    2144    3531
    3703  5  6     1173     104    1485    3217    2148    3529
    3704  5  6     1326     108    1509    3370    2152    3553
    3705  5  6     1201    1276    1203    3245    3320    3247
    3706  5  6     1214     112    1508    3258    2156    3552
    3707  5  6     1483    1507    1484    3527    3551    3528
    3708  5  6     1257     117     116    3301    2161    2160
    3709  5  6     1349     120    1506    3393    2164    3550
    3710  5  6     1505      47    1504    3549    2091    3548
    3711  5  6     1268      51    1185    3312    2095    3229
    3712  5  6     1166      55    1503    3210    2099    3547
    3713  5  6     1502      59    1501    3546    2103    3545
    3714  5  6     1500    1499    1498    3544    3543    3542
    3715  5  6     1497      67    1496    3541    2111    3540
    3716  5  6     1495      71    1194    3539    2115    3238
    3717  5  6     1494      79    1493    3538    2123    3537
    3718  5  6     1345      83    1492    3389    2127    3536
    3719  5  6     1491      87    1490    3535    2131    3534
    3720  5  6     1264      91    1489    3308    2135    3533
    3721  5  6     1243      95    1488    3287    2139    3532
    3722  5  6     1487      99    1486    3531    2143    3530
    3723  5  6     1181    1175    1485    3225    3219    3529
    3724  5  6     1203     111    1202    3247    2155    3246
    3725  5  6     1484     115    1483    3528    2159    3527
    3726  5  6     1147    1481    1482    3191    3525    3526
    3727  5  6     1482    1481    1480    3526    3525    3524
    3728  5  6     1479    1477    1478    3523    3521    3522
    3729  5  6     1478    1477     180    3522    3521    2224
    3730  5  6     1476    1475    1474    3520    3519    3518
    3731  5  6     1421    1473    1472    3465    3517    3516
    3732  5  6     1471    1470    1468    3515    3514    3512
    3733  5  6     1470    1469    1468    3514    3513    3512
    3734  5  6     1467    1466    1463    3511    3510    3507
    3735  5  6     1465    1463    1464    3509    3507    3508
    3736  5  6     1464    1463    1462    3508    3507    3506
    3737  5  6     1461    1459    1460    3505    3503    3504
    3738  5  6     1460    1459    1458    3504    3503    3502
    3739  5  6     1457    1455    1456    3501    3499    3500
    3740  5  6     1456    1455    1454    3500    3499    3498
    3741  5  6     1441    1452    1453    3485    3496    3497
    3742  5  6     1453    1452    1451    3497    3496    3495
    3743  5  6     1450    1448    1449    3494    3492    3493
    3744  5  6     1449    1448    1447    3493    3492    3491
    3745  5  6     1446    1445    1443    3490    3489    3487
    3746  5  6     1113    1444    1443    3157    3488    3487
    3747  5  6     1442    1441    1438    3486    3485    3482
    3748  5  6     1440    1439    1438    3484    3483    3482
    3749  5  6     1437    1436    1433    3481    3480    3477
    3750  5  6     1435    1434    1433    3479    3478    3477
    3751  5  6     1432    1431    1428    3476    3475    3472
    3752  5  6     1430    1429    1428    3474    3473    3472
    3753  5  6     1427    1426    1424    3471    3470    3468
    3754  5  6     1425    1424    1423    3469    3468    3467
    3755  5  6     1422    1421    1418    3466    3465    3462
    3756  5  6     1420    1419    1418    3464    3463    3462
    3757  5  6     1130    1417    1416    3174    3461    3460
    3758  5  6     1132    1131    1416    3176    3175    3460
    3759  5  6     1415    1414    1412    3459    3458    3456
    3760  5  6     1413    1409    1412    3457    3453    3456
    3761  5  6     1411    1410    1407    3455    3454    3451
    3762  5  6     1409    1408    1407    3453    3452    3451
    3763  5  6     1406    1405    1403    3450    3449    3447
    3764  5  6     1404    1403    1402    3448    3447    3446
    3765  5  6     1401    1400    1398    3445    3444    3442
    3766  5  6     1133    1399    1398    3177    3443    3442
    3767  5  6     1397    1378    1394    3441    3422    3438
    3768  5  6     1396    1395    1394    3440    3439    3438
    3769  5  6     1393     177    1390    3437    2221    3434
    3770  5  6     1392    1391    1390    3436    3435    3434
    3771  5  6     1342    1343    1388    3386    3387    3432
    3772  5  6     1389    1380    1388    3433    3424    3432
    3773  5  6     1359    1361    1387    3403    3405    3431
    3774  5  6     1351    1387    1361    3395    3431    3405
    3775  5  6     1386    1385    1384    3430    3429    3428
    3776  5  6     1325    1368    1341    3369    3412    3385
    3777  5  6     1383    1382    1381    3427    3426    3425
    3778  5  6     1380    1106    1348    3424    3150    3392
    3779  5  6     1311    1312    1377    3355    3356    3421
    3780  5  6     1318    1375    1315    3362    3419    3359
    3781  5  6     1379    1378    1353    3423    3422    3397
    3782  5  6     1241    1332    1353    3285    3376    3397
    3783  5  6     1377    1376    1375    3421    3420    3419
    3784  5  6     1286    1315    1375    3330    3359    3419
    3785  5  6     1374    1373    1338    3418    3417    3382
    3786  5  6     1262    1259    1372    3306    3303    3416
    3787  5  6     1319    1371    1322    3363    3415    3366
    3788  5  6     1370    1360    1358    3414    3404    3402
    3789  5  6     1369    1368    1325    3413    3412    3369
    3790  5  6     1240    1367    1325    3284    3411    3369
    3791  5  6     1307    1366    1365    3351    3410    3409
    3792  5  6     1270    1306    1365    3314    3350    3409
    3793  5  6     1277    1364    1344    3321    3408    3388
    3794  5  6     1273    1274    1277    3317    3318    3321
    3795  5  6     1363    1272    1270    3407    3316    3314
    3796  5  6     1270    1271    1362    3314    3315    3406
    3797  5  6     1292    1294    1222    3336    3338    3266
    3798  5  6     1361    1330    1347    3405    3374    3391
    3799  5  6     1360    1356    1357    3404    3400    3401
    3800  5  6     1359    1358    1357    3403    3402    3401
    3801  5  6     1187    1356    1265    3231    3400    3309
    3802  5  6     1192    1263    1320    3236    3307    3364
    3803  5  6     1355    1354    1207    3399    3398    3251
    3804  5  6     1353    1352    1241    3397    3396    3285
    3805  5  6     1293    1350    1292    3337    3394    3336
    3806  5  6     1351    1292    1350    3395    3336    3394
    3807  5  6     1106    1349    1252    3150    3393    3296
    3808  5  6     1335    1348    1252    3379    3392    3296
    3809  5  6     1347    1330    1294    3391    3374    3338
    3810  5  6     1346    1345    1223    3390    3389    3267
    3811  5  6     1344    1343    1342    3388    3387    3386
    3812  5  6     1289    1290    1342    3333    3334    3386
    3813  5  6     1232    1229    1230    3276    3273    3274
    3814  5  6     1341    1340    1233    3385    3384    3277
    3815  5  6     1339    1301    1247    3383    3345    3291
    3816  5  6     1246    1262    1248    3290    3306    3292
    3817  5  6     1338    1248    1262    3382    3292    3306
    3818  5  6     1258    1259    1262    3302    3303    3306
    3819  5  6     1337    1336    1335    3381    3380    3379
    3820  5  6     1335    1334    1333    3379    3378    3377
    3821  5  6     1320    1319    1322    3364    3363    3366
    3822  5  6     1332    1322    1331    3376    3366    3375
    3823  5  6     1330    1327    1328    3374    3371    3372
    3824  5  6     1329    1328    1327    3373    3372    3371
    3825  5  6     1295    1296    1299    3339    3340    3343
    3826  5  6     1275    1326    1298    3319    3370    3342
    3827  5  6     1325    1279    1240    3369    3323    3284
    3828  5  6     1323    1324    1306    3367    3368    3350
    3829  5  6     1269    1224    1323    3313    3268    3367
    3830  5  6     1322    1321    1320    3366    3365    3364
    3831  5  6     1263    1265    1319    3307    3309    3363
    3832  5  6     1318    1316    1317    3362    3360    3361
    3833  5  6     1216    1317    1316    3260    3361    3360
    3834  5  6     1286    1285    1315    3330    3329    3359
    3835  5  6     1217    1314    1313    3261    3358    3357
    3836  5  6     1312    1311    1310    3356    3355    3354
    3837  5  6     1175    1182    1308    3219    3226    3352
    3838  5  6     1309    1297    1308    3353    3341    3352
    3839  5  6     1307    1306    1305    3351    3350    3349
    3840  5  6     1220    1305    1304    3264    3349    3348
    3841  5  6     1303    1238    1300    3347    3282    3344
    3842  5  6     1302    1301    1300    3346    3345    3344
    3843  5  6     1299    1298    1295    3343    3342    3339
    3844  5  6     1297    1296    1295    3341    3340    3339
    3845  5  6     1294    1223    1222    3338    3267    3266
    3846  5  6     1293    1292    1222    3337    3336    3266
    3847  5  6     1291    1290    1289    3335    3334    3333
    3848  5  6     1214    1212    1211    3258    3256    3255
    3849  5  6     1288    1287    1286    3332    3331    3330
    3850  5  6     1197      69    1284    3241    2113    3328
    3851  5  6     1285    1284    1283    3329    3328    3327
    3852  5  6     1265    1189    1187    3309    3233    3231
    3853  5  6     1282    1281    1280    3326    3325    3324
    3854  5  6     1233    1230    1278    3277    3274    3322
    3855  5  6     1240    1279    1278    3284    3323    3322
    3856  5  6     1277    1276    1273    3321    3320    3317
    3857  5  6     1275    1274    1273    3319    3318    3317
    3858  5  6     1272    1271    1270    3316    3315    3314
    3859  5  6     1224    1269    1228    3268    3313    3272
    3860  5  6     1249      52    1268    3293    2096    3312
    3861  5  6     1267    1266      53    3311    3310    2097
    3862  5  6     1265    1263    1189    3309    3307    3233
    3863  5  6     1264    1189    1263    3308    3233    3307
    3864  5  6     1262    1261    1258    3306    3305    3302
    3865  5  6     1260    1259    1258    3304    3303    3302
    3866  5  6     1257    1256    1255    3301    3300    3299
    3867  5  6     1254    1253    1252    3298    3297    3296
    3868  5  6     1251    1163    1164    3295    3207    3208
    3869  5  6     1250    1249    1246    3294    3293    3290
    3870  5  6     1248    1247    1246    3292    3291    3290
    3871  5  6     1241    1207    1205    3285    3251    3249
    3872  5  6       97    1245      98    2141    3289    2142
    3873  5  6     1190    1244    1243    3234    3288    3287
    3874  5  6     1205    1242    1241    3249    3286    3285
    3875  5  6     1240    1239    1237    3284    3283    3281
    3876  5  6     1238    1237    1165    3282    3281    3209
    3877  5  6     1173    1174    1176    3217    3218    3220
    3878  5  6     1176     106     105    3220    2150    2149
    3879  5  6     1236    1172    1170    3280    3216    3214
    3880  5  6     1235    1234    1170    3279    3278    3214
    3881  5  6     1233    1232    1230    3277    3276    3274
    3882  5  6     1231    1230    1229    3275    3274    3273
    3883  5  6     1224    1228    1227    3268    3272    3271
    3884  5  6     1226    1225    1224    3270    3269    3268
    3885  5  6     1180      82      81    3224    2126    2125
    3886  5  6     1223    1180    1222    3267    3224    3266
    3887  5  6     1221    1220    1219    3265    3264    3263
    3888  5  6     1219      74      73    3263    2118    2117
    3889  5  6     1218      66      65    3262    2110    2109
    3890  5  6     1217    1216    1215    3261    3260    3259
    3891  5  6     1214    1213    1212    3258    3257    3256
    3892  5  6     1211     114     113    3255    2158    2157
    3893  5  6     1210    1182    1183    3254    3226    3227
    3894  5  6     1209    1208     100    3253    3252    2144
    3895  5  6     1207    1204    1205    3251    3248    3249
    3896  5  6     1206    1205    1204    3250    3249    3248
    3897  5  6     1201     110     109    3245    2154    2153
    3898  5  6     1203    1202    1201    3247    3246    3245
    3899  5  6     1200      84    1199    3244    2128    3243
    3900  5  6     1198      86      85    3242    2130    2129
    3901  5  6     1197      70      69    3241    2114    2113
    3902  5  6     1196    1195    1194    3240    3239    3238
    3903  5  6     1193    1192    1191    3237    3236    3235
    3904  5  6       93    1191    1190    2137    3235    3234
    3905  5  6     1188      90      89    3232    2134    2133
    3906  5  6     1189    1188    1187    3233    3232    3231
    3907  5  6     1184      50      49    3228    2094    2093
    3908  5  6     1186    1185    1184    3230    3229    3228
    3909  5  6     1175    1181    1182    3219    3225    3226
    3910  5  6     1183    1182    1181    3227    3226    3225
    3911  5  6     1180      81    1177    3224    2125    3221
    3912  5  6     1179    1178    1177    3223    3222    3221
    3913  5  6     1176     105    1173    3220    2149    3217
    3914  5  6     1175    1174    1173    3219    3218    3217
    3915  5  6     1172    1171    1170    3216    3215    3214
    3916  5  6     1169    1168    1167    3213    3212    3211
    3917  5  6     1166    1165    1162    3210    3209    3206
    3918  5  6     1164    1163    1162    3208    3207    3206
    3919  5  6     1161    1160    1159    3205    3204    3203
    3920  5  6     1159    1145    1158    3203    3189    3202
    3921  5  6     1157    1156    1154    3201    3200    3198
    3922  5  6     1153    1155    1154    3197    3199    3198
    3923  5  6     1151    1149    1153    3195    3193    3197
    3924  5  6     1152    1073    1150    3196    3117    3194
    3925  5  6     1151    1150    1149    3195    3194    3193
    3926  5  6     1092    1091    1146    3136    3135    3190
    3927  5  6     1148    1147    1146    3192    3191    3190
    3928  5  6     1102    1145    1103    3146    3189    3147
ENDOFSECTION
ELEMENT GROUP        1.2.1
GROUP:          1 ELEMENTS:       3928 MATERIAL:          0 NFLAGS:          0
vc-2                            
       0
       1       2       3       4       5       6       7       8       9      10
      11      12      13      14      15      16      17      18      19      20
      21      22      23      24      25      26      27      28      29      30
      31      32      33      34      35      36      37      38      39      40
      41      42      43      44      45      46      47      48      49      50
      51      52      53      54      55      56      57      58      59      60
      61      62      63      64      65      66      67      68      69      70
      71      72      73      74      75      76      77      78      79      80
      81      82      83      84      85      86      87      88      89      90
      91      92      93      94      95      96      97      98      99     100
     101     102     103     104     105     106     107     108     109     110
     111     112     113     114     115     116     117     118     119     120
     121     122     123     124     125     126     127     128     129     130
     131     132     133     134     135     136     137     138     139     140
     141     142     143     144     145     146     147     148     149     150
     151     152     153     154     155     156     157     158     159     160
     161     162     163     164     165     166     167     168     169     170
     171     172     173     174     175     176     177     178     179     180
     181     182     183     184     185     186     187     188     189     190
     191     192     193     194     195     196     197     198     199     200
     201     202     203     204     205     206     207     208     209     210
     211     212     213     214     215     216     217     218     219     220
     221     222     223     224     225     226     227     228     229     230
     231     232     233     234     235     236     237     238     239     240
     241     242     243     244     245     246     247     248     249     250
     251     252     253     254     255     256     257     258     259     260
     261     262     263     264     265     266     267     268     269     270
     271     272     273     274     275     276     277     278     279     280
     281     282     283     284     285     286     287     288     289     290
     291     292     293     294     295     296     297     298     299     300
     301     302     303     304     305     306     307     308     309     310
     311     312     313     314     315     316     317     318     319     320
     321     322     323     324     325     326     327     328     329     330
     331     332     333     334     335     336     337     338     339     340
     341     342     343     344     345     346     347     348     349     350
     351     352     353     354     355     356     357     358     359     360
     361     362     363     364     365     366     367     368     369     370
     371     372     373     374     375     376     377     378     379     380
     381     382     383     384     385     386     387     388     389     390
     391     392     393     394     395     396     397     398     399     400
     401     402     403     404     405     406     407     408     409     410
     411     412     413     414     415     416     417     418     419     420
     421     422     423     424     425     426     427     428     429     430
     431     432     433     434     435     436     437     438     439     440
     441     442     443     444     445     446     447     448     449     450
     451     452     453     454     455     456     457     458     459     460
     461     462     463     464     465     466     467     468     469     470
     471     472     473     474     475     476     477     478     479     480
     481     482     483     484     485     486     487     488     489     490
     491     492     493     494     495     496     497     498     499     500
     501     502     503     504     505     506     507     508     509     510
     511     512     513     514     515     516     517     518     519     520
     521     522     523     524     525     526     527     528     529     530
     531     532     533     534     535     536     537     538     539     540
     541     542     543     544     545     546     547     548     549     550
     551     552     553     554     555     556     557     558     559     560
     561     562     563     564     565     566     567     568     569     570
     571     572     573     574     575     576     577     578     579     580
     581     582     583     584     585     586     587     588     589     590
     591     592     593     594     595     596     597     598     599     600
     601     602     603     604     605     606     607     608     609     610
     611     612     613     614     615     616     617     618     619     620
     621     622     623     624     625     626     627     628     629     630
     631     632     633     634     635     636     637     638     639     640
     641     642     643     644     645     646     647     648     649     650
     651     652     653     654     655     656     657     658     659     660
     661     662     663     664     665     666     667     668     669     670
     671     672     673     674     675     676     677     678     679     680
     681     682     683     684     685     686     687     688     689     690
     691     692     693     694     695     696     697     698     699     700
     701     702     703     704     705     706     707     708     709     710
     711     712     713     714     715     716     717     718     719     720
     721     722     723     724     725     726     727     728     729     730
     731     732     733     734     735     736     737     738     739     740
     741     742     743     744     745     746     747     748     749     750
     751     752     753     754     755     756     757     758     759     760
     761     762     763     764     765     766     767     768     769     770
     771     772     773     774     775     776     777     778     779     780
     781     782     783     784     785     786     787     788     789     790
     791     792     793     794     795     796     797     798     799     800
     801     802     803     804     805     806     807     808     809     810
     811     812     813     814     815     816     817     818     819     820
     821     822     823     824     825     826     827     828     829     830
     831     832     833     834     835     836     837     838     839     840
     841     842     843     844     845     846     847     848     849     850
     851     852     853     854     855     856     857     858     859     860
     861     862     863     864     865     866     867     868     869     870
     871     872     873     874     875     876     877     878     879     880
     881     882     883     884     885     886     887     888     889     890
     891     892     893     894     895     896     897     898     899     900
     901     902     903     904     905     906     907     908     909     910
     911     912     913     914     915     916     917     918     919     920
     921     922     923     924     925     926     927     928     929     930
     931     932     933     934     935     936     937     938     939     940
     941     942     943     944     945     946     947     948     949     950
     951     952     953     954     955     956     957     958     959     960
     961     962     963     964     965     966     967     968     969     970
     971     972     973     974     975     976     977     978     979     980
     981     982     983     984     985     986     987     988     989     990
     991     992     993     994     995     996     997     998     999    1000
    1001    1002    1003    1004    1005    1006    1007    1008    1009    1010
    1011    1012    1013    1014    1015    1016    1017    1018    1019    1020
    1021    1022    1023    1024    1025    1026    1027    1028    1029    1030
    1031    1032    1033    1034    1035    1036    1037    1038    1039    1040
    1041    1042    1043    1044    1045    1046    1047    1048    1049    1050
    1051    1052    1053    1054    1055    1056    1057    1058    1059    1060
    1061    1062    1063    1064    1065    1066    1067    1068    1069    1070
    1071    1072    1073    1074    1075    1076    1077    1078    1079    1080
    1081    1082    1083    1084    1085    1086    1087    1088    1089    1090
    1091    1092    1093    1094    1095    1096    1097    1098    1099    1100
    1101    1102    1103    1104    1105    1106    1107    1108    1109    1110
    1111    1112    1113    1114    1115    1116    1117    1118    1119    1120
    1121    1122    1123    1124    1125    1126    1127    1128    1129    1130
    1131    1132    1133    1134    1135    1136    1137    1138    1139    1140
    1141    1142    1143    1144    1145    1146    1147    1148    1149    1150
    1151    1152    1153    1154    1155    1156    1157    1158    1159    1160
    1161    1162    1163    1164    1165    1166    1167    1168    1169    1170
    1171    1172    1173    1174    1175    1176    1177    1178    1179    1180
    1181    1182    1183    1184    1185    1186    1187    1188    1189    1190
    1191    1192    1193    1194    1195    1196    1197    1198    1199    1200
    1201    1202    1203    1204    1205    1206    1207    1208    1209    1210
    1211    1212    1213    1214    1215    1216    1217    1218    1219    1220
    1221    1222    1223    1224    1225    1226    1227    1228    1229    1230
    1231    1232    1233    1234    1235    1236    1237    1238    1239    1240
    1241    1242    1243    1244    1245    1246    1247    1248    1249    1250
    1251    1252    1253    1254    1255    1256    1257    1258    1259    1260
    1261    1262    1263    1264    1265    1266    1267    1268    1269    1270
    1271    1272    1273    1274    1275    1276    1277    1278    1279    1280
    1281    1282    1283    1284    1285    1286    1287    1288    1289    1290
    1291    1292    1293    1294    1295    1296    1297    1298    1299    1300
    1301    1302    1303    1304    1305    1306    1307    1308    1309    1310
    1311    1312    1313    1314    1315    1316    1317    1318    1319    1320
    1321    1322    1323    1324    1325    1326    1327    1328    1329    1330
    1331    1332    1333    1334    1335    1336    1337    1338    1339    1340
    1341    1342    1343    1344    1345    1346    1347    1348    1349    1350
    1351    1352    1353    1354    1355    1356    1357    1358    1359    1360
    1361    1362    1363    1364    1365    1366    1367    1368    1369    1370
    1371    1372    1373    1374    1375    1376    1377    1378    1379    1380
    1381    1382    1383    1384    1385    1386    1387    1388    1389    1390
    1391    1392    1393    1394    1395    1396    1397    1398    1399    1400
    1401    1402    1403    1404    1405    1406    1407    1408    1409    1410
    1411    1412    1413    1414    1415    1416    1417    1418    1419    1420
    1421    1422    1423    1424    1425    1426    1427    1428    1429    1430
    1431    1432    1433    1434    1435    1436    1437    1438    1439    1440
    1441    1442    1443    1444    1445    1446    1447    1448    1449    1450
    1451    1452    1453    1454    1455    1456    1457    1458    1459    1460
    1461    1462    1463    1464    1465    1466    1467    1468    1469    1470
    1471    1472    1473    1474    1475    1476    1477    1478    1479    1480
    1481    1482    1483    1484    1485    1486    1487    1488    1489    1490
    1491    1492    1493    1494    1495    1496    1497    1498    1499    1500
    1501    1502    1503    1504    1505    1506    1507    1508    1509    1510
    1511    1512    1513    1514    1515    1516    1517    1518    1519    1520
    1521    1522    1523    1524    1525    1526    1527    1528    1529    1530
    1531    1532    1533    1534    1535    1536    1537    1538    1539    1540
    1541    1542    1543    1544    1545    1546    1547    1548    1549    1550
    1551    1552    1553    1554    1555    1556    1557    1558    1559    1560
    1561    1562    1563    1564    1565    1566    1567    1568    1569    1570
    1571    1572    1573    1574    1575    1576    1577    1578    1579    1580
    1581    1582    1583    1584    1585    1586    1587    1588    1589    1590
    1591    1592    1593    1594    1595    1596    1597    1598    1599    1600
    1601    1602    1603    1604    1605    1606    1607    1608    1609    1610
    1611    1612    1613    1614    1615    1616    1617    1618    1619    1620
    1621    1622    1623    1624    1625    1626    1627    1628    1629    1630
    1631    1632    1633    1634    1635    1636    1637    1638    1639    1640
    1641    1642    1643    1644    1645    1646    1647    1648    1649    1650
    1651    1652    1653    1654    1655    1656    1657    1658    1659    1660
    1661    1662    1663    1664    1665    1666    1667    1668    1669    1670
    1671    1672    1673    1674    1675    1676    1677    1678    1679    1680
    1681    1682    1683    1684    1685    1686    1687    1688    1689    1690
    1691    1692    1693    1694    1695    1696    1697    1698    1699    1700
    1701    1702    1703    1704    1705    1706    1707    1708    1709    1710
    1711    1712    1713    1714    1715    1716    1717    1718    1719    1720
    1721    1722    1723    1724    1725    1726    1727    1728    1729    1730
    1731    1732    1733    1734    1735    1736    1737    1738    1739    1740
    1741    1742    1743    1744    1745    1746    1747    1748    1749    1750
    1751    1752    1753    1754    1755    1756    1757    1758    1759    1760
    1761    1762    1763    1764    1765    1766    1767    1768    1769    1770
    1771    1772    1773    1774    1775    1776    1777    1778    1779    1780
    1781    1782    1783    1784    1785    1786    1787    1788    1789    1790
    1791    1792    1793    1794    1795    1796    1797    1798    1799    1800
    1801    1802    1803    1804    1805    1806    1807    1808    1809    1810
    1811    1812    1813    1814    1815    1816    1817    1818    1819    1820
    1821    1822    1823    1824    1825    1826    1827    1828    1829    1830
    1831    1832    1833    1834    1835    1836    1837    1838    1839    1840
    1841    1842    1843    1844    1845    1846    1847    1848    1849    1850
    1851    1852    1853    1854    1855    1856    1857    1858    1859    1860
    1861    1862    1863    1864    1865    1866    1867    1868    1869    1870
    1871    1872    1873    1874    1875    1876    1877    1878    1879    1880
    1881    1882    1883    1884    1885    1886    1887    1888    1889    1890
    1891    1892    1893    1894    1895    1896    1897    1898    1899    1900
    1901    1902    1903    1904    1905    1906    1907    1908    1909    1910
    1911    1912    1913    1914    1915    1916    1917    1918    1919    1920
    1921    1922    1923    1924    1925    1926    1927    1928    1929    1930
    1931    1932    1933    1934    1935    1936    1937    1938    1939    1940
    1941    1942    1943    1944    1945    1946    1947    1948    1949    1950
    1951    1952    1953    1954    1955    1956    1957    1958    1959    1960
    1961    1962    1963    1964    1965    1966    1967    1968    1969    1970
    1971    1972    1973    1974    1975    1976    1977    1978    1979    1980
    1981    1982    1983    1984    1985    1986    1987    1988    1989    1990
    1991    1992    1993    1994    1995    1996    1997    1998    1999    2000
    2001    2002    2003    2004    2005    2006    2007    2008    2009    2010
    2011    2012    2013    2014    2015    2016    2017    2018    2019    2020
    2021    2022    2023    2024    2025    2026    2027    2028    2029    2030
    2031    2032    2033    2034    2035    2036    2037    2038    2039    2040
    2041    2042    2043    2044    2045    2046    2047    2048    2049    2050
    2051    2052    2053    2054    2055    2056    2057    2058    2059    2060
    2061    2062    2063    2064    2065    2066    2067    2068    2069    2070
    2071    2072    2073    2074    2075    2076    2077    2078    2079    2080
    2081    2082    2083    2084    2085    2086    2087    2088    2089    2090
    2091    2092    2093    2094    2095    2096    2097    2098    2099    2100
    2101    2102    2103    2104    2105    2106    2107    2108    2109    2110
    2111    2112    2113    2114    2115    2116    2117    2118    2119    2120
    2121    2122    2123    2124    2125    2126    2127    2128    2129    2130
    2131    2132    2133    2134    2135    2136    2137    2138    2139    2140
    2141    2142    2143    2144    2145    2146    2147    2148    2149    2150
    2151    2152    2153    2154    2155    2156    2157    2158    2159    2160
    2161    2162    2163    2164    2165    2166    2167    2168    2169    2170
    2171    2172    2173    2174    2175    2176    2177    2178    2179    2180
    2181    2182    2183    2184    2185    2186    2187    2188    2189    2190
    2191    2192    2193    2194    2195    2196    2197    2198    2199    2200
    2201    2202    2203    2204    2205    2206    2207    2208    2209    2210
    2211    2212    2213    2214    2215    2216    2217    2218    2219    2220
    2221    2222    2223    2224    2225    2226    2227    2228    2229    2230
    2231    2232    2233    2234    2235    2236    2237    2238    2239    2240
    2241    2242    2243    2244    2245    2246    2247    2248    2249    2250
    2251    2252    2253    2254    2255    2256    2257    2258    2259    2260
    2261    2262    2263    2264    2265    2266    2267    2268    2269    2270
    2271    2272    2273    2274    2275    2276    2277    2278    2279    2280
    2281    2282    2283    2284    2285    2286    2287    2288    2289    2290
    2291    2292    2293    2294    2295    2296    2297    2298    2299    2300
    2301    2302    2303    2304    2305    2306    2307    2308    2309    2310
    2311    2312    2313    2314    2315    2316    2317    2318    2319    2320
    2321    2322    2323    2324    2325    2326    2327    2328    2329    2330
    2331    2332    2333    2334    2335    2336    2337    2338    2339    2340
    2341    2342    2343    2344    2345    2346    2347    2348    2349    2350
    2351    2352    2353    2354    2355    2356    2357    2358    2359    2360
    2361    2362    2363    2364    2365    2366    2367    2368    2369    2370
    2371    2372    2373    2374    2375    2376    2377    2378    2379    2380
    2381    2382    2383    2384    2385    2386    2387    2388    2389    2390
    2391    2392    2393    2394    2395    2396    2397    2398    2399    2400
    2401    2402    2403    2404    2405    2406    2407    2408    2409    2410
    2411    2412    2413    2414    2415    2416    2417    2418    2419    2420
    2421    2422    2423    2424    2425    2426    2427    2428    2429    2430
    2431    2432    2433    2434    2435    2436    2437    2438    2439    2440
    2441    2442    2443    2444    2445    2446    2447    2448    2449    2450
    2451    2452    2453    2454    2455    2456    2457    2458    2459    2460
    2461    2462    2463    2464    2465    2466    2467    2468    2469    2470
    2471    2472    2473    2474    2475    2476    2477    2478    2479    2480
    2481    2482    2483    2484    2485    2486    2487    2488    2489    2490
    2491    2492    2493    2494    2495    2496    2497    2498    2499    2500
    2501    2502    2503    2504    2505    2506    2507    2508    2509    2510
    2511    2512    2513    2514    2515    2516    2517    2518    2519    2520
    2521    2522    2523    2524    2525    2526    2527    2528    2529    2530
    2531    2532    2533    2534    2535    2536    2537    2538    2539    2540
    2541    2542    2543    2544    2545    2546    2547    2548    2549    2550
    2551    2552    2553    2554    2555    2556    2557    2558    2559    2560
    2561    2562    2563    2564    2565    2566    2567    2568    2569    2570
    2571    2572    2573    2574    2575    2576    2577    2578    2579    2580
    2581    2582    2583    2584    2585    2586    2587    2588    2589    2590
    2591    2592    2593    2594    2595    2596    2597    2598    2599    2600
    2601    2602    2603    2604    2605    2606    2607    2608    2609    2610
    2611    2612    2613    2614    2615    2616    2617    2618    2619    2620
    2621    2622    2623    2624    2625    2626    2627    2628    2629    2630
    2631    2632    2633    2634    2635    2636    2637    2638    2639    2640
    2641    2642    2643    2644    2645    2646    2647    2648    2649    2650
    2651    2652    2653    2654    2655    2656    2657    2658    2659    2660
    2661    2662    2663    2664    2665    2666    2667    2668    2669    2670
    2671    2672    2673    2674    2675    2676    2677    2678    2679    2680
    2681    2682    2683    2684    2685    2686    2687    2688    2689    2690
    2691    2692    2693    2694    2695    2696    2697    2698    2699    2700
    2701    2702    2703    2704    2705    2706    2707    2708    2709    2710
    2711    2712    2713    2714    2715    2716    2717    2718    2719    2720
    2721    2722    2723    2724    2725    2726    2727    2728    2729    2730
    2731    2732    2733    2734    2735    2736    2737    2738    2739    2740
    2741    2742    2743    2744    2745    2746    2747    2748    2749    2750
    2751    2752    2753    2754    2755    2756    2757    2758    2759    2760
    2761    2762    2763    2764    2765    2766    2767    2768    2769    2770
    2771    2772    2773    2774    2775    2776    2777    2778    2779    2780
    2781    2782    2783    2784    2785    2786    2787    2788    2789    2790
    2791    2792    2793    2794    2795    2796    2797    2798    2799    2800
    2801    2802    2803    2804    2805    2806    2807    2808    2809    2810
    2811    2812    2813    2814    2815    2816    2817    2818    2819    2820
    2821    2822    2823    2824    2825    2826    2827    2828    2829    2830
    2831    2832    2833    2834    2835    2836    2837    2838    2839    2840
    2841    2842    2843    2844    2845    2846    2847    2848    2849    2850
    2851    2852    2853    2854    2855    2856    2857    2858    2859    2860
    2861    2862    2863    2864    2865    2866    2867    2868    2869    2870
    2871    2872    2873    2874    2875    2876    2877    2878    2879    2880
    2881    2882    2883    2884    2885    2886    2887    2888    2889    2890
    2891    2892    2893    2894    2895    2896    2897    2898    2899    2900
    2901    2902    2903    2904    2905    2906    2907    2908    2909    2910
    2911    2912    2913    2914    2915    2916    2917    2918    2919    2920
    2921    2922    2923    2924    2925    2926    2927    2928    2929    2930
    2931    2932    2933    2934    2935    2936    2937    2938    2939    2940
    2941    2942    2943    2944    2945    2946    2947    2948    2949    2950
    2951    2952    2953    2954    2955    2956    2957    2958    2959    2960
    2961    2962    2963    2964    2965    2966    2967    2968    2969    2970
    2971    2972    2973    2974    2975    2976    2977    2978    2979    2980
    2981    2982    2983    2984    2985    2986    2987    2988    2989    2990
    2991    2992    2993    2994    2995    2996    2997    2998    2999    3000
    3001    3002    3003    3004    3005    3006    3007    3008    3009    3010
    3011    3012    3013    3014    3015    3016    3017    3018    3019    3020
    3021    3022    3023    3024    3025    3026    3027    3028    3029    3030
    3031    3032    3033    3034    3035    3036    3037    3038    3039    3040
    3041    3042    3043    3044    3045    3046    3047    3048    3049    3050
    3051    3052    3053    3054    3055    3056    3057    3058    3059    3060
    3061    3062    3063    3064    3065    3066    3067    3068    3069    3070
    3071    3072    3073    3074    3075    3076    3077    3078    3079    3080
    3081    3082    3083    3084    3085    3086    3087    3088    3089    3090
    3091    3092    3093    3094    3095    3096    3097    3098    3099    3100
    3101    3102    3103    3104    3105    3106    3107    3108    3109    3110
    3111    3112    3113    3114    3115    3116    3117    3118    3119    3120
    3121    3122    3123    3124    3125    3126    3127    3128    3129    3130
    3131    3132    3133    3134    3135    3136    3137    3138    3139    3140
    3141    3142    3143    3144    3145    3146    3147    3148    3149    3150
    3151    3152    3153    3154    3155    3156    3157    3158    3159    3160
    3161    3162    3163    3164    3165    3166    3167    3168    3169    3170
    3171    3172    3173    3174    3175    3176    3177    3178    3179    3180
    3181    3182    3183    3184    3185    3186    3187    3188    3189    3190
    3191    3192    3193    3194    3195    3196    3197    3198    3199    3200
    3201    3202    3203    3204    3205    3206    3207    3208    3209    3210
    3211    3212    3213    3214    3215    3216    3217    3218    3219    3220
    3221    3222    3223    3224    3225    3226    3227    3228    3229    3230
    3231    3232    3233    3234    3235    3236    3237    3238    3239    3240
    3241    3242    3243    3244    3245    3246    3247    3248    3249    3250
    3251    3252    3253    3254    3255    3256    3257    3258    3259    3260
    3261    3262    3263    3264    3265    3266    3267    3268    3269    3270
    3271    3272    3273    3274    3275    3276    3277    3278    3279    3280
    3281    3282    3283    3284    3285    3286    3287    3288    3289    3290
    3291    3292    3293    3294    3295    3296    3297    3298    3299    3300
    3301    3302    3303    3304    3305    3306    3307    3308    3309    3310
    3311    3312    3313    3314    3315    3316    3317    3318    3319    3320
    3321    3322    3323    3324    3325    3326    3327    3328    3329    3330
    3331    3332    3333    3334    3335    3336    3337    3338    3339    3340
    3341    3342    3343    3344    3345    3346    3347    3348    3349    3350
    3351    3352    3353    3354    3355    3356    3357    3358    3359    3360
    3361    3362    3363    3364    3365    3366    3367    3368    3369    3370
    3371    3372    3373    3374    3375    3376    3377    3378    3379    3380
    3381    3382    3383    3384    3385    3386    3387    3388    3389    3390
    3391    3392    3393    3394    3395    3396    3397    3398    3399    3400
    3401    3402    3403    3404    3405    3406    3407    3408    3409    3410
    3411    3412    3413    3414    3415    3416    3417    3418    3419    3420
    3421    3422    3423    3424    3425    3426    3427    3428    3429    3430
    3431    3432    3433    3434    3435    3436    3437    3438    3439    3440
    3441    3442    3443    3444    3445    3446    3447    3448    3449    3450
    3451    3452    3453    3454    3455    3456    3457    3458    3459    3460
    3461    3462    3463    3464    3465    3466    3467    3468    3469    3470
    3471    3472    3473    3474    3475    3476    3477    3478    3479    3480
    3481    3482    3483    3484    3485    3486    3487    3488    3489    3490
    3491    3492    3493    3494    3495    3496    3497    3498    3499    3500
    3501    3502    3503    3504    3505    3506    3507    3508    3509    3510
    3511    3512    3513    3514    3515    3516    3517    3518    3519    3520
    3521    3522    3523    3524    3525    3526    3527    3528    3529    3530
    3531    3532    3533    3534    3535    3536    3537    3538    3539    3540
    3541    3542    3543    3544    3545    3546    3547    3548    3549    3550
    3551    3552    3553    3554    3555    3556    3557    3558    3559    3560
    3561    3562    3563    3564    3565    3566    3567    3568    3569    3570
    3571    3572    3573    3574    3575    3576    3577    3578    3579    3580
    3581    3582    3583    3584    3585    3586    3587    3588    3589    3590
    3591    3592    3593    3594    3595    3596    3597    3598    3599    3600
    3601    3602    3603    3604    3605    3606    3607    3608    3609    3610
    3611    3612    3613    3614    3615    3616    3617    3618    3619    3620
    3621    3622    3623    3624    3625    3626    3627    3628    3629    3630
    3631    3632    3633    3634    3635    3636    3637    3638    3639    3640
    3641    3642    3643    3644    3645    3646    3647    3648    3649    3650
    3651    3652    3653    3654    3655    3656    3657    3658    3659    3660
    3661    3662    3663    3664    3665    3666    3667    3668    3669    3670
    3671    3672    3673    3674    3675    3676    3677    3678    3679    3680
    3681    3682    3683    3684    3685    3686    3687    3688    3689    3690
    3691    3692    3693    3694    3695    3696    3697    3698    3699    3700
    3701    3702    3703    3704    3705    3706    3707    3708    3709    3710
    3711    3712    3713    3714    3715    3716    3717    3718    3719    3720
    3721    3722    3723    3724    3725    3726    3727    3728    3729    3730
    3731    3732    3733    3734    3735    3736    3737    3738    3739    3740
    3741    3742    3743    3744    3745    3746    3747    3748    3749    3750
    3751    3752    3753    3754    3755    3756    3757    3758    3759    3760
    3761    3762    3763    3764    3765    3766    3767    3768    3769    3770
    3771    3772    3773    3774    3775    3776    3777    3778    3779    3780
    3781    3782    3783    3784    3785    3786    3787    3788    3789    3790
    3791    3792    3793    3794    3795    3796    3797    3798    3799    3800
    3801    3802    3803    3804    3805    3806    3807    3808    3809    3810
    3811    3812    3813    3814    3815    3816    3817    3818    3819    3820
    3821    3822    3823    3824    3825    3826    3827    3828    3829    3830
    3831    3832    3833    3834    3835    3836    3837    3838    3839    3840
    3841    3842    3843    3844    3845    3846    3847    3848    3849    3850
    3851    3852    3853    3854    3855    3856    3857    3858    3859    3860
    3861    3862    3863    3864    3865    3866    3867    3868    3869    3870
    3871    3872    3873    3874    3875    3876    3877    3878    3879    3880
    3881    3882    3883    3884    3885    3886    3887    3888    3889    3890
    3891    3892    3893    3894    3895    3896    3897    3898    3899    3900
    3901    3902    3903    3904    3905    3906    3907    3908    3909    3910
    3911    3912    3913    3914    3915    3916    3917    3918    3919    3920
    3921    3922    3923    3924    3925    3926    3927    3928
ENDOFSECTION
BOUNDARY CONDITIONS  1.2.1
bc-2                                   1    7856       0      45
         1    5    4
         2    5    4
         3    5    4
         4    5    4
         5    5    4
         6    5    4
         7    5    4
         8    5    4
         9    5    4
        10    5    4
        11    5    4
        12    5    4
        13    5    4
        14    5    4
        15    5    4
        16    5    4
        17    5    4
        18    5    4
        19    5    4
        20    5    4
        21    5    4
        22    5    4
        23    5    4
        24    5    4
        25    5    4
        26    5    4
        27    5    4
        28    5    4
        29    5    4
        30    5    4
        31    5    4
        32    5    4
        33    5    4
        34    5    4
        35    5    4
        36    5    4
        37    5    4
        38    5    4
        39    5    4
        40    5    4
        41    5    4
        42    5    4
        43    5    4
        44    5    4
        45    5    4
        46    5    4
        47    5    4
        48    5    4
        49    5    4
        50    5    4
        51    5    4
        52    5    4
        53    5    4
        54    5    4
        55    5    4
        56    5    4
        57    5    4
        58    5    4
        59    5    4
        60    5    4
        61    5    4
        62    5    4
        63    5    4
        64    5    4
        65    5    4
        66    5    4
        67    5    4
        68    5    4
        69    5    4
        70    5    4
        71    5    4
        72    5    4
        73    5    4
        74    5    4
        75    5    4
        76    5    4
        77    5    4
        78    5    4
        79    5    4
        80    5    4
        81    5    4
        82    5    4
        83    5    4
        84    5    4
        85    5    4
        86    5    4
        87    5    4
        88    5    4
        89    5    4
        90    5    4
        91    5    4
        92    5    4
        93    5    4
        94    5    4
        95    5    4
        96    5    4
        97    5    4
        98    5    4
        99    5    4
       100    5    4
       101    5    4
       102    5    4
       103    5    4
       104    5    4
       105    5    4
       106    5    4
       107    5    4
       108    5    4
       109    5    4
       110    5    4
       111    5    4
       112    5    4
       113    5    4
       114    5    4
       115    5    4
       116    5    4
       117    5    4
       118    5    4
       119    5    4
       120    5    4
       121    5    4
       122    5    4
       123    5    4
       124    5    4
       125    5    4
       126    5    4
       127    5    4
       128    5    4
       129    5    4
       130    5    4
       131    5    4
       132    5    4
       133    5    4
       134    5    4
       135    5    4
       136    5    4
       137    5    4
       138    5    4
       139    5    4
       140    5    4
       141    5    4
       142    5    4
       143    5    4
       144    5    4
       145    5    4
       146    5    4
       147    5    4
       148    5    4
       149    5    4
       150    5    4
       151    5    4
       152    5    4
       153    5    4
       154    5    4
       155    5    4
       156    5    4
       157    5    4
       158    5    4
       159    5    4
       160    5    4
       161    5    4
       162    5    4
       163    5    4
       164    5    4
       165    5    4
       166    5    4
       167    5    4
       168    5    4
       169    5    4
       170    5    4
       171    5    4
       172    5    4
       173    5    4
       174    5    4
       175    5    4
       176    5    4
       177    5    4
       178    5    4
       179    5    4
       180    5    4
       181    5    4
       182    5    4
       183    5    4
       184    5    4
       185    5    4
       186    5    4
       187    5    4
       188    5    4
       189    5    4
       190    5    4
       191    5    4
       192    5    4
       193    5    4
       194    5    4
       195    5    4
       196    5    4
       197    5    4
       198    5    4
       199    5    4
       200    5    4
       201    5    4
       202    5    4
       203    5    4
       204    5    4
       205    5    4
       206    5    4
       207    5    4
       208    5    4
       209    5    4
       210    5    4
       211    5    4
       212    5    4
       213    5    4
       214    5    4
       215    5    4
       216    5    4
       217    5    4
       218    5    4
       219    5    4
       220    5    4
       221    5    4
       222    5    4
       223    5    4
       224    5    4
       225    5    4
       226    5    4
       227    5    4
       228    5    4
       229    5    4
       230    5    4
       231    5    4
       232    5    4
       233    5    4
       234    5    4
       235    5    4
       236    5    4
       237    5    4
       238    5    4
       239    5    4
       240    5    4
       241    5    4
       242    5    4
       243    5    4
       244    5    4
       245    5    4
       246    5    4
       247    5    4
       248    5    4
       249    5    4
       250    5    4
       251    5    4
       252    5    4
       253    5    4
       254    5    4
       255    5    4
       256    5    4
       257    5    4
       258    5    4
       259    5    4
       260    5    4
       261    5    4
       262    5    4
       263    5    4
       264    5    4
       265    5    4
       266    5    4
       267    5    4
       268    5    4
       269    5    4
       270    5    4
       271    5    4
       272    5    4
       273    5    4
       274    5    4
       275    5    4
       276    5    4
       277    5    4
       278    5    4
       279    5    4
       280    5    4
       281    5    4
       282    5    4
       283    5    4
       284    5    4
       285    5    4
       286    5    4
       287    5    4
       288    5    4
       289    5    4
       290    5    4
       291    5    4
       292    5    4
       293    5    4
       294    5    4
       295    5    4
       296    5    4
       297    5    4
       298    5    4
       299    5    4
       300    5    4
       301    5    4
       302    5    4
       303    5    4
       304    5    4
       305    5    4
       306    5    4
       307    5    4
       308    5    4
       309    5    4
       310    5    4
       311    5    4
       312    5    4
       313    5    4
       314    5    4
       315    5    4
       316    5    4
       317    5    4
       318    5    4
       319    5    4
       320    5    4
       321    5    4
       322    5    4
       323    5    4
       324    5    4
       325    5    4
       326    5    4
       327    5    4
       328    5    4
       329    5    4
       330    5    4
       331    5    4
       332    5    4
       333    5    4
       334    5    4
       335    5    4
       336    5    4
       337    5    4
       338    5    4
       339    5    4
       340    5    4
       341    5    4
       342    5    4
       343    5    4
       344    5    4
       345    5    4
       346    5    4
       347    5    4
       348    5    4
       349    5    4
       350    5    4
       351    5    4
       352    5    4
       353    5    4
       354    5    4
       355    5    4
       356    5    4
       357    5    4
       358    5    4
       359    5    4
       360    5    4
       361    5    4
       362    5    4
       363    5    4
       364    5    4
       365    5    4
       366    5    4
       367    5    4
       368    5    4
       369    5    4
       370    5    4
       371    5    4
       372    5    4
       373    5    4
       374    5    4
       375    5    4
       376    5    4
       377    5    4
       378    5    4
       379    5    4
       380    5    4
       381    5    4
       382    5    4
       383    5    4
       384    5    4
       385    5    4
       386    5    4
       387    5    4
       388    5    4
       389    5    4
       390    5    4
       391    5    4
       392    5    4
       393    5    4
       394    5    4
       395    5    4
       396    5    4
       397    5    4
       398    5    4
       399    5    4
       400    5    4
       401    5    4
       402    5    4
       403    5    4
       404    5    4
       405    5    4
       406    5    4
       407    5    4
       408    5    4
       409    5    4
       410    5    4
       411    5    4
       412    5    4
       413    5    4
       414    5    4
       415    5    4
       416    5    4
       417    5    4
       418    5    4
       419    5    4
       420    5    4
       421    5    4
       422    5    4
       423    5    4
       424    5    4
       425    5    4
       426    5    4
       427    5    4
       428    5    4
       429    5    4
       430    5    4
       431    5    4
       432    5    4
       433    5    4
       434    5    4
       435    5    4
       436    5    4
       437    5    4
       438    5    4
       439    5    4
       440    5    4
       441    5    4
       442    5    4
       443    5    4
       444    5    4
       445    5    4
       446    5    4
       447    5    4
       448    5    4
       449    5    4
       450    5    4
       451    5    4
       452    5    4
       453    5    4
       454    5    4
       455    5    4
       456    5    4
       457    5    4
       458    5    4
       459    5    4
       460    5    4
       461    5    4
       462    5    4
       463    5    4
       464    5    4
       465    5    4
       466    5    4
       467    5    4
       468    5    4
       469    5    4
       470    5    4
       471    5    4
       472    5    4
       473    5    4
       474    5    4
       475    5    4
       476    5    4
       477    5    4
       478    5    4
       479    5    4
       480    5    4
       481    5    4
       482    5    4
       483    5    4
       484    5    4
       485    5    4
       486    5    4
       487    5    4
       488    5    4
       489    5    4
       490    5    4
       491    5    4
       492    5    4
       493    5    4
       494    5    4
       495    5    4
       496    5    4
       497    5    4
       498    5    4
       499    5    4
       500    5    4
       501    5    4
       502    5    4
       503    5    4
       504    5    4
       505    5    4
       506    5    4
       507    5    4
       508    5    4
       509    5    4
       510    5    4
       511    5    4
       512    5    4
       513    5    4
       514    5    4
       515    5    4
       516    5    4
       517    5    4
       518    5    4
       519    5    4
       520    5    4
       521    5    4
       522    5    4
       523    5    4
       524    5    4
       525    5    4
       526    5    4
       527    5    4
       528    5    4
       529    5    4
       530    5    4
       531    5    4
       532    5    4
       533    5    4
       534    5    4
       535    5    4
       536    5    4
       537    5    4
       538    5    4
       539    5    4
       540    5    4
       541    5    4
       542    5    4
       543    5    4
       544    5    4
       545    5    4
       546    5    4
       547    5    4
       548    5    4
       549    5    4
       550    5    4
       551    5    4
       552    5    4
       553    5    4
       554    5    4
       555    5    4
       556    5    4
       557    5    4
       558    5    4
       559    5    4
       560    5    4
       561    5    4
       562    5    4
       563    5    4
       564    5    4
       565    5    4
       566    5    4
       567    5    4
       568    5    4
       569    5    4
       570    5    4
       571    5    4
       572    5    4
       573    5    4
       574    5    4
       575    5    4
       576    5    4
       577    5    4
       578    5    4
       579    5    4
       580    5    4
       581    5    4
       582    5    4
       583    5    4
       584    5    4
       585    5    4
       586    5    4
       587    5    4
       588    5    4
       589    5    4
       590    5    4
       591    5    4
       592    5    4
       593    5    4
       594    5    4
       595    5    4
       596    5    4
       597    5    4
       598    5    4
       599    5    4
       600    5    4
       601    5    4
       602    5    4
       603    5    4
       604    5    4
       605    5    4
       606    5    4
       607    5    4
       608    5    4
       609    5    4
       610    5    4
       611    5    4
       612    5    4
       613    5    4
       614    5    4
       615    5    4
       616    5    4
       617    5    4
       618    5    4
       619    5    4
       620    5    4
       621    5    4
       622    5    4
       623    5    4
       624    5    4
       625    5    4
       626    5    4
       627    5    4
       628    5    4
       629    5    4
       630    5    4
       631    5    4
       632    5    4
       633    5    4
       634    5    4
       635    5    4
       636    5    4
       637    5    4
       638    5    4
       639    5    4
       640    5    4
       641    5    4
       642    5    4
       643    5    4
       644    5    4
       645    5    4
       646    5    4
       647    5    4
       648    5    4
       649    5    4
       650    5    4
       651    5    4
       652    5    4
       653    5    4
       654    5    4
       655    5    4
       656    5    4
       657    5    4
       658    5    4
       659    5    4
       660    5    4
       661    5    4
       662    5    4
       663    5    4
       664    5    4
       665    5    4
       666    5    4
       667    5    4
       668    5    4
       669    5    4
       670    5    4
       671    5    4
       672    5    4
       673    5    4
       674    5    4
       675    5    4
       676    5    4
       677    5    4
       678    5    4
       679    5    4
       680    5    4
       681    5    4
       682    5    4
       683    5    4
       684    5    4
       685    5    4
       686    5    4
       687    5    4
       688    5    4
       689    5    4
       690    5    4
       691    5    4
       692    5    4
       693    5    4
       694    5    4
       695    5    4
       696    5    4
       697    5    4
       698    5    4
       699    5    4
       700    5    4
       701    5    4
       702    5    4
       703    5    4
       704    5    4
       705    5    4
       706    5    4
       707    5    4
       708    5    4
       709    5    4
       710    5    4
       711    5    4
       712    5    4
       713    5    4
       714    5    4
       715    5    4
       716    5    4
       717    5    4
       718    5    4
       719    5    4
       720    5    4
       721    5    4
       722    5    4
       723    5    4
       724    5    4
       725    5    4
       726    5    4
       727    5    4
       728    5    4
       729    5    4
       730    5    4
       731    5    4
       732    5    4
       733    5    4
       734    5    4
       735    5    4
       736    5    4
       737    5    4
       738    5    4
       739    5    4
       740    5    4
       741    5    4
       742    5    4
       743    5    4
       744    5    4
       745    5    4
       746    5    4
       747    5    4
       748    5    4
       749    5    4
       750    5    4
       751    5    4
       752    5    4
       753    5    4
       754    5    4
       755    5    4
       756    5    4
       757    5    4
       758    5    4
       759    5    4
       760    5    4
       761    5    4
       762    5    4
       763    5    4
       764    5    4
       765    5    4
       766    5    4
       767    5    4
       768    5    4
       769    5    4
       770    5    4
       771    5    4
       772    5    4
       773    5    4
       774    5    4
       775    5    4
       776    5    4
       777    5    4
       778    5    4
       779    5    4
       780    5    4
       781    5    4
       782    5    4
       783    5    4
       784    5    4
       785    5    4
       786    5    4
       787    5    4
       788    5    4
       789    5    4
       790    5    4
       791    5    4
       792    5    4
       793    5    4
       794    5    4
       795    5    4
       796    5    4
       797    5    4
       798    5    4
       799    5    4
       800    5    4
       801    5    4
       802    5    4
       803    5    4
       804    5    4
       805    5    4
       806    5    4
       807    5    4
       808    5    4
       809    5    4
       810    5    4
       811    5    4
       812    5    4
       813    5    4
       814    5    4
       815    5    4
       816    5    4
       817    5    4
       818    5    4
       819    5    4
       820    5    4
       821    5    4
       822    5    4
       823    5    4
       824    5    4
       825    5    4
       826    5    4
       827    5    4
       828    5    4
       829    5    4
       830    5    4
       831    5    4
       832    5    4
       833    5    4
       834    5    4
       835    5    4
       836    5    4
       837    5    4
       838    5    4
       839    5    4
       840    5    4
       841    5    4
       842    5    4
       843    5    4
       844    5    4
       845    5    4
       846    5    4
       847    5    4
       848    5    4
       849    5    4
       850    5    4
       851    5    4
       852    5    4
       853    5    4
       854    5    4
       855    5    4
       856    5    4
       857    5    4
       858    5    4
       859    5    4
       860    5    4
       861    5    4
       862    5    4
       863    5    4
       864    5    4
       865    5    4
       866    5    4
       867    5    4
       868    5    4
       869    5    4
       870    5    4
       871    5    4
       872    5    4
       873    5    4
       874    5    4
       875    5    4
       876    5    4
       877    5    4
       878    5    4
       879    5    4
       880    5    4
       881    5    4
       882    5    4
       883    5    4
       884    5    4
       885    5    4
       886    5    4
       887    5    4
       888    5    4
       889    5    4
       890    5    4
       891    5    4
       892    5    4
       893    5    4
       894    5    4
       895    5    4
       896    5    4
       897    5    4
       898    5    4
       899    5    4
       900    5    4
       901    5    4
       902    5    4
       903    5    4
       904    5    4
       905    5    4
       906    5    4
       907    5    4
       908    5    4
       909    5    4
       910    5    4
       911    5    4
       912    5    4
       913    5    4
       914    5    4
       915    5    4
       916    5    4
       917    5    4
       918    5    4
       919    5    4
       920    5    4
       921    5    4
       922    5    4
       923    5    4
       924    5    4
       925    5    4
       926    5    4
       927    5    4
       928    5    4
       929    5    4
       930    5    4
       931    5    4
       932    5    4
       933    5    4
       934    5    4
       935    5    4
       936    5    4
       937    5    4
       938    5    4
       939    5    4
       940    5    4
       941    5    4
       942    5    4
       943    5    4
       944    5    4
       945    5    4
       946    5    4
       947    5    4
       948    5    4
       949    5    4
       950    5    4
       951    5    4
       952    5    4
       953    5    4
       954    5    4
       955    5    4
       956    5    4
       957    5    4
       958    5    4
       959    5    4
       960    5    4
       961    5    4
       962    5    4
       963    5    4
       964    5    4
       965    5    4
       966    5    4
       967    5    4
       968    5    4
       969    5    4
       970    5    4
       971    5    4
       972    5    4
       973    5    4
       974    5    4
       975    5    4
       976    5    4
       977    5    4
       978    5    4
       979    5    4
       980    5    4
       981    5    4
       982    5    4
       983    5    4
       984    5    4
       985    5    4
       986    5    4
       987    5    4
       988    5    4
       989    5    4
       990    5    4
       991    5    4
       992    5    4
       993    5    4
       994    5    4
       995    5    4
       996    5    4
       997    5    4
       998    5    4
       999    5    4
      1000    5    4
      1001    5    4
      1002    5    4
      1003    5    4
      1004    5    4
      1005    5    4
      1006    5    4
      1007    5    4
      1008    5    4
      1009    5    4
      1010    5    4
      1011    5    4
      1012    5    4
      1013    5    4
      1014    5    4
      1015    5    4
      1016    5    4
      1017    5    4
      1018    5    4
      1019    5    4
      1020    5    4
      1021    5    4
      1022    5    4
      1023    5    4
      1024    5    4
      1025    5    4
      1026    5    4
      1027    5    4
      1028    5    4
      1029    5    4
      1030    5    4
      1031    5    4
      1032    5    4
      1033    5    4
      1034    5    4
      1035    5    4
      1036    5    4
      1037    5    4
      1038    5    4
      1039    5    4
      1040    5    4
      1041    5    4
      1042    5    4
      1043    5    4
      1044    5    4
      1045    5    4
      1046    5    4
      1047    5    4
      1048    5    4
      1049    5    4
      1050    5    4
      1051    5    4
      1052    5    4
      1053    5    4
      1054    5    4
      1055    5    4
      1056    5    4
      1057    5    4
      1058    5    4
      1059    5    4
      1060    5    4
      1061    5    4
      1062    5    4
      1063    5    4
      1064    5    4
      1065    5    4
      1066    5    4
      1067    5    4
      1068    5    4
      1069    5    4
      1070    5    4
      1071    5    4
      1072    5    4
      1073    5    4
      1074    5    4
      1075    5    4
      1076    5    4
      1077    5    4
      1078    5    4
      1079    5    4
      1080    5    4
      1081    5    4
      1082    5    4
      1083    5    4
      1084    5    4
      1085    5    4
      1086    5    4
      1087    5    4
      1088    5    4
      1089    5    4
      1090    5    4
      1091    5    4
      1092    5    4
      1093    5    4
      1094    5    4
      1095    5    4
      1096    5    4
      1097    5    4
      1098    5    4
      1099    5    4
      1100    5    4
      1101    5    4
      1102    5    4
      1103    5    4
      1104    5    4
      1105    5    4
      1106    5    4
      1107    5    4
      1108    5    4
      1109    5    4
      1110    5    4
      1111    5    4
      1112    5    4
      1113    5    4
      1114    5    4
      1115    5    4
      1116    5    4
      1117    5    4
      1118    5    4
      1119    5    4
      1120    5    4
      1121    5    4
      1122    5    4
      1123    5    4
      1124    5    4
      1125    5    4
      1126    5    4
      1127    5    4
      1128    5    4
      1129    5    4
      1130    5    4
      1131    5    4
      1132    5    4
      1133    5    4
      1134    5    4
      1135    5    4
      1136    5    4
      1137    5    4
      1138    5    4
      1139    5    4
      1140    5    4
      1141    5    4
      1142    5    4
      1143    5    4
      1144    5    4
      1145    5    4
      1146    5    4
      1147    5    4
      1148    5    4
      1149    5    4
      1150    5    4
      1151    5    4
      1152    5    4
      1153    5    4
      1154    5    4
      1155    5    4
      1156    5    4
      1157    5    4
      1158    5    4
      1159    5    4
      1160    5    4
      1161    5    4
      1162    5    4
      1163    5    4
      1164    5    4
      1165    5    4
      1166    5    4
      1167    5    4
      1168    5    4
      1169    5    4
      1170    5    4
      1171    5    4
      1172    5    4
      1173    5    4
      1174    5    4
      1175    5    4
      1176    5    4
      1177    5    4
      1178    5    4
      1179    5    4
      1180    5    4
      1181    5    4
      1182    5    4
      1183    5    4
      1184    5    4
      1185    5    4
      1186    5    4
      1187    5    4
      1188    5    4
      1189    5    4
      1190    5    4
      1191    5    4
      1192    5    4
      1193    5    4
      1194    5    4
      1195    5    4
      1196    5    4
      1197    5    4
      1198    5    4
      1199    5    4
      1200    5    4
      1201    5    4
      1202    5    4
      1203    5    4
      1204    5    4
      1205    5    4
      1206    5    4
      1207    5    4
      1208    5    4
      1209    5    4
      1210    5    4
      1211    5    4
      1212    5    4
      1213    5    4
      1214    5    4
      1215    5    4
      1216    5    4
      1217    5    4
      1218    5    4
      1219    5    4
      1220    5    4
      1221    5    4
      1222    5    4
      1223    5    4
      1224    5    4
      1225    5    4
      1226    5    4
      1227    5    4
      1228    5    4
      1229    5    4
      1230    5    4
      1231    5    4
      1232    5    4
      1233    5    4
      1234    5    4
      1235    5    4
      1236    5    4
      1237    5    4
      1238    5    4
      1239    5    4
      1240    5    4
      1241    5    4
      1242    5    4
      1243    5    4
      1244    5    4
      1245    5    4
      1246    5    4
      1247    5    4
      1248    5    4
      1249    5    4
      1250    5    4
      1251    5    4
      1252    5    4
      1253    5    4
      1254    5    4
      1255    5    4
      1256    5    4
      1257    5    4
      1258    5    4
      1259    5    4
      1260    5    4
      1261    5    4
      1262    5    4
      1263    5    4
      1264    5    4
      1265    5    4
      1266    5    4
      1267    5    4
      1268    5    4
      1269    5    4
      1270    5    4
      1271    5    4
      1272    5    4
      1273    5    4
      1274    5    4
      1275    5    4
      1276    5    4
      1277    5    4
      1278    5    4
      1279    5    4
      1280    5    4
      1281    5    4
      1282    5    4
      1283    5    4
      1284    5    4
      1285    5    4
      1286    5    4
      1287    5    4
      1288    5    4
      1289    5    4
      1290    5    4
      1291    5    4
      1292    5    4
      1293    5    4
      1294    5    4
      1295    5    4
      1296    5    4
      1297    5    4
      1298    5    4
      1299    5    4
      1300    5    4
      1301    5    4
      1302    5    4
      1303    5    4
      1304    5    4
      1305    5    4
      1306    5    4
      1307    5    4
      1308    5    4
      1309    5    4
      1310    5    4
      1311    5    4
      1312    5    4
      1313    5    4
      1314    5    4
      1315    5    4
      1316    5    4
      1317    5    4
      1318    5    4
      1319    5    4
      1320    5    4
      1321    5    4
      1322    5    4
      1323    5    4
      1324    5    4
      1325    5    4
      1326    5    4
      1327    5    4
      1328    5    4
      1329    5    4
      1330    5    4
      1331    5    4
      1332    5    4
      1333    5    4
      1334    5    4
      1335    5    4
      1336    5    4
      1337    5    4
      1338    5    4
      1339    5    4
      1340    5    4
      1341    5    4
      1342    5    4
      1343    5    4
      1344    5    4
      1345    5    4
      1346    5    4
      1347    5    4
      1348    5    4
      1349    5    4
      1350    5    4
      1351    5    4
      1352    5    4
      1353    5    4
      1354    5    4
      1355    5    4
      1356    5    4
      1357    5    4
      1358    5    4
      1359    5    4
      1360    5    4
      1361    5    4
      1362    5    4
      1363    5    4
      1364    5    4
      1365    5    4
      1366    5    4
      1367    5    4
      1368    5    4
      1369    5    4
      1370    5    4
      1371    5    4
      1372    5    4
      1373    5    4
      1374    5    4
      1375    5    4
      1376    5    4
      1377    5    4
      1378    5    4
      1379    5    4
      1380    5    4
      1381    5    4
      1382    5    4
      1383    5    4
      1384    5    4
      1385    5    4
      1386    5    4
      1387    5    4
      1388    5    4
      1389    5    4
      1390    5    4
      1391    5    4
      1392    5    4
      1393    5    4
      1394    5    4
      1395    5    4
      1396    5    4
      1397    5    4
      1398    5    4
      1399    5    4
      1400    5    4
      1401    5    4
      1402    5    4
      1403    5    4
      1404    5    4
      1405    5    4
      1406    5    4
      1407    5    4
      1408    5    4
      1409    5    4
      1410    5    4
      1411    5    4
      1412    5    4
      1413    5    4
      1414    5    4
      1415    5    4
      1416    5    4
      1417    5    4
      1418    5    4
      1419    5    4
      1420    5    4
      1421    5    4
      1422    5    4
      1423    5    4
      1424    5    4
      1425    5    4
      1426    5    4
      1427    5    4
      1428    5    4
      1429    5    4
      1430    5    4
      1431    5    4
      1432    5    4
      1433    5    4
      1434    5    4
      1435    5    4
      1436    5    4
      1437    5    4
      1438    5    4
      1439    5    4
      1440    5    4
      1441    5    4
      1442    5    4
      1443    5    4
      1444    5    4
      1445    5    4
      1446    5    4
      1447    5    4
      1448    5    4
      1449    5    4
      1450    5    4
      1451    5    4
      1452    5    4
      1453    5    4
      1454    5    4
      1455    5    4
      1456    5    4
      1457    5    4
      1458    5    4
      1459    5    4
      1460    5    4
      1461    5    4
      1462    5    4
      1463    5    4
      1464    5    4
      1465    5    4
      1466    5    4
      1467    5    4
      1468    5    4
      1469    5    4
      1470    5    4
      1471    5    4
      1472    5    4
      1473    5    4
      1474    5    4
      1475    5    4
      1476    5    4
      1477    5    4
      1478    5    4
      1479    5    4
      1480    5    4
      1481    5    4
      1482    5    4
      1483    5    4
      1484    5    4
      1485    5    4
      1486    5    4
      1487    5    4
      1488    5    4
      1489    5    4
      1490    5    4
      1491    5    4
      1492    5    4
      1493    5    4
      1494    5    4
      1495    5    4
      1496    5    4
      1497    5    4
      1498    5    4
      1499    5    4
      1500    5    4
      1501    5    4
      1502    5    4
      1503    5    4
      1504    5    4
      1505    5    4
      1506    5    4
      1507    5    4
      1508    5    4
      1509    5    4
      1510    5    4
      1511    5    4
      1512    5    4
      1513    5    4
      1514    5    4
      1515    5    4
      1516    5    4
      1517    5    4
      1518    5    4
      1519    5    4
      1520    5    4
      1521    5    4
      1522    5    4
      1523    5    4
      1524    5    4
      1525    5    4
      1526    5    4
      1527    5    4
      1528    5    4
      1529    5    4
      1530    5    4
      1531    5    4
      1532    5    4
      1533    5    4
      1534    5    4
      1535    5    4
      1536    5    4
      1537    5    4
      1538    5    4
      1539    5    4
      1540    5    4
      1541    5    4
      1542    5    4
      1543    5    4
      1544    5    4
      1545    5    4
      1546    5    4
      1547    5    4
      1548    5    4
      1549    5    4
      1550    5    4
      1551    5    4
      1552    5    4
      1553    5    4
      1554    5    4
      1555    5    4
      1556    5    4
      1557    5    4
      1558    5    4
      1559    5    4
      1560    5    4
      1561    5    4
      1562    5    4
      1563    5    4
      1564    5    4
      1565    5    4
      1566    5    4
      1567    5    4
      1568    5    4
      1569    5    4
      1570    5    4
      1571    5    4
      1572    5    4
      1573    5    4
      1574    5    4
      1575    5    4
      1576    5    4
      1577    5    4
      1578    5    4
      1579    5    4
      1580    5    4
      1581    5    4
      1582    5    4
      1583    5    4
      1584    5    4
      1585    5    4
      1586    5    4
      1587    5    4
      1588    5    4
      1589    5    4
      1590    5    4
      1591    5    4
      1592    5    4
      1593    5    4
      1594    5    4
      1595    5    4
      1596    5    4
      1597    5    4
      1598    5    4
      1599    5    4
      1600    5    4
      1601    5    4
      1602    5    4
      1603    5    4
      1604    5    4
      1605    5    4
      1606    5    4
      1607    5    4
      1608    5    4
      1609    5    4
      1610    5    4
      1611    5    4
      1612    5    4
      1613    5    4
      1614    5    4
      1615    5    4
      1616    5    4
      1617    5    4
      1618    5    4
      1619    5    4
      1620    5    4
      1621    5    4
      1622    5    4
      1623    5    4
      1624    5    4
      1625    5    4
      1626    5    4
      1627    5    4
      1628    5    4
      1629    5    4
      1630    5    4
      1631    5    4
      1632    5    4
      1633    5    4
      1634    5    4
      1635    5    4
      1636    5    4
      1637    5    4
      1638    5    4
      1639    5    4
      1640    5    4
      1641    5    4
      1642    5    4
      1643    5    4
      1644    5    4
      1645    5    4
      1646    5    4
      1647    5    4
      1648    5    4
      1649    5    4
      1650    5    4
      1651    5    4
      1652    5    4
      1653    5    4
      1654    5    4
      1655    5    4
      1656    5    4
      1657    5    4
      1658    5    4
      1659    5    4
      1660    5    4
      1661    5    4
      1662    5    4
      1663    5    4
      1664    5    4
      1665    5    4
      1666    5    4
      1667    5    4
      1668    5    4
      1669    5    4
      1670    5    4
      1671    5    4
      1672    5    4
      1673    5    4
      1674    5    4
      1675    5    4
      1676    5    4
      1677    5    4
      1678    5    4
      1679    5    4
      1680    5    4
      1681    5    4
      1682    5    4
      1683    5    4
      1684    5    4
      1685    5    4
      1686    5    4
      1687    5    4
      1688    5    4
      1689    5    4
      1690    5    4
      1691    5    4
      1692    5    4
      1693    5    4
      1694    5    4
      1695    5    4
      1696    5    4
      1697    5    4
      1698    5    4
      1699    5    4
      1700    5    4
      1701    5    4
      1702    5    4
      1703    5    4
      1704    5    4
      1705    5    4
      1706    5    4
      1707    5    4
      1708    5    4
      1709    5    4
      1710    5    4
      1711    5    4
      1712    5    4
      1713    5    4
      1714    5    4
      1715    5    4
      1716    5    4
      1717    5    4
      1718    5    4
      1719    5    4
      1720    5    4
      1721    5    4
      1722    5    4
      1723    5    4
      1724    5    4
      1725    5    4
      1726    5    4
      1727    5    4
      1728    5    4
      1729    5    4
      1730    5    4
      1731    5    4
      1732    5    4
      1733    5    4
      1734    5    4
      1735    5    4
      1736    5    4
      1737    5    4
      1738    5    4
      1739    5    4
      1740    5    4
      1741    5    4
      1742    5    4
      1743    5    4
      1744    5    4
      1745    5    4
      1746    5    4
      1747    5    4
      1748    5    4
      1749    5    4
      1750    5    4
      1751    5    4
      1752    5    4
      1753    5    4
      1754    5    4
      1755    5    4
      1756    5    4
      1757    5    4
      1758    5    4
      1759    5    4
      1760    5    4
      1761    5    4
      1762    5    4
      1763    5    4
      1764    5    4
      1765    5    4
      1766    5    4
      1767    5    4
      1768    5    4
      1769    5    4
      1770    5    4
      1771    5    4
      1772    5    4
      1773    5    4
      1774    5    4
      1775    5    4
      1776    5    4
      1777    5    4
      1778    5    4
      1779    5    4
      1780    5    4
      1781    5    4
      1782    5    4
      1783    5    4
      1784    5    4
      1785    5    4
      1786    5    4
      1787    5    4
      1788    5    4
      1789    5    4
      1790    5    4
      1791    5    4
      1792    5    4
      1793    5    4
      1794    5    4
      1795    5    4
      1796    5    4
      1797    5    4
      1798    5    4
      1799    5    4
      1800    5    4
      1801    5    4
      1802    5    4
      1803    5    4
      1804    5    4
      1805    5    4
      1806    5    4
      1807    5    4
      1808    5    4
      1809    5    4
      1810    5    4
      1811    5    4
      1812    5    4
      1813    5    4
      1814    5    4
      1815    5    4
      1816    5    4
      1817    5    4
      1818    5    4
      1819    5    4
      1820    5    4
      1821    5    4
      1822    5    4
      1823    5    4
      1824    5    4
      1825    5    4
      1826    5    4
      1827    5    4
      1828    5    4
      1829    5    4
      1830    5    4
      1831    5    4
      1832    5    4
      1833    5    4
      1834    5    4
      1835    5    4
      1836    5    4
      1837    5    4
      1838    5    4
      1839    5    4
      1840    5    4
      1841    5    4
      1842    5    4
      1843    5    4
      1844    5    4
      1845    5    4
      1846    5    4
      1847    5    4
      1848    5    4
      1849    5    4
      1850    5    4
      1851    5    4
      1852    5    4
      1853    5    4
      1854    5    4
      1855    5    4
      1856    5    4
      1857    5    4
      1858    5    4
      1859    5    4
      1860    5    4
      1861    5    4
      1862    5    4
      1863    5    4
      1864    5    4
      1865    5    4
      1866    5    4
      1867    5    4
      1868    5    4
      1869    5    4
      1870    5    4
      1871    5    4
      1872    5    4
      1873    5    4
      1874    5    4
      1875    5    4
      1876    5    4
      1877    5    4
      1878    5    4
      1879    5    4
      1880    5    4
      1881    5    4
      1882    5    4
      1883    5    4
      1884    5    4
      1885    5    4
      1886    5    4
      1887    5    4
      1888    5    4
      1889    5    4
      1890    5    4
      1891    5    4
      1892    5    4
      1893    5    4
      1894    5    4
      1895    5    4
      1896    5    4
      1897    5    4
      1898    5    4
      1899    5    4
      1900    5    4
      1901    5    4
      1902    5    4
      1903    5    4
      1904    5    4
      1905    5    4
      1906    5    4
      1907    5    4
      1908    5    4
      1909    5    4
      1910    5    4
      1911    5    4
      1912    5    4
      1913    5    4
      1914    5    4
      1915    5    4
      1916    5    4
      1917    5    4
      1918    5    4
      1919    5    4
      1920    5    4
      1921    5    4
      1922    5    4
      1923    5    4
      1924    5    4
      1925    5    4
      1926    5    4
      1927    5    4
      1928    5    4
      1929    5    4
      1930    5    4
      1931    5    4
      1932    5    4
      1933    5    4
      1934    5    4
      1935    5    4
      1936    5    4
      1937    5    4
      1938    5    4
      1939    5    4
      1940    5    4
      1941    5    4
      1942    5    4
      1943    5    4
      1944    5    4
      1945    5    4
      1946    5    4
      1947    5    4
      1948    5    4
      1949    5    4
      1950    5    4
      1951    5    4
      1952    5    4
      1953    5    4
      1954    5    4
      1955    5    4
      1956    5    4
      1957    5    4
      1958    5    4
      1959    5    4
      1960    5    4
      1961    5    4
      1962    5    4
      1963    5    4
      1964    5    4
      1965    5    4
      1966    5    4
      1967    5    4
      1968    5    4
      1969    5    4
      1970    5    4
      1971    5    4
      1972    5    4
      1973    5    4
      1974    5    4
      1975    5    4
      1976    5    4
      1977    5    4
      1978    5    4
      1979    5    4
      1980    5    4
      1981    5    4
      1982    5    4
      1983    5    4
      1984    5    4
      1985    5    4
      1986    5    4
      1987    5    4
      1988    5    4
      1989    5    4
      1990    5    4
      1991    5    4
      1992    5    4
      1993    5    4
      1994    5    4
      1995    5    4
      1996    5    4
      1997    5    4
      1998    5    4
      1999    5    4
      2000    5    4
      2001    5    4
      2002    5    4
      2003    5    4
      2004    5    4
      2005    5    4
      2006    5    4
      2007    5    4
      2008    5    4
      2009    5    4
      2010    5    4
      2011    5    4
      2012    5    4
      2013    5    4
      2014    5    4
      2015    5    4
      2016    5    4
      2017    5    4
      2018    5    4
      2019    5    4
      2020    5    4
      2021    5    4
      2022    5    4
      2023    5    4
      2024    5    4
      2025    5    4
      2026    5    4
      2027    5    4
      2028    5    4
      2029    5    4
      2030    5    4
      2031    5    4
      2032    5    4
      2033    5    4
      2034    5    4
      2035    5    4
      2036    5    4
      2037    5    4
      2038    5    4
      2039    5    4
      2040    5    4
      2041    5    4
      2042    5    4
      2043    5    4
      2044    5    4
      2045    5    4
      2046    5    4
      2047    5    4
      2048    5    4
      2049    5    4
      2050    5    4
      2051    5    4
      2052    5    4
      2053    5    4
      2054    5    4
      2055    5    4
      2056    5    4
      2057    5    4
      2058    5    4
      2059    5    4
      2060    5    4
      2061    5    4
      2062    5    4
      2063    5    4
      2064    5    4
      2065    5    4
      2066    5    4
      2067    5    4
      2068    5    4
      2069    5    4
      2070    5    4
      2071    5    4
      2072    5    4
      2073    5    4
      2074    5    4
      2075    5    4
      2076    5    4
      2077    5    4
      2078    5    4
      2079    5    4
      2080    5    4
      2081    5    4
      2082    5    4
      2083    5    4
      2084    5    4
      2085    5    4
      2086    5    4
      2087    5    4
      2088    5    4
      2089    5    4
      2090    5    4
      2091    5    4
      2092    5    4
      2093    5    4
      2094    5    4
      2095    5    4
      2096    5    4
      2097    5    4
      2098    5    4
      2099    5    4
      2100    5    4
      2101    5    4
      2102    5    4
      2103    5    4
      2104    5    4
      2105    5    4
      2106    5    4
      2107    5    4
      2108    5    4
      2109    5    4
      2110    5    4
      2111    5    4
      2112    5    4
      2113    5    4
      2114    5    4
      2115    5    4
      2116    5    4
      2117    5    4
      2118    5    4
      2119    5    4
      2120    5    4
      2121    5    4
      2122    5    4
      2123    5    4
      2124    5    4
      2125    5    4
      2126    5    4
      2127    5    4
      2128    5    4
      2129    5    4
      2130    5    4
      2131    5    4
      2132    5    4
      2133    5    4
      2134    5    4
      2135    5    4
      2136    5    4
      2137    5    4
      2138    5    4
      2139    5    4
      2140    5    4
      2141    5    4
      2142    5    4
      2143    5    4
      2144    5    4
      2145    5    4
      2146    5    4
      2147    5    4
      2148    5    4
      2149    5    4
      2150    5    4
      2151    5    4
      2152    5    4
      2153    5    4
      2154    5    4
      2155    5    4
      2156    5    4
      2157    5    4
      2158    5    4
      2159    5    4
      2160    5    4
      2161    5    4
      2162    5    4
      2163    5    4
      2164    5    4
      2165    5    4
      2166    5    4
      2167    5    4
      2168    5    4
      2169    5    4
      2170    5    4
      2171    5    4
      2172    5    4
      2173    5    4
      2174    5    4
      2175    5    4
      2176    5    4
      2177    5    4
      2178    5    4
      2179    5    4
      2180    5    4
      2181    5    4
      2182    5    4
      2183    5    4
      2184    5    4
      2185    5    4
      2186    5    4
      2187    5    4
      2188    5    4
      2189    5    4
      2190    5    4
      2191    5    4
      2192    5    4
      2193    5    4
      2194    5    4
      2195    5    4
      2196    5    4
      2197    5    4
      2198    5    4
      2199    5    4
      2200    5    4
      2201    5    4
      2202    5    4
      2203    5    4
      2204    5    4
      2205    5    4
      2206    5    4
      2207    5    4
      2208    5    4
      2209    5    4
      2210    5    4
      2211    5    4
      2212    5    4
      2213    5    4
      2214    5    4
      2215    5    4
      2216    5    4
      2217    5    4
      2218    5    4
      2219    5    4
      2220    5    4
      2221    5    4
      2222    5    4
      2223    5    4
      2224    5    4
      2225    5    4
      2226    5    4
      2227    5    4
      2228    5    4
      2229    5    4
      2230    5    4
      2231    5    4
      2232    5    4
      2233    5    4
      2234    5    4
      2235    5    4
      2236    5    4
      2237    5    4
      2238    5    4
      2239    5    4
      2240    5    4
      2241    5    4
      2242    5    4
      2243    5    4
      2244    5    4
      2245    5    4
      2246    5    4
      2247    5    4
      2248    5    4
      2249    5    4
      2250    5    4
      2251    5    4
      2252    5    4
      2253    5    4
      2254    5    4
      2255    5    4
      2256    5    4
      2257    5    4
      2258    5    4
      2259    5    4
      2260    5    4
      2261    5    4
      2262    5    4
      2263    5    4
      2264    5    4
      2265    5    4
      2266    5    4
      2267    5    4
      2268    5    4
      2269    5    4
      2270    5    4
      2271    5    4
      2272    5    4
      2273    5    4
      2274    5    4
      2275    5    4
      2276    5    4
      2277    5    4
      2278    5    4
      2279    5    4
      2280    5    4
      2281    5    4
      2282    5    4
      2283    5    4
      2284    5    4
      2285    5    4
      2286    5    4
      2287    5    4
      2288    5    4
      2289    5    4
      2290    5    4
      2291    5    4
      2292    5    4
      2293    5    4
      2294    5    4
      2295    5    4
      2296    5    4
      2297    5    4
      2298    5    4
      2299    5    4
      2300    5    4
      2301    5    4
      2302    5    4
      2303    5    4
      2304    5    4
      2305    5    4
      2306    5    4
      2307    5    4
      2308    5    4
      2309    5    4
      2310    5    4
      2311    5    4
      2312    5    4
      2313    5    4
      2314    5    4
      2315    5    4
      2316    5    4
      2317    5    4
      2318    5    4
      2319    5    4
      2320    5    4
      2321    5    4
      2322    5    4
      2323    5    4
      2324    5    4
      2325    5    4
      2326    5    4
      2327    5    4
      2328    5    4
      2329    5    4
      2330    5    4
      2331    5    4
      2332    5    4
      2333    5    4
      2334    5    4
      2335    5    4
      2336    5    4
      2337    5    4
      2338    5    4
      2339    5    4
      2340    5    4
      2341    5    4
      2342    5    4
      2343    5    4
      2344    5    4
      2345    5    4
      2346    5    4
      2347    5    4
      2348    5    4
      2349    5    4
      2350    5    4
      2351    5    4
      2352    5    4
      2353    5    4
      2354    5    4
      2355    5    4
      2356    5    4
      2357    5    4
      2358    5    4
      2359    5    4
      2360    5    4
      2361    5    4
      2362    5    4
      2363    5    4
      2364    5    4
      2365    5    4
      2366    5    4
      2367    5    4
      2368    5    4
      2369    5    4
      2370    5    4
      2371    5    4
      2372    5    4
      2373    5    4
      2374    5    4
      2375    5    4
      2376    5    4
      2377    5    4
      2378    5    4
      2379    5    4
      2380    5    4
      2381    5    4
      2382    5    4
      2383    5    4
      2384    5    4
      2385    5    4
      2386    5    4
      2387    5    4
      2388    5    4
      2389    5    4
      2390    5    4
      2391    5    4
      2392    5    4
      2393    5    4
      2394    5    4
      2395    5    4
      2396    5    4
      2397    5    4
      2398    5    4
      2399    5    4
      2400    5    4
      2401    5    4
      2402    5    4
      2403    5    4
      2404    5    4
      2405    5    4
      2406    5    4
      2407    5    4
      2408    5    4
      2409    5    4
      2410    5    4
      2411    5    4
      2412    5    4
      2413    5    4
      2414    5    4
      2415    5    4
      2416    5    4
      2417    5    4
      2418    5    4
      2419    5    4
      2420    5    4
      2421    5    4
      2422    5    4
      2423    5    4
      2424    5    4
      2425    5    4
      2426    5    4
      2427    5    4
      2428    5    4
      2429    5    4
      2430    5    4
      2431    5    4
      2432    5    4
      2433    5    4
      2434    5    4
      2435    5    4
      2436    5    4
      2437    5    4
      2438    5    4
      2439    5    4
      2440    5    4
      2441    5    4
      2442    5    4
      2443    5    4
      2444    5    4
      2445    5    4
      2446    5    4
      2447    5    4
      2448    5    4
      2449    5    4
      2450    5    4
      2451    5    4
      2452    5    4
      2453    5    4
      2454    5    4
      2455    5    4
      2456    5    4
      2457    5    4
      2458    5    4
      2459    5    4
      2460    5    4
      2461    5    4
      2462    5    4
      2463    5    4
      2464    5    4
      2465    5    4
      2466    5    4
      2467    5    4
      2468    5    4
      2469    5    4
      2470    5    4
      2471    5    4
      2472    5    4
      2473    5    4
      2474    5    4
      2475    5    4
      2476    5    4
      2477    5    4
      2478    5    4
      2479    5    4
      2480    5    4
      2481    5    4
      2482    5    4
      2483    5    4
      2484    5    4
      2485    5    4
      2486    5    4
      2487    5    4
      2488    5    4
      2489    5    4
      2490    5    4
      2491    5    4
      2492    5    4
      2493    5    4
      2494    5    4
      2495    5    4
      2496    5    4
      2497    5    4
      2498    5    4
      2499    5    4
      2500    5    4
      2501    5    4
      2502    5    4
      2503    5    4
      2504    5    4
      2505    5    4
      2506    5    4
      2507    5    4
      2508    5    4
      2509    5    4
      2510    5    4
      2511    5    4
      2512    5    4
      2513    5    4
      2514    5    4
      2515    5    4
      2516    5    4
      2517    5    4
      2518    5    4
      2519    5    4
      2520    5    4
      2521    5    4
      2522    5    4
      2523    5    4
      2524    5    4
      2525    5    4
      2526    5    4
      2527    5    4
      2528    5    4
      2529    5    4
      2530    5    4
      2531    5    4
      2532    5    4
      2533    5    4
      2534    5    4
      2535    5    4
      2536    5    4
      2537    5    4
      2538    5    4
      2539    5    4
      2540    5    4
      2541    5    4
      2542    5    4
      2543    5    4
      2544    5    4
      2545    5    4
      2546    5    4
      2547    5    4
      2548    5    4
      2549    5    4
      2550    5    4
      2551    5    4
      2552    5    4
      2553    5    4
      2554    5    4
      2555    5    4
      2556    5    4
      2557    5    4
      2558    5    4
      2559    5    4
      2560    5    4
      2561    5    4
      2562    5    4
      2563    5    4
      2564    5    4
      2565    5    4
      2566    5    4
      2567    5    4
      2568    5    4
      2569    5    4
      2570    5    4
      2571    5    4
      2572    5    4
      2573    5    4
      2574    5    4
      2575    5    4
      2576    5    4
      2577    5    4
      2578    5    4
      2579    5    4
      2580    5    4
      2581    5    4
      2582    5    4
      2583    5    4
      2584    5    4
      2585    5    4
      2586    5    4
      2587    5    4
      2588    5    4
      2589    5    4
      2590    5    4
      2591    5    4
      2592    5    4
      2593    5    4
      2594    5    4
      2595    5    4
      2596    5    4
      2597    5    4
      2598    5    4
      2599    5    4
      2600    5    4
      2601    5    4
      2602    5    4
      2603    5    4
      2604    5    4
      2605    5    4
      2606    5    4
      2607    5    4
      2608    5    4
      2609    5    4
      2610    5    4
      2611    5    4
      2612    5    4
      2613    5    4
      2614    5    4
      2615    5    4
      2616    5    4
      2617    5    4
      2618    5    4
      2619    5    4
      2620    5    4
      2621    5    4
      2622    5    4
      2623    5    4
      2624    5    4
      2625    5    4
      2626    5    4
      2627    5    4
      2628    5    4
      2629    5    4
      2630    5    4
      2631    5    4
      2632    5    4
      2633    5    4
      2634    5    4
      2635    5    4
      2636    5    4
      2637    5    4
      2638    5    4
      2639    5    4
      2640    5    4
      2641    5    4
      2642    5    4
      2643    5    4
      2644    5    4
      2645    5    4
      2646    5    4
      2647    5    4
      2648    5    4
      2649    5    4
      2650    5    4
      2651    5    4
      2652    5    4
      2653    5    4
      2654    5    4
      2655    5    4
      2656    5    4
      2657    5    4
      2658    5    4
      2659    5    4
      2660    5    4
      2661    5    4
      2662    5    4
      2663    5    4
      2664    5    4
      2665    5    4
      2666    5    4
      2667    5    4
      2668    5    4
      2669    5    4
      2670    5    4
      2671    5    4
      2672    5    4
      2673    5    4
      2674    5    4
      2675    5    4
      2676    5    4
      2677    5    4
      2678    5    4
      2679    5    4
      2680    5    4
      2681    5    4
      2682    5    4
      2683    5    4
      2684    5    4
      2685    5    4
      2686    5    4
      2687    5    4
      2688    5    4
      2689    5    4
      2690    5    4
      2691    5    4
      2692    5    4
      2693    5    4
      2694    5    4
      2695    5    4
      2696    5    4
      2697    5    4
      2698    5    4
      2699    5    4
      2700    5    4
      2701    5    4
      2702    5    4
      2703    5    4
      2704    5    4
      2705    5    4
      2706    5    4
      2707    5    4
      2708    5    4
      2709    5    4
      2710    5    4
      2711    5    4
      2712    5    4
      2713    5    4
      2714    5    4
      2715    5    4
      2716    5    4
      2717    5    4
      2718    5    4
      2719    5    4
      2720    5    4
      2721    5    4
      2722    5    4
      2723    5    4
      2724    5    4
      2725    5    4
      2726    5    4
      2727    5    4
      2728    5    4
      2729    5    4
      2730    5    4
      2731    5    4
      2732    5    4
      2733    5    4
      2734    5    4
      2735    5    4
      2736    5    4
      2737    5    4
      2738    5    4
      2739    5    4
      2740    5    4
      2741    5    4
      2742    5    4
      2743    5    4
      2744    5    4
      2745    5    4
      2746    5    4
      2747    5    4
      2748    5    4
      2749    5    4
      2750    5    4
      2751    5    4
      2752    5    4
      2753    5    4
      2754    5    4
      2755    5    4
      2756    5    4
      2757    5    4
      2758    5    4
      2759    5    4
      2760    5    4
      2761    5    4
      2762    5    4
      2763    5    4
      2764    5    4
      2765    5    4
      2766    5    4
      2767    5    4
      2768    5    4
      2769    5    4
      2770    5    4
      2771    5    4
      2772    5    4
      2773    5    4
      2774    5    4
      2775    5    4
      2776    5    4
      2777    5    4
      2778    5    4
      2779    5    4
      2780    5    4
      2781    5    4
      2782    5    4
      2783    5    4
      2784    5    4
      2785    5    4
      2786    5    4
      2787    5    4
      2788    5    4
      2789    5    4
      2790    5    4
      2791    5    4
      2792    5    4
      2793    5    4
      2794    5    4
      2795    5    4
      2796    5    4
      2797    5    4
      2798    5    4
      2799    5    4
      2800    5    4
      2801    5    4
      2802    5    4
      2803    5    4
      2804    5    4
      2805    5    4
      2806    5    4
      2807    5    4
      2808    5    4
      2809    5    4
      2810    5    4
      2811    5    4
      2812    5    4
      2813    5    4
      2814    5    4
      2815    5    4
      2816    5    4
      2817    5    4
      2818    5    4
      2819    5    4
      2820    5    4
      2821    5    4
      2822    5    4
      2823    5    4
      2824    5    4
      2825    5    4
      2826    5    4
      2827    5    4
      2828    5    4
      2829    5    4
      2830    5    4
      2831    5    4
      2832    5    4
      2833    5    4
      2834    5    4
      2835    5    4
      2836    5    4
      2837    5    4
      2838    5    4
      2839    5    4
      2840    5    4
      2841    5    4
      2842    5    4
      2843    5    4
      2844    5    4
      2845    5    4
      2846    5    4
      2847    5    4
      2848    5    4
      2849    5    4
      2850    5    4
      2851    5    4
      2852    5    4
      2853    5    4
      2854    5    4
      2855    5    4
      2856    5    4
      2857    5    4
      2858    5    4
      2859    5    4
      2860    5    4
      2861    5    4
      2862    5    4
      2863    5    4
      2864    5    4
      2865    5    4
      2866    5    4
      2867    5    4
      2868    5    4
      2869    5    4
      2870    5    4
      2871    5    4
      2872    5    4
      2873    5    4
      2874    5    4
      2875    5    4
      2876    5    4
      2877    5    4
      2878    5    4
      2879    5    4
      2880    5    4
      2881    5    4
      2882    5    4
      2883    5    4
      2884    5    4
      2885    5    4
      2886    5    4
      2887    5    4
      2888    5    4
      2889    5    4
      2890    5    4
      2891    5    4
      2892    5    4
      2893    5    4
      2894    5    4
      2895    5    4
      2896    5    4
      2897    5    4
      2898    5    4
      2899    5    4
      2900    5    4
      2901    5    4
      2902    5    4
      2903    5    4
      2904    5    4
      2905    5    4
      2906    5    4
      2907    5    4
      2908    5    4
      2909    5    4
      2910    5    4
      2911    5    4
      2912    5    4
      2913    5    4
      2914    5    4
      2915    5    4
      2916    5    4
      2917    5    4
      2918    5    4
      2919    5    4
      2920    5    4
      2921    5    4
      2922    5    4
      2923    5    4
      2924    5    4
      2925    5    4
      2926    5    4
      2927    5    4
      2928    5    4
      2929    5    4
      2930    5    4
      2931    5    4
      2932    5    4
      2933    5    4
      2934    5    4
      2935    5    4
      2936    5    4
      2937    5    4
      2938    5    4
      2939    5    4
      2940    5    4
      2941    5    4
      2942    5    4
      2943    5    4
      2944    5    4
      2945    5    4
      2946    5    4
      2947    5    4
      2948    5    4
      2949    5    4
      2950    5    4
      2951    5    4
      2952    5    4
      2953    5    4
      2954    5    4
      2955    5    4
      2956    5    4
      2957    5    4
      2958    5    4
      2959    5    4
      2960    5    4
      2961    5    4
      2962    5    4
      2963    5    4
      2964    5    4
      2965    5    4
      2966    5    4
      2967    5    4
      2968    5    4
      2969    5    4
      2970    5    4
      2971    5    4
      2972    5    4
      2973    5    4
      2974    5    4
      2975    5    4
      2976    5    4
      2977    5    4
      2978    5    4
      2979    5    4
      2980    5    4
      2981    5    4
      2982    5    4
      2983    5    4
      2984    5    4
      2985    5    4
      2986    5    4
      2987    5    4
      2988    5    4
      2989    5    4
      2990    5    4
      2991    5    4
      2992    5    4
      2993    5    4
      2994    5    4
      2995    5    4
      2996    5    4
      2997    5    4
      2998    5    4
      2999    5    4
      3000    5    4
      3001    5    4
      3002    5    4
      3003    5    4
      3004    5    4
      3005    5    4
      3006    5    4
      3007    5    4
      3008    5    4
      3009    5    4
      3010    5    4
      3011    5    4
      3012    5    4
      3013    5    4
      3014    5    4
      3015    5    4
      3016    5    4
      3017    5    4
      3018    5    4
      3019    5    4
      3020    5    4
      3021    5    4
      3022    5    4
      3023    5    4
      3024    5    4
      3025    5    4
      3026    5    4
      3027    5    4
      3028    5    4
      3029    5    4
      3030    5    4
      3031    5    4
      3032    5    4
      3033    5    4
      3034    5    4
      3035    5    4
      3036    5    4
      3037    5    4
      3038    5    4
      3039    5    4
      3040    5    4
      3041    5    4
      3042    5    4
      3043    5    4
      3044    5    4
      3045    5    4
      3046    5    4
      3047    5    4
      3048    5    4
      3049    5    4
      3050    5    4
      3051    5    4
      3052    5    4
      3053    5    4
      3054    5    4
      3055    5    4
      3056    5    4
      3057    5    4
      3058    5    4
      3059    5    4
      3060    5    4
      3061    5    4
      3062    5    4
      3063    5    4
      3064    5    4
      3065    5    4
      3066    5    4
      3067    5    4
      3068    5    4
      3069    5    4
      3070    5    4
      3071    5    4
      3072    5    4
      3073    5    4
      3074    5    4
      3075    5    4
      3076    5    4
      3077    5    4
      3078    5    4
      3079    5    4
      3080    5    4
      3081    5    4
      3082    5    4
      3083    5    4
      3084    5    4
      3085    5    4
      3086    5    4
      3087    5    4
      3088    5    4
      3089    5    4
      3090    5    4
      3091    5    4
      3092    5    4
      3093    5    4
      3094    5    4
      3095    5    4
      3096    5    4
      3097    5    4
      3098    5    4
      3099    5    4
      3100    5    4
      3101    5    4
      3102    5    4
      3103    5    4
      3104    5    4
      3105    5    4
      3106    5    4
      3107    5    4
      3108    5    4
      3109    5    4
      3110    5    4
      3111    5    4
      3112    5    4
      3113    5    4
      3114    5    4
      3115    5    4
      3116    5    4
      3117    5    4
      3118    5    4
      3119    5    4
      3120    5    4
      3121    5    4
      3122    5    4
      3123    5    4
      3124    5    4
      3125    5    4
      3126    5    4
      3127    5    4
      3128    5    4
      3129    5    4
      3130    5    4
      3131    5    4
      3132    5    4
      3133    5    4
      3134    5    4
      3135    5    4
      3136    5    4
      3137    5    4
      3138    5    4
      3139    5    4
      3140    5    4
      3141    5    4
      3142    5    4
      3143    5    4
      3144    5    4
      3145    5    4
      3146    5    4
      3147    5    4
      3148    5    4
      3149    5    4
      3150    5    4
      3151    5    4
      3152    5    4
      3153    5    4
      3154    5    4
      3155    5    4
      3156    5    4
      3157    5    4
      3158    5    4
      3159    5    4
      3160    5    4
      3161    5    4
      3162    5    4
      3163    5    4
      3164    5    4
      3165    5    4
      3166    5    4
      3167    5    4
      3168    5    4
      3169    5    4
      3170    5    4
      3171    5    4
      3172    5    4
      3173    5    4
      3174    5    4
      3175    5    4
      3176    5    4
      3177    5    4
      3178    5    4
      3179    5    4
      3180    5    4
      3181    5    4
      3182    5    4
      3183    5    4
      3184    5    4
      3185    5    4
      3186    5    4
      3187    5    4
      3188    5    4
      3189    5    4
      3190    5    4
      3191    5    4
      3192    5    4
      3193    5    4
      3194    5    4
      3195    5    4
      3196    5    4
      3197    5    4
      3198    5    4
      3199    5    4
      3200    5    4
      3201    5    4
      3202    5    4
      3203    5    4
      3204    5    4
      3205    5    4
      3206    5    4
      3207    5    4
      3208    5    4
      3209    5    4
      3210    5    4
      3211    5    4
      3212    5    4
      3213    5    4
      3214    5    4
      3215    5    4
      3216    5    4
      3217    5    4
      3218    5    4
      3219    5    4
      3220    5    4
      3221    5    4
      3222    5    4
      3223    5    4
      3224    5    4
      3225    5    4
      3226    5    4
      3227    5    4
      3228    5    4
      3229    5    4
      3230    5    4
      3231    5    4
      3232    5    4
      3233    5    4
      3234    5    4
      3235    5    4
      3236    5    4
      3237    5    4
      3238    5    4
      3239    5    4
      3240    5    4
      3241    5    4
      3242    5    4
      3243    5    4
      3244    5    4
      3245    5    4
      3246    5    4
      3247    5    4
      3248    5    4
      3249    5    4
      3250    5    4
      3251    5    4
      3252    5    4
      3253    5    4
      3254    5    4
      3255    5    4
      3256    5    4
      3257    5    4
      3258    5    4
      3259    5    4
      3260    5    4
      3261    5    4
      3262    5    4
      3263    5    4
      3264    5    4
      3265    5    4
      3266    5    4
      3267    5    4
      3268    5    4
      3269    5    4
      3270    5    4
      3271    5    4
      3272    5    4
      3273    5    4
      3274    5    4
      3275    5    4
      3276    5    4
      3277    5    4
      3278    5    4
      3279    5    4
      3280    5    4
      3281    5    4
      3282    5    4
      3283    5    4
      3284    5    4
      3285    5    4
      3286    5    4
      3287    5    4
      3288    5    4
      3289    5    4
      3290    5    4
      3291    5    4
      3292    5    4
      3293    5    4
      3294    5    4
      3295    5    4
      3296    5    4
      3297    5    4
      3298    5    4
      3299    5    4
      3300    5    4
      3301    5    4
      3302    5    4
      3303    5    4
      3304    5    4
      3305    5    4
      3306    5    4
      3307    5    4
      3308    5    4
      3309    5    4
      3310    5    4
      3311    5    4
      3312    5    4
      3313    5    4
      3314    5    4
      3315    5    4
      3316    5    4
      3317    5    4
      3318    5    4
      3319    5    4
      3320    5    4
      3321    5    4
      3322    5    4
      3323    5    4
      3324    5    4
      3325    5    4
      3326    5    4
      3327    5    4
      3328    5    4
      3329    5    4
      3330    5    4
      3331    5    4
      3332    5    4
      3333    5    4
      3334    5    4
      3335    5    4
      3336    5    4
      3337    5    4
      3338    5    4
      3339    5    4
      3340    5    4
      3341    5    4
      3342    5    4
      3343    5    4
      3344    5    4
      3345    5    4
      3346    5    4
      3347    5    4
      3348    5    4
      3349    5    4
      3350    5    4
      3351    5    4
      3352    5    4
      3353    5    4
      3354    5    4
      3355    5    4
      3356    5    4
      3357    5    4
      3358    5    4
      3359    5    4
      3360    5    4
      3361    5    4
      3362    5    4
      3363    5    4
      3364    5    4
      3365    5    4
      3366    5    4
      3367    5    4
      3368    5    4
      3369    5    4
      3370    5    4
      3371    5    4
      3372    5    4
      3373    5    4
      3374    5    4
      3375    5    4
      3376    5    4
      3377    5    4
      3378    5    4
      3379    5    4
      3380    5    4
      3381    5    4
      3382    5    4
      3383    5    4
      3384    5    4
      3385    5    4
      3386    5    4
      3387    5    4
      3388    5    4
      3389    5    4
      3390    5    4
      3391    5    4
      3392    5    4
      3393    5    4
      3394    5    4
      3395    5    4
      3396    5    4
      3397    5    4
      3398    5    4
      3399    5    4
      3400    5    4
      3401    5    4
      3402    5    4
      3403    5    4
      3404    5    4
      3405    5    4
      3406    5    4
      3407    5    4
      3408    5    4
      3409    5    4
      3410    5    4
      3411    5    4
      3412    5    4
      3413    5    4
      3414    5    4
      3415    5    4
      3416    5    4
      3417    5    4
      3418    5    4
      3419    5    4
      3420    5    4
      3421    5    4
      3422    5    4
      3423    5    4
      3424    5    4
      3425    5    4
      3426    5    4
      3427    5    4
      3428    5    4
      3429    5    4
      3430    5    4
      3431    5    4
      3432    5    4
      3433    5    4
      3434    5    4
      3435    5    4
      3436    5    4
      3437    5    4
      3438    5    4
      3439    5    4
      3440    5    4
      3441    5    4
      3442    5    4
      3443    5    4
      3444    5    4
      3445    5    4
      3446    5    4
      3447    5    4
      3448    5    4
      3449    5    4
      3450    5    4
      3451    5    4
      3452    5    4
      3453    5    4
      3454    5    4
      3455    5    4
      3456    5    4
      3457    5    4
      3458    5    4
      3459    5    4
      3460    5    4
      3461    5    4
      3462    5    4
      3463    5    4
      3464    5    4
      3465    5    4
      3466    5    4
      3467    5    4
      3468    5    4
      3469    5    4
      3470    5    4
      3471    5    4
      3472    5    4
      3473    5    4
      3474    5    4
      3475    5    4
      3476    5    4
      3477    5    4
      3478    5    4
      3479    5    4
      3480    5    4
      3481    5    4
      3482    5    4
      3483    5    4
      3484    5    4
      3485    5    4
      3486    5    4
      3487    5    4
      3488    5    4
      3489    5    4
      3490    5    4
      3491    5    4
      3492    5    4
      3493    5    4
      3494    5    4
      3495    5    4
      3496    5    4
      3497    5    4
      3498    5    4
      3499    5    4
      3500    5    4
      3501    5    4
      3502    5    4
      3503    5    4
      3504    5    4
      3505    5    4
      3506    5    4
      3507    5    4
      3508    5    4
      3509    5    4
      3510    5    4
      3511    5    4
      3512    5    4
      3513    5    4
      3514    5    4
      3515    5    4
      3516    5    4
      3517    5    4
      3518    5    4
      3519    5    4
      3520    5    4
      3521    5    4
      3522    5    4
      3523    5    4
      3524    5    4
      3525    5    4
      3526    5    4
      3527    5    4
      3528    5    4
      3529    5    4
      3530    5    4
      3531    5    4
      3532    5    4
      3533    5    4
      3534    5    4
      3535    5    4
      3536    5    4
      3537    5    4
      3538    5    4
      3539    5    4
      3540    5    4
      3541    5    4
      3542    5    4
      3543    5    4
      3544    5    4
      3545    5    4
      3546    5    4
      3547    5    4
      3548    5    4
      3549    5    4
      3550    5    4
      3551    5    4
      3552    5    4
      3553    5    4
      3554    5    4
      3555    5    4
      3556    5    4
      3557    5    4
      3558    5    4
      3559    5    4
      3560    5    4
      3561    5    4
      3562    5    4
      3563    5    4
      3564    5    4
      3565    5    4
      3566    5    4
      3567    5    4
      3568    5    4
      3569    5    4
      3570    5    4
      3571    5    4
      3572    5    4
      3573    5    4
      3574    5    4
      3575    5    4
      3576    5    4
      3577    5    4
      3578    5    4
      3579    5    4
      3580    5    4
      3581    5    4
      3582    5    4
      3583    5    4
      3584    5    4
      3585    5    4
      3586    5    4
      3587    5    4
      3588    5    4
      3589    5    4
      3590    5    4
      3591    5    4
      3592    5    4
      3593    5    4
      3594    5    4
      3595    5    4
      3596    5    4
      3597    5    4
      3598    5    4
      3599    5    4
      3600    5    4
      3601    5    4
      3602    5    4
      3603    5    4
      3604    5    4
      3605    5    4
      3606    5    4
      3607    5    4
      3608    5    4
      3609    5    4
      3610    5    4
      3611    5    4
      3612    5    4
      3613    5    4
      3614    5    4
      3615    5    4
      3616    5    4
      3617    5    4
      3618    5    4
      3619    5    4
      3620    5    4
      3621    5    4
      3622    5    4
      3623    5    4
      3624    5    4
      3625    5    4
      3626    5    4
      3627    5    4
      3628    5    4
      3629    5    4
      3630    5    4
      3631    5    4
      3632    5    4
      3633    5    4
      3634    5    4
      3635    5    4
      3636    5    4
      3637    5    4
      3638    5    4
      3639    5    4
      3640    5    4
      3641    5    4
      3642    5    4
      3643    5    4
      3644    5    4
      3645    5    4
      3646    5    4
      3647    5    4
      3648    5    4
      3649    5    4
      3650    5    4
      3651    5    4
      3652    5    4
      3653    5    4
      3654    5    4
      3655    5    4
      3656    5    4
      3657    5    4
      3658    5    4
      3659    5    4
      3660    5    4
      3661    5    4
      3662    5    4
      3663    5    4
      3664    5    4
      3665    5    4
      3666    5    4
      3667    5    4
      3668    5    4
      3669    5    4
      3670    5    4
      3671    5    4
      3672    5    4
      3673    5    4
      3674    5    4
      3675    5    4
      3676    5    4
      3677    5    4
      3678    5    4
      3679    5    4
      3680    5    4
      3681    5    4
      3682    5    4
      3683    5    4
      3684    5    4
      3685    5    4
      3686    5    4
      3687    5    4
      3688    5    4
      3689    5    4
      3690    5    4
      3691    5    4
      3692    5    4
      3693    5    4
      3694    5    4
      3695    5    4
      3696    5    4
      3697    5    4
      3698    5    4
      3699    5    4
      3700    5    4
      3701    5    4
      3702    5    4
      3703    5    4
      3704    5    4
      3705    5    4
      3706    5    4
      3707    5    4
      3708    5    4
      3709    5    4
      3710    5    4
      3711    5    4
      3712    5    4
      3713    5    4
      3714    5    4
      3715    5    4
      3716    5    4
      3717    5    4
      3718    5    4
      3719    5    4
      3720    5    4
      3721    5    4
      3722    5    4
      3723    5    4
      3724    5    4
      3725    5    4
      3726    5    4
      3727    5    4
      3728    5    4
      3729    5    4
      3730    5    4
      3731    5    4
      3732    5    4
      3733    5    4
      3734    5    4
      3735    5    4
      3736    5    4
      3737    5    4
      3738    5    4
      3739    5    4
      3740    5    4
      3741    5    4
      3742    5    4
      3743    5    4
      3744    5    4
      3745    5    4
      3746    5    4
      3747    5    4
      3748    5    4
      3749    5    4
      3750    5    4
      3751    5    4
      3752    5    4
      3753    5    4
      3754    5    4
      3755    5    4
      3756    5    4
      3757    5    4
      3758    5    4
      3759    5    4
      3760    5    4
      3761    5    4
      3762    5    4
      3763    5    4
      3764    5    4
      3765    5    4
      3766    5    4
      3767    5    4
      3768    5    4
      3769    5    4
      3770    5    4
      3771    5    4
      3772    5    4
      3773    5    4
      3774    5    4
      3775    5    4
      3776    5    4
      3777    5    4
      3778    5    4
      3779    5    4
      3780    5    4
      3781    5    4
      3782    5    4
      3783    5    4
      3784    5    4
      3785    5    4
      3786    5    4
      3787    5    4
      3788    5    4
      3789    5    4
      3790    5    4
      3791    5    4
      3792    5    4
      3793    5    4
      3794    5    4
      3795    5    4
      3796    5    4
      3797    5    4
      3798    5    4
      3799    5    4
      3800    5    4
      3801    5    4
      3802    5    4
      3803    5    4
      3804    5    4
      3805    5    4
      3806    5    4
      3807    5    4
      3808    5    4
      3809    5    4
      3810    5    4
      3811    5    4
      3812    5    4
      3813    5    4
      3814    5    4
      3815    5    4
      3816    5    4
      3817    5    4
      3818    5    4
      3819    5    4
      3820    5    4
      3821    5    4
      3822    5    4
      3823    5    4
      3824    5    4
      3825    5    4
      3826    5    4
      3827    5    4
      3828    5    4
      3829    5    4
      3830    5    4
      3831    5    4
      3832    5    4
      3833    5    4
      3834    5    4
      3835    5    4
      3836    5    4
      3837    5    4
      3838    5    4
      3839    5    4
      3840    5    4
      3841    5    4
      3842    5    4
      3843    5    4
      3844    5    4
      3845    5    4
      3846    5    4
      3847    5    4
      3848    5    4
      3849    5    4
      3850    5    4
      3851    5    4
      3852    5    4
      3853    5    4
      3854    5    4
      3855    5    4
      3856    5    4
      3857    5    4
      3858    5    4
      3859    5    4
      3860    5    4
      3861    5    4
      3862    5    4
      3863    5    4
      3864    5    4
      3865    5    4
      3866    5    4
      3867    5    4
      3868    5    4
      3869    5    4
      3870    5    4
      3871    5    4
      3872    5    4
      3873    5    4
      3874    5    4
      3875    5    4
      3876    5    4
      3877    5    4
      3878    5    4
      3879    5    4
      3880    5    4
      3881    5    4
      3882    5    4
      3883    5    4
      3884    5    4
      3885    5    4
      3886    5    4
      3887    5    4
      3888    5    4
      3889    5    4
      3890    5    4
      3891    5    4
      3892    5    4
      3893    5    4
      3894    5    4
      3895    5    4
      3896    5    4
      3897    5    4
      3898    5    4
      3899    5    4
      3900    5    4
      3901    5    4
      3902    5    4
      3903    5    4
      3904    5    4
      3905    5    4
      3906    5    4
      3907    5    4
      3908    5    4
      3909    5    4
      3910    5    4
      3911    5    4
      3912    5    4
      3913    5    4
      3914    5    4
      3915    5    4
      3916    5    4
      3917    5    4
      3918    5    4
      3919    5    4
      3920    5    4
      3921    5    4
      3922    5    4
      3923    5    4
      3924    5    4
      3925    5    4
      3926    5    4
      3927    5    4
      3928    5    4
         1    5    5
         2    5    5
         3    5    5
         4    5    5
         5    5    5
         6    5    5
         7    5    5
         8    5    5
         9    5    5
        10    5    5
        11    5    5
        12    5    5
        13    5    5
        14    5    5
        15    5    5
        16    5    5
        17    5    5
        18    5    5
        19    5    5
        20    5    5
        21    5    5
        22    5    5
        23    5    5
        24    5    5
        25    5    5
        26    5    5
        27    5    5
        28    5    5
        29    5    5
        30    5    5
        31    5    5
        32    5    5
        33    5    5
        34    5    5
        35    5    5
        36    5    5
        37    5    5
        38    5    5
        39    5    5
        40    5    5
        41    5    5
        42    5    5
        43    5    5
        44    5    5
        45    5    5
        46    5    5
        47    5    5
        48    5    5
        49    5    5
        50    5    5
        51    5    5
        52    5    5
        53    5    5
        54    5    5
        55    5    5
        56    5    5
        57    5    5
        58    5    5
        59    5    5
        60    5    5
        61    5    5
        62    5    5
        63    5    5
        64    5    5
        65    5    5
        66    5    5
        67    5    5
        68    5    5
        69    5    5
        70    5    5
        71    5    5
        72    5    5
        73    5    5
        74    5    5
        75    5    5
        76    5    5
        77    5    5
        78    5    5
        79    5    5
        80    5    5
        81    5    5
        82    5    5
        83    5    5
        84    5    5
        85    5    5
        86    5    5
        87    5    5
        88    5    5
        89    5    5
        90    5    5
        91    5    5
        92    5    5
        93    5    5
        94    5    5
        95    5    5
        96    5    5
        97    5    5
        98    5    5
        99    5    5
       100    5    5
       101    5    5
       102    5    5
       103    5    5
       104    5    5
       105    5    5
       106    5    5
       107    5    5
       108    5    5
       109    5    5
       110    5    5
       111    5    5
       112    5    5
       113    5    5
       114    5    5
       115    5    5
       116    5    5
       117    5    5
       118    5    5
       119    5    5
       120    5    5
       121    5    5
       122    5    5
       123    5    5
       124    5    5
       125    5    5
       126    5    5
       127    5    5
       128    5    5
       129    5    5
       130    5    5
       131    5    5
       132    5    5
       133    5    5
       134    5    5
       135    5    5
       136    5    5
       137    5    5
       138    5    5
       139    5    5
       140    5    5
       141    5    5
       142    5    5
       143    5    5
       144    5    5
       145    5    5
       146    5    5
       147    5    5
       148    5    5
       149    5    5
       150    5    5
       151    5    5
       152    5    5
       153    5    5
       154    5    5
       155    5    5
       156    5    5
       157    5    5
       158    5    5
       159    5    5
       160    5    5
       161    5    5
       162    5    5
       163    5    5
       164    5    5
       165    5    5
       166    5    5
       167    5    5
       168    5    5
       169    5    5
       170    5    5
       171    5    5
       172    5    5
       173    5    5
       174    5    5
       175    5    5
       176    5    5
       177    5    5
       178    5    5
       179    5    5
       180    5    5
       181    5    5
       182    5    5
       183    5    5
       184    5    5
       185    5    5
       186    5    5
       187    5    5
       188    5    5
       189    5    5
       190    5    5
       191    5    5
       192    5    5
       193    5    5
       194    5    5
       195    5    5
       196    5    5
       197    5    5
       198    5    5
       199    5    5
       200    5    5
       201    5    5
       202    5    5
       203    5    5
       204    5    5
       205    5    5
       206    5    5
       207    5    5
       208    5    5
       209    5    5
       210    5    5
       211    5    5
       212    5    5
       213    5    5
       214    5    5
       215    5    5
       216    5    5
       217    5    5
       218    5    5
       219    5    5
       220    5    5
       221    5    5
       222    5    5
       223    5    5
       224    5    5
       225    5    5
       226    5    5
       227    5    5
       228    5    5
       229    5    5
       230    5    5
       231    5    5
       232    5    5
       233    5    5
       234    5    5
       235    5    5
       236    5    5
       237    5    5
       238    5    5
       239    5    5
       240    5    5
       241    5    5
       242    5    5
       243    5    5
       244    5    5
       245    5    5
       246    5    5
       247    5    5
       248    5    5
       249    5    5
       250    5    5
       251    5    5
       252    5    5
       253    5    5
       254    5    5
       255    5    5
       256    5    5
       257    5    5
       258    5    5
       259    5    5
       260    5    5
       261    5    5
       262    5    5
       263    5    5
       264    5    5
       265    5    5
       266    5    5
       267    5    5
       268    5    5
       269    5    5
       270    5    5
       271    5    5
       272    5    5
       273    5    5
       274    5    5
       275    5    5
       276    5    5
       277    5    5
       278    5    5
       279    5    5
       280    5    5
       281    5    5
       282    5    5
       283    5    5
       284    5    5
       285    5    5
       286    5    5
       287    5    5
       288    5    5
       289    5    5
       290    5    5
       291    5    5
       292    5    5
       293    5    5
       294    5    5
       295    5    5
       296    5    5
       297    5    5
       298    5    5
       299    5    5
       300    5    5
       301    5    5
       302    5    5
       303    5    5
       304    5    5
       305    5    5
       306    5    5
       307    5    5
       308    5    5
       309    5    5
       310    5    5
       311    5    5
       312    5    5
       313    5    5
       314    5    5
       315    5    5
       316    5    5
       317    5    5
       318    5    5
       319    5    5
       320    5    5
       321    5    5
       322    5    5
       323    5    5
       324    5    5
       325    5    5
       326    5    5
       327    5    5
       328    5    5
       329    5    5
       330    5    5
       331    5    5
       332    5    5
       333    5    5
       334    5    5
       335    5    5
       336    5    5
       337    5    5
       338    5    5
       339    5    5
       340    5    5
       341    5    5
       342    5    5
       343    5    5
       344    5    5
       345    5    5
       346    5    5
       347    5    5
       348    5    5
       349    5    5
       350    5    5
       351    5    5
       352    5    5
       353    5    5
       354    5    5
       355    5    5
       356    5    5
       357    5    5
       358    5    5
       359    5    5
       360    5    5
       361    5    5
       362    5    5
       363    5    5
       364    5    5
       365    5    5
       366    5    5
       367    5    5
       368    5    5
       369    5    5
       370    5    5
       371    5    5
       372    5    5
       373    5    5
       374    5    5
       375    5    5
       376    5    5
       377    5    5
       378    5    5
       379    5    5
       380    5    5
       381    5    5
       382    5    5
       383    5    5
       384    5    5
       385    5    5
       386    5    5
       387    5    5
       388    5    5
       389    5    5
       390    5    5
       391    5    5
       392    5    5
       393    5    5
       394    5    5
       395    5    5
       396    5    5
       397    5    5
       398    5    5
       399    5    5
       400    5    5
       401    5    5
       402    5    5
       403    5    5
       404    5    5
       405    5    5
       406    5    5
       407    5    5
       408    5    5
       409    5    5
       410    5    5
       411    5    5
       412    5    5
       413    5    5
       414    5    5
       415    5    5
       416    5    5
       417    5    5
       418    5    5
       419    5    5
       420    5    5
       421    5    5
       422    5    5
       423    5    5
       424    5    5
       425    5    5
       426    5    5
       427    5    5
       428    5    5
       429    5    5
       430    5    5
       431    5    5
       432    5    5
       433    5    5
       434    5    5
       435    5    5
       436    5    5
       437    5    5
       438    5    5
       439    5    5
       440    5    5
       441    5    5
       442    5    5
       443    5    5
       444    5    5
       445    5    5
       446    5    5
       447    5    5
       448    5    5
       449    5    5
       450    5    5
       451    5    5
       452    5    5
       453    5    5
       454    5    5
       455    5    5
       456    5    5
       457    5    5
       458    5    5
       459    5    5
       460    5    5
       461    5    5
       462    5    5
       463    5    5
       464    5    5
       465    5    5
       466    5    5
       467    5    5
       468    5    5
       469    5    5
       470    5    5
       471    5    5
       472    5    5
       473    5    5
       474    5    5
       475    5    5
       476    5    5
       477    5    5
       478    5    5
       479    5    5
       480    5    5
       481    5    5
       482    5    5
       483    5    5
       484    5    5
       485    5    5
       486    5    5
       487    5    5
       488    5    5
       489    5    5
       490    5    5
       491    5    5
       492    5    5
       493    5    5
       494    5    5
       495    5    5
       496    5    5
       497    5    5
       498    5    5
       499    5    5
       500    5    5
       501    5    5
       502    5    5
       503    5    5
       504    5    5
       505    5    5
       506    5    5
       507    5    5
       508    5    5
       509    5    5
       510    5    5
       511    5    5
       512    5    5
       513    5    5
       514    5    5
       515    5    5
       516    5    5
       517    5    5
       518    5    5
       519    5    5
       520    5    5
       521    5    5
       522    5    5
       523    5    5
       524    5    5
       525    5    5
       526    5    5
       527    5    5
       528    5    5
       529    5    5
       530    5    5
       531    5    5
       532    5    5
       533    5    5
       534    5    5
       535    5    5
       536    5    5
       537    5    5
       538    5    5
       539    5    5
       540    5    5
       541    5    5
       542    5    5
       543    5    5
       544    5    5
       545    5    5
       546    5    5
       547    5    5
       548    5    5
       549    5    5
       550    5    5
       551    5    5
       552    5    5
       553    5    5
       554    5    5
       555    5    5
       556    5    5
       557    5    5
       558    5    5
       559    5    5
       560    5    5
       561    5    5
       562    5    5
       563    5    5
       564    5    5
       565    5    5
       566    5    5
       567    5    5
       568    5    5
       569    5    5
       570    5    5
       571    5    5
       572    5    5
       573    5    5
       574    5    5
       575    5    5
       576    5    5
       577    5    5
       578    5    5
       579    5    5
       580    5    5
       581    5    5
       582    5    5
       583    5    5
       584    5    5
       585    5    5
       586    5    5
       587    5    5
       588    5    5
       589    5    5
       590    5    5
       591    5    5
       592    5    5
       593    5    5
       594    5    5
       595    5    5
       596    5    5
       597    5    5
       598    5    5
       599    5    5
       600    5    5
       601    5    5
       602    5    5
       603    5    5
       604    5    5
       605    5    5
       606    5    5
       607    5    5
       608    5    5
       609    5    5
       610    5    5
       611    5    5
       612    5    5
       613    5    5
       614    5    5
       615    5    5
       616    5    5
       617    5    5
       618    5    5
       619    5    5
       620    5    5
       621    5    5
       622    5    5
       623    5    5
       624    5    5
       625    5    5
       626    5    5
       627    5    5
       628    5    5
       629    5    5
       630    5    5
       631    5    5
       632    5    5
       633    5    5
       634    5    5
       635    5    5
       636    5    5
       637    5    5
       638    5    5
       639    5    5
       640    5    5
       641    5    5
       642    5    5
       643    5    5
       644    5    5
       645    5    5
       646    5    5
       647    5    5
       648    5    5
       649    5    5
       650    5    5
       651    5    5
       652    5    5
       653    5    5
       654    5    5
       655    5    5
       656    5    5
       657    5    5
       658    5    5
       659    5    5
       660    5    5
       661    5    5
       662    5    5
       663    5    5
       664    5    5
       665    5    5
       666    5    5
       667    5    5
       668    5    5
       669    5    5
       670    5    5
       671    5    5
       672    5    5
       673    5    5
       674    5    5
       675    5    5
       676    5    5
       677    5    5
       678    5    5
       679    5    5
       680    5    5
       681    5    5
       682    5    5
       683    5    5
       684    5    5
       685    5    5
       686    5    5
       687    5    5
       688    5    5
       689    5    5
       690    5    5
       691    5    5
       692    5    5
       693    5    5
       694    5    5
       695    5    5
       696    5    5
       697    5    5
       698    5    5
       699    5    5
       700    5    5
       701    5    5
       702    5    5
       703    5    5
       704    5    5
       705    5    5
       706    5    5
       707    5    5
       708    5    5
       709    5    5
       710    5    5
       711    5    5
       712    5    5
       713    5    5
       714    5    5
       715    5    5
       716    5    5
       717    5    5
       718    5    5
       719    5    5
       720    5    5
       721    5    5
       722    5    5
       723    5    5
       724    5    5
       725    5    5
       726    5    5
       727    5    5
       728    5    5
       729    5    5
       730    5    5
       731    5    5
       732    5    5
       733    5    5
       734    5    5
       735    5    5
       736    5    5
       737    5    5
       738    5    5
       739    5    5
       740    5    5
       741    5    5
       742    5    5
       743    5    5
       744    5    5
       745    5    5
       746    5    5
       747    5    5
       748    5    5
       749    5    5
       750    5    5
       751    5    5
       752    5    5
       753    5    5
       754    5    5
       755    5    5
       756    5    5
       757    5    5
       758    5    5
       759    5    5
       760    5    5
       761    5    5
       762    5    5
       763    5    5
       764    5    5
       765    5    5
       766    5    5
       767    5    5
       768    5    5
       769    5    5
       770    5    5
       771    5    5
       772    5    5
       773    5    5
       774    5    5
       775    5    5
       776    5    5
       777    5    5
       778    5    5
       779    5    5
       780    5    5
       781    5    5
       782    5    5
       783    5    5
       784    5    5
       785    5    5
       786    5    5
       787    5    5
       788    5    5
       789    5    5
       790    5    5
       791    5    5
       792    5    5
       793    5    5
       794    5    5
       795    5    5
       796    5    5
       797    5    5
       798    5    5
       799    5    5
       800    5    5
       801    5    5
       802    5    5
       803    5    5
       804    5    5
       805    5    5
       806    5    5
       807    5    5
       808    5    5
       809    5    5
       810    5    5
       811    5    5
       812    5    5
       813    5    5
       814    5    5
       815    5    5
       816    5    5
       817    5    5
       818    5    5
       819    5    5
       820    5    5
       821    5    5
       822    5    5
       823    5    5
       824    5    5
       825    5    5
       826    5    5
       827    5    5
       828    5    5
       829    5    5
       830    5    5
       831    5    5
       832    5    5
       833    5    5
       834    5    5
       835    5    5
       836    5    5
       837    5    5
       838    5    5
       839    5    5
       840    5    5
       841    5    5
       842    5    5
       843    5    5
       844    5    5
       845    5    5
       846    5    5
       847    5    5
       848    5    5
       849    5    5
       850    5    5
       851    5    5
       852    5    5
       853    5    5
       854    5    5
       855    5    5
       856    5    5
       857    5    5
       858    5    5
       859    5    5
       860    5    5
       861    5    5
       862    5    5
       863    5    5
       864    5    5
       865    5    5
       866    5    5
       867    5    5
       868    5    5
       869    5    5
       870    5    5
       871    5    5
       872    5    5
       873    5    5
       874    5    5
       875    5    5
       876    5    5
       877    5    5
       878    5    5
       879    5    5
       880    5    5
       881    5    5
       882    5    5
       883    5    5
       884    5    5
       885    5    5
       886    5    5
       887    5    5
       888    5    5
       889    5    5
       890    5    5
       891    5    5
       892    5    5
       893    5    5
       894    5    5
       895    5    5
       896    5    5
       897    5    5
       898    5    5
       899    5    5
       900    5    5
       901    5    5
       902    5    5
       903    5    5
       904    5    5
       905    5    5
       906    5    5
       907    5    5
       908    5    5
       909    5    5
       910    5    5
       911    5    5
       912    5    5
       913    5    5
       914    5    5
       915    5    5
       916    5    5
       917    5    5
       918    5    5
       919    5    5
       920    5    5
       921    5    5
       922    5    5
       923    5    5
       924    5    5
       925    5    5
       926    5    5
       927    5    5
       928    5    5
       929    5    5
       930    5    5
       931    5    5
       932    5    5
       933    5    5
       934    5    5
       935    5    5
       936    5    5
       937    5    5
       938    5    5
       939    5    5
       940    5    5
       941    5    5
       942    5    5
       943    5    5
       944    5    5
       945    5    5
       946    5    5
       947    5    5
       948    5    5
       949    5    5
       950    5    5
       951    5    5
       952    5    5
       953    5    5
       954    5    5
       955    5    5
       956    5    5
       957    5    5
       958    5    5
       959    5    5
       960    5    5
       961    5    5
       962    5    5
       963    5    5
       964    5    5
       965    5    5
       966    5    5
       967    5    5
       968    5    5
       969    5    5
       970    5    5
       971    5    5
       972    5    5
       973    5    5
       974    5    5
       975    5    5
       976    5    5
       977    5    5
       978    5    5
       979    5    5
       980    5    5
       981    5    5
       982    5    5
       983    5    5
       984    5    5
       985    5    5
       986    5    5
       987    5    5
       988    5    5
       989    5    5
       990    5    5
       991    5    5
       992    5    5
       993    5    5
       994    5    5
       995    5    5
       996    5    5
       997    5    5
       998    5    5
       999    5    5
      1000    5    5
      1001    5    5
      1002    5    5
      1003    5    5
      1004    5    5
      1005    5    5
      1006    5    5
      1007    5    5
      1008    5    5
      1009    5    5
      1010    5    5
      1011    5    5
      1012    5    5
      1013    5    5
      1014    5    5
      1015    5    5
      1016    5    5
      1017    5    5
      1018    5    5
      1019    5    5
      1020    5    5
      1021    5    5
      1022    5    5
      1023    5    5
      1024    5    5
      1025    5    5
      1026    5    5
      1027    5    5
      1028    5    5
      1029    5    5
      1030    5    5
      1031    5    5
      1032    5    5
      1033    5    5
      1034    5    5
      1035    5    5
      1036    5    5
      1037    5    5
      1038    5    5
      1039    5    5
      1040    5    5
      1041    5    5
      1042    5    5
      1043    5    5
      1044    5    5
      1045    5    5
      1046    5    5
      1047    5    5
      1048    5    5
      1049    5    5
      1050    5    5
      1051    5    5
      1052    5    5
      1053    5    5
      1054    5    5
      1055    5    5
      1056    5    5
      1057    5    5
      1058    5    5
      1059    5    5
      1060    5    5
      1061    5    5
      1062    5    5
      1063    5    5
      1064    5    5
      1065    5    5
      1066    5    5
      1067    5    5
      1068    5    5
      1069    5    5
      1070    5    5
      1071    5    5
      1072    5    5
      1073    5    5
      1074    5    5
      1075    5    5
      1076    5    5
      1077    5    5
      1078    5    5
      1079    5    5
      1080    5    5
      1081    5    5
      1082    5    5
      1083    5    5
      1084    5    5
      1085    5    5
      1086    5    5
      1087    5    5
      1088    5    5
      1089    5    5
      1090    5    5
      1091    5    5
      1092    5    5
      1093    5    5
      1094    5    5
      1095    5    5
      1096    5    5
      1097    5    5
      1098    5    5
      1099    5    5
      1100    5    5
      1101    5    5
      1102    5    5
      1103    5    5
      1104    5    5
      1105    5    5
      1106    5    5
      1107    5    5
      1108    5    5
      1109    5    5
      1110    5    5
      1111    5    5
      1112    5    5
      1113    5    5
      1114    5    5
      1115    5    5
      1116    5    5
      1117    5    5
      1118    5    5
      1119    5    5
      1120    5    5
      1121    5    5
      1122    5    5
      1123    5    5
      1124    5    5
      1125    5    5
      1126    5    5
      1127    5    5
      1128    5    5
      1129    5    5
      1130    5    5
      1131    5    5
      1132    5    5
      1133    5    5
      1134    5    5
      1135    5    5
      1136    5    5
      1137    5    5
      1138    5    5
      1139    5    5
      1140    5    5
      1141    5    5
      1142    5    5
      1143    5    5
      1144    5    5
      1145    5    5
      1146    5    5
      1147    5    5
      1148    5    5
      1149    5    5
      1150    5    5
      1151    5    5
      1152    5    5
      1153    5    5
      1154    5    5
      1155    5    5
      1156    5    5
      1157    5    5
      1158    5    5
      1159    5    5
      1160    5    5
      1161    5    5
      1162    5    5
      1163    5    5
      1164    5    5
      1165    5    5
      1166    5    5
      1167    5    5
      1168    5    5
      1169    5    5
      1170    5    5
      1171    5    5
      1172    5    5
      1173    5    5
      1174    5    5
      1175    5    5
      1176    5    5
      1177    5    5
      1178    5    5
      1179    5    5
      1180    5    5
      1181    5    5
      1182    5    5
      1183    5    5
      1184    5    5
      1185    5    5
      1186    5    5
      1187    5    5
      1188    5    5
      1189    5    5
      1190    5    5
      1191    5    5
      1192    5    5
      1193    5    5
      1194    5    5
      1195    5    5
      1196    5    5
      1197    5    5
      1198    5    5
      1199    5    5
      1200    5    5
      1201    5    5
      1202    5    5
      1203    5    5
      1204    5    5
      1205    5    5
      1206    5    5
      1207    5    5
      1208    5    5
      1209    5    5
      1210    5    5
      1211    5    5
      1212    5    5
      1213    5    5
      1214    5    5
      1215    5    5
      1216    5    5
      1217    5    5
      1218    5    5
      1219    5    5
      1220    5    5
      1221    5    5
      1222    5    5
      1223    5    5
      1224    5    5
      1225    5    5
      1226    5    5
      1227    5    5
      1228    5    5
      1229    5    5
      1230    5    5
      1231    5    5
      1232    5    5
      1233    5    5
      1234    5    5
      1235    5    5
      1236    5    5
      1237    5    5
      1238    5    5
      1239    5    5
      1240    5    5
      1241    5    5
      1242    5    5
      1243    5    5
      1244    5    5
      1245    5    5
      1246    5    5
      1247    5    5
      1248    5    5
      1249    5    5
      1250    5    5
      1251    5    5
      1252    5    5
      1253    5    5
      1254    5    5
      1255    5    5
      1256    5    5
      1257    5    5
      1258    5    5
      1259    5    5
      1260    5    5
      1261    5    5
      1262    5    5
      1263    5    5
      1264    5    5
      1265    5    5
      1266    5    5
      1267    5    5
      1268    5    5
      1269    5    5
      1270    5    5
      1271    5    5
      1272    5    5
      1273    5    5
      1274    5    5
      1275    5    5
      1276    5    5
      1277    5    5
      1278    5    5
      1279    5    5
      1280    5    5
      1281    5    5
      1282    5    5
      1283    5    5
      1284    5    5
      1285    5    5
      1286    5    5
      1287    5    5
      1288    5    5
      1289    5    5
      1290    5    5
      1291    5    5
      1292    5    5
      1293    5    5
      1294    5    5
      1295    5    5
      1296    5    5
      1297    5    5
      1298    5    5
      1299    5    5
      1300    5    5
      1301    5    5
      1302    5    5
      1303    5    5
      1304    5    5
      1305    5    5
      1306    5    5
      1307    5    5
      1308    5    5
      1309    5    5
      1310    5    5
      1311    5    5
      1312    5    5
      1313    5    5
      1314    5    5
      1315    5    5
      1316    5    5
      1317    5    5
      1318    5    5
      1319    5    5
      1320    5    5
      1321    5    5
      1322    5    5
      1323    5    5
      1324    5    5
      1325    5    5
      1326    5    5
      1327    5    5
      1328    5    5
      1329    5    5
      1330    5    5
      1331    5    5
      1332    5    5
      1333    5    5
      1334    5    5
      1335    5    5
      1336    5    5
      1337    5    5
      1338    5    5
      1339    5    5
      1340    5    5
      1341    5    5
      1342    5    5
      1343    5    5
      1344    5    5
      1345    5    5
      1346    5    5
      1347    5    5
      1348    5    5
      1349    5    5
      1350    5    5
      1351    5    5
      1352    5    5
      1353    5    5
      1354    5    5
      1355    5    5
      1356    5    5
      1357    5    5
      1358    5    5
      1359    5    5
      1360    5    5
      1361    5    5
      1362    5    5
      1363    5    5
      1364    5    5
      1365    5    5
      1366    5    5
      1367    5    5
      1368    5    5
      1369    5    5
      1370    5    5
      1371    5    5
      1372    5    5
      1373    5    5
      1374    5    5
      1375    5    5
      1376    5    5
      1377    5    5
      1378    5    5
      1379    5    5
      1380    5    5
      1381    5    5
      1382    5    5
      1383    5    5
      1384    5    5
      1385    5    5
      1386    5    5
      1387    5    5
      1388    5    5
      1389    5    5
      1390    5    5
      1391    5    5
      1392    5    5
      1393    5    5
      1394    5    5
      1395    5    5
      1396    5    5
      1397    5    5
      1398    5    5
      1399    5    5
      1400    5    5
      1401    5    5
      1402    5    5
      1403    5    5
      1404    5    5
      1405    5    5
      1406    5    5
      1407    5    5
      1408    5    5
      1409    5    5
      1410    5    5
      1411    5    5
      1412    5    5
      1413    5    5
      1414    5    5
      1415    5    5
      1416    5    5
      1417    5    5
      1418    5    5
      1419    5    5
      1420    5    5
      1421    5    5
      1422    5    5
      1423    5    5
      1424    5    5
      1425    5    5
      1426    5    5
      1427    5    5
      1428    5    5
      1429    5    5
      1430    5    5
      1431    5    5
      1432    5    5
      1433    5    5
      1434    5    5
      1435    5    5
      1436    5    5
      1437    5    5
      1438    5    5
      1439    5    5
      1440    5    5
      1441    5    5
      1442    5    5
      1443    5    5
      1444    5    5
      1445    5    5
      1446    5    5
      1447    5    5
      1448    5    5
      1449    5    5
      1450    5    5
      1451    5    5
      1452    5    5
      1453    5    5
      1454    5    5
      1455    5    5
      1456    5    5
      1457    5    5
      1458    5    5
      1459    5    5
      1460    5    5
      1461    5    5
      1462    5    5
      1463    5    5
      1464    5    5
      1465    5    5
      1466    5    5
      1467    5    5
      1468    5    5
      1469    5    5
      1470    5    5
      1471    5    5
      1472    5    5
      1473    5    5
      1474    5    5
      1475    5    5
      1476    5    5
      1477    5    5
      1478    5    5
      1479    5    5
      1480    5    5
      1481    5    5
      1482    5    5
      1483    5    5
      1484    5    5
      1485    5    5
      1486    5    5
      1487    5    5
      1488    5    5
      1489    5    5
      1490    5    5
      1491    5    5
      1492    5    5
      1493    5    5
      1494    5    5
      1495    5    5
      1496    5    5
      1497    5    5
      1498    5    5
      1499    5    5
      1500    5    5
      1501    5    5
      1502    5    5
      1503    5    5
      1504    5    5
      1505    5    5
      1506    5    5
      1507    5    5
      1508    5    5
      1509    5    5
      1510    5    5
      1511    5    5
      1512    5    5
      1513    5    5
      1514    5    5
      1515    5    5
      1516    5    5
      1517    5    5
      1518    5    5
      1519    5    5
      1520    5    5
      1521    5    5
      1522    5    5
      1523    5    5
      1524    5    5
      1525    5    5
      1526    5    5
      1527    5    5
      1528    5    5
      1529    5    5
      1530    5    5
      1531    5    5
      1532    5    5
      1533    5    5
      1534    5    5
      1535    5    5
      1536    5    5
      1537    5    5
      1538    5    5
      1539    5    5
      1540    5    5
      1541    5    5
      1542    5    5
      1543    5    5
      1544    5    5
      1545    5    5
      1546    5    5
      1547    5    5
      1548    5    5
      1549    5    5
      1550    5    5
      1551    5    5
      1552    5    5
      1553    5    5
      1554    5    5
      1555    5    5
      1556    5    5
      1557    5    5
      1558    5    5
      1559    5    5
      1560    5    5
      1561    5    5
      1562    5    5
      1563    5    5
      1564    5    5
      1565    5    5
      1566    5    5
      1567    5    5
      1568    5    5
      1569    5    5
      1570    5    5
      1571    5    5
      1572    5    5
      1573    5    5
      1574    5    5
      1575    5    5
      1576    5    5
      1577    5    5
      1578    5    5
      1579    5    5
      1580    5    5
      1581    5    5
      1582    5    5
      1583    5    5
      1584    5    5
      1585    5    5
      1586    5    5
      1587    5    5
      1588    5    5
      1589    5    5
      1590    5    5
      1591    5    5
      1592    5    5
      1593    5    5
      1594    5    5
      1595    5    5
      1596    5    5
      1597    5    5
      1598    5    5
      1599    5    5
      1600    5    5
      1601    5    5
      1602    5    5
      1603    5    5
      1604    5    5
      1605    5    5
      1606    5    5
      1607    5    5
      1608    5    5
      1609    5    5
      1610    5    5
      1611    5    5
      1612    5    5
      1613    5    5
      1614    5    5
      1615    5    5
      1616    5    5
      1617    5    5
      1618    5    5
      1619    5    5
      1620    5    5
      1621    5    5
      1622    5    5
      1623    5    5
      1624    5    5
      1625    5    5
      1626    5    5
      1627    5    5
      1628    5    5
      1629    5    5
      1630    5    5
      1631    5    5
      1632    5    5
      1633    5    5
      1634    5    5
      1635    5    5
      1636    5    5
      1637    5    5
      1638    5    5
      1639    5    5
      1640    5    5
      1641    5    5
      1642    5    5
      1643    5    5
      1644    5    5
      1645    5    5
      1646    5    5
      1647    5    5
      1648    5    5
      1649    5    5
      1650    5    5
      1651    5    5
      1652    5    5
      1653    5    5
      1654    5    5
      1655    5    5
      1656    5    5
      1657    5    5
      1658    5    5
      1659    5    5
      1660    5    5
      1661    5    5
      1662    5    5
      1663    5    5
      1664    5    5
      1665    5    5
      1666    5    5
      1667    5    5
      1668    5    5
      1669    5    5
      1670    5    5
      1671    5    5
      1672    5    5
      1673    5    5
      1674    5    5
      1675    5    5
      1676    5    5
      1677    5    5
      1678    5    5
      1679    5    5
      1680    5    5
      1681    5    5
      1682    5    5
      1683    5    5
      1684    5    5
      1685    5    5
      1686    5    5
      1687    5    5
      1688    5    5
      1689    5    5
      1690    5    5
      1691    5    5
      1692    5    5
      1693    5    5
      1694    5    5
      1695    5    5
      1696    5    5
      1697    5    5
      1698    5    5
      1699    5    5
      1700    5    5
      1701    5    5
      1702    5    5
      1703    5    5
      1704    5    5
      1705    5    5
      1706    5    5
      1707    5    5
      1708    5    5
      1709    5    5
      1710    5    5
      1711    5    5
      1712    5    5
      1713    5    5
      1714    5    5
      1715    5    5
      1716    5    5
      1717    5    5
      1718    5    5
      1719    5    5
      1720    5    5
      1721    5    5
      1722    5    5
      1723    5    5
      1724    5    5
      1725    5    5
      1726    5    5
      1727    5    5
      1728    5    5
      1729    5    5
      1730    5    5
      1731    5    5
      1732    5    5
      1733    5    5
      1734    5    5
      1735    5    5
      1736    5    5
      1737    5    5
      1738    5    5
      1739    5    5
      1740    5    5
      1741    5    5
      1742    5    5
      1743    5    5
      1744    5    5
      1745    5    5
      1746    5    5
      1747    5    5
      1748    5    5
      1749    5    5
      1750    5    5
      1751    5    5
      1752    5    5
      1753    5    5
      1754    5    5
      1755    5    5
      1756    5    5
      1757    5    5
      1758    5    5
      1759    5    5
      1760    5    5
      1761    5    5
      1762    5    5
      1763    5    5
      1764    5    5
      1765    5    5
      1766    5    5
      1767    5    5
      1768    5    5
      1769    5    5
      1770    5    5
      1771    5    5
      1772    5    5
      1773    5    5
      1774    5    5
      1775    5    5
      1776    5    5
      1777    5    5
      1778    5    5
      1779    5    5
      1780    5    5
      1781    5    5
      1782    5    5
      1783    5    5
      1784    5    5
      1785    5    5
      1786    5    5
      1787    5    5
      1788    5    5
      1789    5    5
      1790    5    5
      1791    5    5
      1792    5    5
      1793    5    5
      1794    5    5
      1795    5    5
      1796    5    5
      1797    5    5
      1798    5    5
      1799    5    5
      1800    5    5
      1801    5    5
      1802    5    5
      1803    5    5
      1804    5    5
      1805    5    5
      1806    5    5
      1807    5    5
      1808    5    5
      1809    5    5
      1810    5    5
      1811    5    5
      1812    5    5
      1813    5    5
      1814    5    5
      1815    5    5
      1816    5    5
      1817    5    5
      1818    5    5
      1819    5    5
      1820    5    5
      1821    5    5
      1822    5    5
      1823    5    5
      1824    5    5
      1825    5    5
      1826    5    5
      1827    5    5
      1828    5    5
      1829    5    5
      1830    5    5
      1831    5    5
      1832    5    5
      1833    5    5
      1834    5    5
      1835    5    5
      1836    5    5
      1837    5    5
      1838    5    5
      1839    5    5
      1840    5    5
      1841    5    5
      1842    5    5
      1843    5    5
      1844    5    5
      1845    5    5
      1846    5    5
      1847    5    5
      1848    5    5
      1849    5    5
      1850    5    5
      1851    5    5
      1852    5    5
      1853    5    5
      1854    5    5
      1855    5    5
      1856    5    5
      1857    5    5
      1858    5    5
      1859    5    5
      1860    5    5
      1861    5    5
      1862    5    5
      1863    5    5
      1864    5    5
      1865    5    5
      1866    5    5
      1867    5    5
      1868    5    5
      1869    5    5
      1870    5    5
      1871    5    5
      1872    5    5
      1873    5    5
      1874    5    5
      1875    5    5
      1876    5    5
      1877    5    5
      1878    5    5
      1879    5    5
      1880    5    5
      1881    5    5
      1882    5    5
      1883    5    5
      1884    5    5
      1885    5    5
      1886    5    5
      1887    5    5
      1888    5    5
      1889    5    5
      1890    5    5
      1891    5    5
      1892    5    5
      1893    5    5
      1894    5    5
      1895    5    5
      1896    5    5
      1897    5    5
      1898    5    5
      1899    5    5
      1900    5    5
      1901    5    5
      1902    5    5
      1903    5    5
      1904    5    5
      1905    5    5
      1906    5    5
      1907    5    5
      1908    5    5
      1909    5    5
      1910    5    5
      1911    5    5
      1912    5    5
      1913    5    5
      1914    5    5
      1915    5    5
      1916    5    5
      1917    5    5
      1918    5    5
      1919    5    5
      1920    5    5
      1921    5    5
      1922    5    5
      1923    5    5
      1924    5    5
      1925    5    5
      1926    5    5
      1927    5    5
      1928    5    5
      1929    5    5
      1930    5    5
      1931    5    5
      1932    5    5
      1933    5    5
      1934    5    5
      1935    5    5
      1936    5    5
      1937    5    5
      1938    5    5
      1939    5    5
      1940    5    5
      1941    5    5
      1942    5    5
      1943    5    5
      1944    5    5
      1945    5    5
      1946    5    5
      1947    5    5
      1948    5    5
      1949    5    5
      1950    5    5
      1951    5    5
      1952    5    5
      1953    5    5
      1954    5    5
      1955    5    5
      1956    5    5
      1957    5    5
      1958    5    5
      1959    5    5
      1960    5    5
      1961    5    5
      1962    5    5
      1963    5    5
      1964    5    5
      1965    5    5
      1966    5    5
      1967    5    5
      1968    5    5
      1969    5    5
      1970    5    5
      1971    5    5
      1972    5    5
      1973    5    5
      1974    5    5
      1975    5    5
      1976    5    5
      1977    5    5
      1978    5    5
      1979    5    5
      1980    5    5
      1981    5    5
      1982    5    5
      1983    5    5
      1984    5    5
      1985    5    5
      1986    5    5
      1987    5    5
      1988    5    5
      1989    5    5
      1990    5    5
      1991    5    5
      1992    5    5
      1993    5    5
      1994    5    5
      1995    5    5
      1996    5    5
      1997    5    5
      1998    5    5
      1999    5    5
      2000    5    5
      2001    5    5
      2002    5    5
      2003    5    5
      2004    5    5
      2005    5    5
      2006    5    5
      2007    5    5
      2008    5    5
      2009    5    5
      2010    5    5
      2011    5    5
      2012    5    5
      2013    5    5
      2014    5    5
      2015    5    5
      2016    5    5
      2017    5    5
      2018    5    5
      2019    5    5
      2020    5    5
      2021    5    5
      2022    5    5
      2023    5    5
      2024    5    5
      2025    5    5
      2026    5    5
      2027    5    5
      2028    5    5
      2029    5    5
      2030    5    5
      2031    5    5
      2032    5    5
      2033    5    5
      2034    5    5
      2035    5    5
      2036    5    5
      2037    5    5
      2038    5    5
      2039    5    5
      2040    5    5
      2041    5    5
      2042    5    5
      2043    5    5
      2044    5    5
      2045    5    5
      2046    5    5
      2047    5    5
      2048    5    5
      2049    5    5
      2050    5    5
      2051    5    5
      2052    5    5
      2053    5    5
      2054    5    5
      2055    5    5
      2056    5    5
      2057    5    5
      2058    5    5
      2059    5    5
      2060    5    5
      2061    5    5
      2062    5    5
      2063    5    5
      2064    5    5
      2065    5    5
      2066    5    5
      2067    5    5
      2068    5    5
      2069    5    5
      2070    5    5
      2071    5    5
      2072    5    5
      2073    5    5
      2074    5    5
      2075    5    5
      2076    5    5
      2077    5    5
      2078    5    5
      2079    5    5
      2080    5    5
      2081    5    5
      2082    5    5
      2083    5    5
      2084    5    5
      2085    5    5
      2086    5    5
      2087    5    5
      2088    5    5
      2089    5    5
      2090    5    5
      2091    5    5
      2092    5    5
      2093    5    5
      2094    5    5
      2095    5    5
      2096    5    5
      2097    5    5
      2098    5    5
      2099    5    5
      2100    5    5
      2101    5    5
      2102    5    5
      2103    5    5
      2104    5    5
      2105    5    5
      2106    5    5
      2107    5    5
      2108    5    5
      2109    5    5
      2110    5    5
      2111    5    5
      2112    5    5
      2113    5    5
      2114    5    5
      2115    5    5
      2116    5    5
      2117    5    5
      2118    5    5
      2119    5    5
      2120    5    5
      2121    5    5
      2122    5    5
      2123    5    5
      2124    5    5
      2125    5    5
      2126    5    5
      2127    5    5
      2128    5    5
      2129    5    5
      2130    5    5
      2131    5    5
      2132    5    5
      2133    5    5
      2134    5    5
      2135    5    5
      2136    5    5
      2137    5    5
      2138    5    5
      2139    5    5
      2140    5    5
      2141    5    5
      2142    5    5
      2143    5    5
      2144    5    5
      2145    5    5
      2146    5    5
      2147    5    5
      2148    5    5
      2149    5    5
      2150    5    5
      2151    5    5
      2152    5    5
      2153    5    5
      2154    5    5
      2155    5    5
      2156    5    5
      2157    5    5
      2158    5    5
      2159    5    5
      2160    5    5
      2161    5    5
      2162    5    5
      2163    5    5
      2164    5    5
      2165    5    5
      2166    5    5
      2167    5    5
      2168    5    5
      2169    5    5
      2170    5    5
      2171    5    5
      2172    5    5
      2173    5    5
      2174    5    5
      2175    5    5
      2176    5    5
      2177    5    5
      2178    5    5
      2179    5    5
      2180    5    5
      2181    5    5
      2182    5    5
      2183    5    5
      2184    5    5
      2185    5    5
      2186    5    5
      2187    5    5
      2188    5    5
      2189    5    5
      2190    5    5
      2191    5    5
      2192    5    5
      2193    5    5
      2194    5    5
      2195    5    5
      2196    5    5
      2197    5    5
      2198    5    5
      2199    5    5
      2200    5    5
      2201    5    5
      2202    5    5
      2203    5    5
      2204    5    5
      2205    5    5
      2206    5    5
      2207    5    5
      2208    5    5
      2209    5    5
      2210    5    5
      2211    5    5
      2212    5    5
      2213    5    5
      2214    5    5
      2215    5    5
      2216    5    5
      2217    5    5
      2218    5    5
      2219    5    5
      2220    5    5
      2221    5    5
      2222    5    5
      2223    5    5
      2224    5    5
      2225    5    5
      2226    5    5
      2227    5    5
      2228    5    5
      2229    5    5
      2230    5    5
      2231    5    5
      2232    5    5
      2233    5    5
      2234    5    5
      2235    5    5
      2236    5    5
      2237    5    5
      2238    5    5
      2239    5    5
      2240    5    5
      2241    5    5
      2242    5    5
      2243    5    5
      2244    5    5
      2245    5    5
      2246    5    5
      2247    5    5
      2248    5    5
      2249    5    5
      2250    5    5
      2251    5    5
      2252    5    5
      2253    5    5
      2254    5    5
      2255    5    5
      2256    5    5
      2257    5    5
      2258    5    5
      2259    5    5
      2260    5    5
      2261    5    5
      2262    5    5
      2263    5    5
      2264    5    5
      2265    5    5
      2266    5    5
      2267    5    5
      2268    5    5
      2269    5    5
      2270    5    5
      2271    5    5
      2272    5    5
      2273    5    5
      2274    5    5
      2275    5    5
      2276    5    5
      2277    5    5
      2278    5    5
      2279    5    5
      2280    5    5
      2281    5    5
      2282    5    5
      2283    5    5
      2284    5    5
      2285    5    5
      2286    5    5
      2287    5    5
      2288    5    5
      2289    5    5
      2290    5    5
      2291    5    5
      2292    5    5
      2293    5    5
      2294    5    5
      2295    5    5
      2296    5    5
      2297    5    5
      2298    5    5
      2299    5    5
      2300    5    5
      2301    5    5
      2302    5    5
      2303    5    5
      2304    5    5
      2305    5    5
      2306    5    5
      2307    5    5
      2308    5    5
      2309    5    5
      2310    5    5
      2311    5    5
      2312    5    5
      2313    5    5
      2314    5    5
      2315    5    5
      2316    5    5
      2317    5    5
      2318    5    5
      2319    5    5
      2320    5    5
      2321    5    5
      2322    5    5
      2323    5    5
      2324    5    5
      2325    5    5
      2326    5    5
      2327    5    5
      2328    5    5
      2329    5    5
      2330    5    5
      2331    5    5
      2332    5    5
      2333    5    5
      2334    5    5
      2335    5    5
      2336    5    5
      2337    5    5
      2338    5    5
      2339    5    5
      2340    5    5
      2341    5    5
      2342    5    5
      2343    5    5
      2344    5    5
      2345    5    5
      2346    5    5
      2347    5    5
      2348    5    5
      2349    5    5
      2350    5    5
      2351    5    5
      2352    5    5
      2353    5    5
      2354    5    5
      2355    5    5
      2356    5    5
      2357    5    5
      2358    5    5
      2359    5    5
      2360    5    5
      2361    5    5
      2362    5    5
      2363    5    5
      2364    5    5
      2365    5    5
      2366    5    5
      2367    5    5
      2368    5    5
      2369    5    5
      2370    5    5
      2371    5    5
      2372    5    5
      2373    5    5
      2374    5    5
      2375    5    5
      2376    5    5
      2377    5    5
      2378    5    5
      2379    5    5
      2380    5    5
      2381    5    5
      2382    5    5
      2383    5    5
      2384    5    5
      2385    5    5
      2386    5    5
      2387    5    5
      2388    5    5
      2389    5    5
      2390    5    5
      2391    5    5
      2392    5    5
      2393    5    5
      2394    5    5
      2395    5    5
      2396    5    5
      2397    5    5
      2398    5    5
      2399    5    5
      2400    5    5
      2401    5    5
      2402    5    5
      2403    5    5
      2404    5    5
      2405    5    5
      2406    5    5
      2407    5    5
      2408    5    5
      2409    5    5
      2410    5    5
      2411    5    5
      2412    5    5
      2413    5    5
      2414    5    5
      2415    5    5
      2416    5    5
      2417    5    5
      2418    5    5
      2419    5    5
      2420    5    5
      2421    5    5
      2422    5    5
      2423    5    5
      2424    5    5
      2425    5    5
      2426    5    5
      2427    5    5
      2428    5    5
      2429    5    5
      2430    5    5
      2431    5    5
      2432    5    5
      2433    5    5
      2434    5    5
      2435    5    5
      2436    5    5
      2437    5    5
      2438    5    5
      2439    5    5
      2440    5    5
      2441    5    5
      2442    5    5
      2443    5    5
      2444    5    5
      2445    5    5
      2446    5    5
      2447    5    5
      2448    5    5
      2449    5    5
      2450    5    5
      2451    5    5
      2452    5    5
      2453    5    5
      2454    5    5
      2455    5    5
      2456    5    5
      2457    5    5
      2458    5    5
      2459    5    5
      2460    5    5
      2461    5    5
      2462    5    5
      2463    5    5
      2464    5    5
      2465    5    5
      2466    5    5
      2467    5    5
      2468    5    5
      2469    5    5
      2470    5    5
      2471    5    5
      2472    5    5
      2473    5    5
      2474    5    5
      2475    5    5
      2476    5    5
      2477    5    5
      2478    5    5
      2479    5    5
      2480    5    5
      2481    5    5
      2482    5    5
      2483    5    5
      2484    5    5
      2485    5    5
      2486    5    5
      2487    5    5
      2488    5    5
      2489    5    5
      2490    5    5
      2491    5    5
      2492    5    5
      2493    5    5
      2494    5    5
      2495    5    5
      2496    5    5
      2497    5    5
      2498    5    5
      2499    5    5
      2500    5    5
      2501    5    5
      2502    5    5
      2503    5    5
      2504    5    5
      2505    5    5
      2506    5    5
      2507    5    5
      2508    5    5
      2509    5    5
      2510    5    5
      2511    5    5
      2512    5    5
      2513    5    5
      2514    5    5
      2515    5    5
      2516    5    5
      2517    5    5
      2518    5    5
      2519    5    5
      2520    5    5
      2521    5    5
      2522    5    5
      2523    5    5
      2524    5    5
      2525    5    5
      2526    5    5
      2527    5    5
      2528    5    5
      2529    5    5
      2530    5    5
      2531    5    5
      2532    5    5
      2533    5    5
      2534    5    5
      2535    5    5
      2536    5    5
      2537    5    5
      2538    5    5
      2539    5    5
      2540    5    5
      2541    5    5
      2542    5    5
      2543    5    5
      2544    5    5
      2545    5    5
      2546    5    5
      2547    5    5
      2548    5    5
      2549    5    5
      2550    5    5
      2551    5    5
      2552    5    5
      2553    5    5
      2554    5    5
      2555    5    5
      2556    5    5
      2557    5    5
      2558    5    5
      2559    5    5
      2560    5    5
      2561    5    5
      2562    5    5
      2563    5    5
      2564    5    5
      2565    5    5
      2566    5    5
      2567    5    5
      2568    5    5
      2569    5    5
      2570    5    5
      2571    5    5
      2572    5    5
      2573    5    5
      2574    5    5
      2575    5    5
      2576    5    5
      2577    5    5
      2578    5    5
      2579    5    5
      2580    5    5
      2581    5    5
      2582    5    5
      2583    5    5
      2584    5    5
      2585    5    5
      2586    5    5
      2587    5    5
      2588    5    5
      2589    5    5
      2590    5    5
      2591    5    5
      2592    5    5
      2593    5    5
      2594    5    5
      2595    5    5
      2596    5    5
      2597    5    5
      2598    5    5
      2599    5    5
      2600    5    5
      2601    5    5
      2602    5    5
      2603    5    5
      2604    5    5
      2605    5    5
      2606    5    5
      2607    5    5
      2608    5    5
      2609    5    5
      2610    5    5
      2611    5    5
      2612    5    5
      2613    5    5
      2614    5    5
      2615    5    5
      2616    5    5
      2617    5    5
      2618    5    5
      2619    5    5
      2620    5    5
      2621    5    5
      2622    5    5
      2623    5    5
      2624    5    5
      2625    5    5
      2626    5    5
      2627    5    5
      2628    5    5
      2629    5    5
      2630    5    5
      2631    5    5
      2632    5    5
      2633    5    5
      2634    5    5
      2635    5    5
      2636    5    5
      2637    5    5
      2638    5    5
      2639    5    5
      2640    5    5
      2641    5    5
      2642    5    5
      2643    5    5
      2644    5    5
      2645    5    5
      2646    5    5
      2647    5    5
      2648    5    5
      2649    5    5
      2650    5    5
      2651    5    5
      2652    5    5
      2653    5    5
      2654    5    5
      2655    5    5
      2656    5    5
      2657    5    5
      2658    5    5
      2659    5    5
      2660    5    5
      2661    5    5
      2662    5    5
      2663    5    5
      2664    5    5
      2665    5    5
      2666    5    5
      2667    5    5
      2668    5    5
      2669    5    5
      2670    5    5
      2671    5    5
      2672    5    5
      2673    5    5
      2674    5    5
      2675    5    5
      2676    5    5
      2677    5    5
      2678    5    5
      2679    5    5
      2680    5    5
      2681    5    5
      2682    5    5
      2683    5    5
      2684    5    5
      2685    5    5
      2686    5    5
      2687    5    5
      2688    5    5
      2689    5    5
      2690    5    5
      2691    5    5
      2692    5    5
      2693    5    5
      2694    5    5
      2695    5    5
      2696    5    5
      2697    5    5
      2698    5    5
      2699    5    5
      2700    5    5
      2701    5    5
      2702    5    5
      2703    5    5
      2704    5    5
      2705    5    5
      2706    5    5
      2707    5    5
      2708    5    5
      2709    5    5
      2710    5    5
      2711    5    5
      2712    5    5
      2713    5    5
      2714    5    5
      2715    5    5
      2716    5    5
      2717    5    5
      2718    5    5
      2719    5    5
      2720    5    5
      2721    5    5
      2722    5    5
      2723    5    5
      2724    5    5
      2725    5    5
      2726    5    5
      2727    5    5
      2728    5    5
      2729    5    5
      2730    5    5
      2731    5    5
      2732    5    5
      2733    5    5
      2734    5    5
      2735    5    5
      2736    5    5
      2737    5    5
      2738    5    5
      2739    5    5
      2740    5    5
      2741    5    5
      2742    5    5
      2743    5    5
      2744    5    5
      2745    5    5
      2746    5    5
      2747    5    5
      2748    5    5
      2749    5    5
      2750    5    5
      2751    5    5
      2752    5    5
      2753    5    5
      2754    5    5
      2755    5    5
      2756    5    5
      2757    5    5
      2758    5    5
      2759    5    5
      2760    5    5
      2761    5    5
      2762    5    5
      2763    5    5
      2764    5    5
      2765    5    5
      2766    5    5
      2767    5    5
      2768    5    5
      2769    5    5
      2770    5    5
      2771    5    5
      2772    5    5
      2773    5    5
      2774    5    5
      2775    5    5
      2776    5    5
      2777    5    5
      2778    5    5
      2779    5    5
      2780    5    5
      2781    5    5
      2782    5    5
      2783    5    5
      2784    5    5
      2785    5    5
      2786    5    5
      2787    5    5
      2788    5    5
      2789    5    5
      2790    5    5
      2791    5    5
      2792    5    5
      2793    5    5
      2794    5    5
      2795    5    5
      2796    5    5
      2797    5    5
      2798    5    5
      2799    5    5
      2800    5    5
      2801    5    5
      2802    5    5
      2803    5    5
      2804    5    5
      2805    5    5
      2806    5    5
      2807    5    5
      2808    5    5
      2809    5    5
      2810    5    5
      2811    5    5
      2812    5    5
      2813    5    5
      2814    5    5
      2815    5    5
      2816    5    5
      2817    5    5
      2818    5    5
      2819    5    5
      2820    5    5
      2821    5    5
      2822    5    5
      2823    5    5
      2824    5    5
      2825    5    5
      2826    5    5
      2827    5    5
      2828    5    5
      2829    5    5
      2830    5    5
      2831    5    5
      2832    5    5
      2833    5    5
      2834    5    5
      2835    5    5
      2836    5    5
      2837    5    5
      2838    5    5
      2839    5    5
      2840    5    5
      2841    5    5
      2842    5    5
      2843    5    5
      2844    5    5
      2845    5    5
      2846    5    5
      2847    5    5
      2848    5    5
      2849    5    5
      2850    5    5
      2851    5    5
      2852    5    5
      2853    5    5
      2854    5    5
      2855    5    5
      2856    5    5
      2857    5    5
      2858    5    5
      2859    5    5
      2860    5    5
      2861    5    5
      2862    5    5
      2863    5    5
      2864    5    5
      2865    5    5
      2866    5    5
      2867    5    5
      2868    5    5
      2869    5    5
      2870    5    5
      2871    5    5
      2872    5    5
      2873    5    5
      2874    5    5
      2875    5    5
      2876    5    5
      2877    5    5
      2878    5    5
      2879    5    5
      2880    5    5
      2881    5    5
      2882    5    5
      2883    5    5
      2884    5    5
      2885    5    5
      2886    5    5
      2887    5    5
      2888    5    5
      2889    5    5
      2890    5    5
      2891    5    5
      2892    5    5
      2893    5    5
      2894    5    5
      2895    5    5
      2896    5    5
      2897    5    5
      2898    5    5
      2899    5    5
      2900    5    5
      2901    5    5
      2902    5    5
      2903    5    5
      2904    5    5
      2905    5    5
      2906    5    5
      2907    5    5
      2908    5    5
      2909    5    5
      2910    5    5
      2911    5    5
      2912    5    5
      2913    5    5
      2914    5    5
      2915    5    5
      2916    5    5
      2917    5    5
      2918    5    5
      2919    5    5
      2920    5    5
      2921    5    5
      2922    5    5
      2923    5    5
      2924    5    5
      2925    5    5
      2926    5    5
      2927    5    5
      2928    5    5
      2929    5    5
      2930    5    5
      2931    5    5
      2932    5    5
      2933    5    5
      2934    5    5
      2935    5    5
      2936    5    5
      2937    5    5
      2938    5    5
      2939    5    5
      2940    5    5
      2941    5    5
      2942    5    5
      2943    5    5
      2944    5    5
      2945    5    5
      2946    5    5
      2947    5    5
      2948    5    5
      2949    5    5
      2950    5    5
      2951    5    5
      2952    5    5
      2953    5    5
      2954    5    5
      2955    5    5
      2956    5    5
      2957    5    5
      2958    5    5
      2959    5    5
      2960    5    5
      2961    5    5
      2962    5    5
      2963    5    5
      2964    5    5
      2965    5    5
      2966    5    5
      2967    5    5
      2968    5    5
      2969    5    5
      2970    5    5
      2971    5    5
      2972    5    5
      2973    5    5
      2974    5    5
      2975    5    5
      2976    5    5
      2977    5    5
      2978    5    5
      2979    5    5
      2980    5    5
      2981    5    5
      2982    5    5
      2983    5    5
      2984    5    5
      2985    5    5
      2986    5    5
      2987    5    5
      2988    5    5
      2989    5    5
      2990    5    5
      2991    5    5
      2992    5    5
      2993    5    5
      2994    5    5
      2995    5    5
      2996    5    5
      2997    5    5
      2998    5    5
      2999    5    5
      3000    5    5
      3001    5    5
      3002    5    5
      3003    5    5
      3004    5    5
      3005    5    5
      3006    5    5
      3007    5    5
      3008    5    5
      3009    5    5
      3010    5    5
      3011    5    5
      3012    5    5
      3013    5    5
      3014    5    5
      3015    5    5
      3016    5    5
      3017    5    5
      3018    5    5
      3019    5    5
      3020    5    5
      3021    5    5
      3022    5    5
      3023    5    5
      3024    5    5
      3025    5    5
      3026    5    5
      3027    5    5
      3028    5    5
      3029    5    5
      3030    5    5
      3031    5    5
      3032    5    5
      3033    5    5
      3034    5    5
      3035    5    5
      3036    5    5
      3037    5    5
      3038    5    5
      3039    5    5
      3040    5    5
      3041    5    5
      3042    5    5
      3043    5    5
      3044    5    5
      3045    5    5
      3046    5    5
      3047    5    5
      3048    5    5
      3049    5    5
      3050    5    5
      3051    5    5
      3052    5    5
      3053    5    5
      3054    5    5
      3055    5    5
      3056    5    5
      3057    5    5
      3058    5    5
      3059    5    5
      3060    5    5
      3061    5    5
      3062    5    5
      3063    5    5
      3064    5    5
      3065    5    5
      3066    5    5
      3067    5    5
      3068    5    5
      3069    5    5
      3070    5    5
      3071    5    5
      3072    5    5
      3073    5    5
      3074    5    5
      3075    5    5
      3076    5    5
      3077    5    5
      3078    5    5
      3079    5    5
      3080    5    5
      3081    5    5
      3082    5    5
      3083    5    5
      3084    5    5
      3085    5    5
      3086    5    5
      3087    5    5
      3088    5    5
      3089    5    5
      3090    5    5
      3091    5    5
      3092    5    5
      3093    5    5
      3094    5    5
      3095    5    5
      3096    5    5
      3097    5    5
      3098    5    5
      3099    5    5
      3100    5    5
      3101    5    5
      3102    5    5
      3103    5    5
      3104    5    5
      3105    5    5
      3106    5    5
      3107    5    5
      3108    5    5
      3109    5    5
      3110    5    5
      3111    5    5
      3112    5    5
      3113    5    5
      3114    5    5
      3115    5    5
      3116    5    5
      3117    5    5
      3118    5    5
      3119    5    5
      3120    5    5
      3121    5    5
      3122    5    5
      3123    5    5
      3124    5    5
      3125    5    5
      3126    5    5
      3127    5    5
      3128    5    5
      3129    5    5
      3130    5    5
      3131    5    5
      3132    5    5
      3133    5    5
      3134    5    5
      3135    5    5
      3136    5    5
      3137    5    5
      3138    5    5
      3139    5    5
      3140    5    5
      3141    5    5
      3142    5    5
      3143    5    5
      3144    5    5
      3145    5    5
      3146    5    5
      3147    5    5
      3148    5    5
      3149    5    5
      3150    5    5
      3151    5    5
      3152    5    5
      3153    5    5
      3154    5    5
      3155    5    5
      3156    5    5
      3157    5    5
      3158    5    5
      3159    5    5
      3160    5    5
      3161    5    5
      3162    5    5
      3163    5    5
      3164    5    5
      3165    5    5
      3166    5    5
      3167    5    5
      3168    5    5
      3169    5    5
      3170    5    5
      3171    5    5
      3172    5    5
      3173    5    5
      3174    5    5
      3175    5    5
      3176    5    5
      3177    5    5
      3178    5    5
      3179    5    5
      3180    5    5
      3181    5    5
      3182    5    5
      3183    5    5
      3184    5    5
      3185    5    5
      3186    5    5
      3187    5    5
      3188    5    5
      3189    5    5
      3190    5    5
      3191    5    5
      3192    5    5
      3193    5    5
      3194    5    5
      3195    5    5
      3196    5    5
      3197    5    5
      3198    5    5
      3199    5    5
      3200    5    5
      3201    5    5
      3202    5    5
      3203    5    5
      3204    5    5
      3205    5    5
      3206    5    5
      3207    5    5
      3208    5    5
      3209    5    5
      3210    5    5
      3211    5    5
      3212    5    5
      3213    5    5
      3214    5    5
      3215    5    5
      3216    5    5
      3217    5    5
      3218    5    5
      3219    5    5
      3220    5    5
      3221    5    5
      3222    5    5
      3223    5    5
      3224    5    5
      3225    5    5
      3226    5    5
      3227    5    5
      3228    5    5
      3229    5    5
      3230    5    5
      3231    5    5
      3232    5    5
      3233    5    5
      3234    5    5
      3235    5    5
      3236    5    5
      3237    5    5
      3238    5    5
      3239    5    5
      3240    5    5
      3241    5    5
      3242    5    5
      3243    5    5
      3244    5    5
      3245    5    5
      3246    5    5
      3247    5    5
      3248    5    5
      3249    5    5
      3250    5    5
      3251    5    5
      3252    5    5
      3253    5    5
      3254    5    5
      3255    5    5
      3256    5    5
      3257    5    5
      3258    5    5
      3259    5    5
      3260    5    5
      3261    5    5
      3262    5    5
      3263    5    5
      3264    5    5
      3265    5    5
      3266    5    5
      3267    5    5
      3268    5    5
      3269    5    5
      3270    5    5
      3271    5    5
      3272    5    5
      3273    5    5
      3274    5    5
      3275    5    5
      3276    5    5
      3277    5    5
      3278    5    5
      3279    5    5
      3280    5    5
      3281    5    5
      3282    5    5
      3283    5    5
      3284    5    5
      3285    5    5
      3286    5    5
      3287    5    5
      3288    5    5
      3289    5    5
      3290    5    5
      3291    5    5
      3292    5    5
      3293    5    5
      3294    5    5
      3295    5    5
      3296    5    5
      3297    5    5
      3298    5    5
      3299    5    5
      3300    5    5
      3301    5    5
      3302    5    5
      3303    5    5
      3304    5    5
      3305    5    5
      3306    5    5
      3307    5    5
      3308    5    5
      3309    5    5
      3310    5    5
      3311    5    5
      3312    5    5
      3313    5    5
      3314    5    5
      3315    5    5
      3316    5    5
      3317    5    5
      3318    5    5
      3319    5    5
      3320    5    5
      3321    5    5
      3322    5    5
      3323    5    5
      3324    5    5
      3325    5    5
      3326    5    5
      3327    5    5
      3328    5    5
      3329    5    5
      3330    5    5
      3331    5    5
      3332    5    5
      3333    5    5
      3334    5    5
      3335    5    5
      3336    5    5
      3337    5    5
      3338    5    5
      3339    5    5
      3340    5    5
      3341    5    5
      3342    5    5
      3343    5    5
      3344    5    5
      3345    5    5
      3346    5    5
      3347    5    5
      3348    5    5
      3349    5    5
      3350    5    5
      3351    5    5
      3352    5    5
      3353    5    5
      3354    5    5
      3355    5    5
      3356    5    5
      3357    5    5
      3358    5    5
      3359    5    5
      3360    5    5
      3361    5    5
      3362    5    5
      3363    5    5
      3364    5    5
      3365    5    5
      3366    5    5
      3367    5    5
      3368    5    5
      3369    5    5
      3370    5    5
      3371    5    5
      3372    5    5
      3373    5    5
      3374    5    5
      3375    5    5
      3376    5    5
      3377    5    5
      3378    5    5
      3379    5    5
      3380    5    5
      3381    5    5
      3382    5    5
      3383    5    5
      3384    5    5
      3385    5    5
      3386    5    5
      3387    5    5
      3388    5    5
      3389    5    5
      3390    5    5
      3391    5    5
      3392    5    5
      3393    5    5
      3394    5    5
      3395    5    5
      3396    5    5
      3397    5    5
      3398    5    5
      3399    5    5
      3400    5    5
      3401    5    5
      3402    5    5
      3403    5    5
      3404    5    5
      3405    5    5
      3406    5    5
      3407    5    5
      3408    5    5
      3409    5    5
      3410    5    5
      3411    5    5
      3412    5    5
      3413    5    5
      3414    5    5
      3415    5    5
      3416    5    5
      3417    5    5
      3418    5    5
      3419    5    5
      3420    5    5
      3421    5    5
      3422    5    5
      3423    5    5
      3424    5    5
      3425    5    5
      3426    5    5
      3427    5    5
      3428    5    5
      3429    5    5
      3430    5    5
      3431    5    5
      3432    5    5
      3433    5    5
      3434    5    5
      3435    5    5
      3436    5    5
      3437    5    5
      3438    5    5
      3439    5    5
      3440    5    5
      3441    5    5
      3442    5    5
      3443    5    5
      3444    5    5
      3445    5    5
      3446    5    5
      3447    5    5
      3448    5    5
      3449    5    5
      3450    5    5
      3451    5    5
      3452    5    5
      3453    5    5
      3454    5    5
      3455    5    5
      3456    5    5
      3457    5    5
      3458    5    5
      3459    5    5
      3460    5    5
      3461    5    5
      3462    5    5
      3463    5    5
      3464    5    5
      3465    5    5
      3466    5    5
      3467    5    5
      3468    5    5
      3469    5    5
      3470    5    5
      3471    5    5
      3472    5    5
      3473    5    5
      3474    5    5
      3475    5    5
      3476    5    5
      3477    5    5
      3478    5    5
      3479    5    5
      3480    5    5
      3481    5    5
      3482    5    5
      3483    5    5
      3484    5    5
      3485    5    5
      3486    5    5
      3487    5    5
      3488    5    5
      3489    5    5
      3490    5    5
      3491    5    5
      3492    5    5
      3493    5    5
      3494    5    5
      3495    5    5
      3496    5    5
      3497    5    5
      3498    5    5
      3499    5    5
      3500    5    5
      3501    5    5
      3502    5    5
      3503    5    5
      3504    5    5
      3505    5    5
      3506    5    5
      3507    5    5
      3508    5    5
      3509    5    5
      3510    5    5
      3511    5    5
      3512    5    5
      3513    5    5
      3514    5    5
      3515    5    5
      3516    5    5
      3517    5    5
      3518    5    5
      3519    5    5
      3520    5    5
      3521    5    5
      3522    5    5
      3523    5    5
      3524    5    5
      3525    5    5
      3526    5    5
      3527    5    5
      3528    5    5
      3529    5    5
      3530    5    5
      3531    5    5
      3532    5    5
      3533    5    5
      3534    5    5
      3535    5    5
      3536    5    5
      3537    5    5
      3538    5    5
      3539    5    5
      3540    5    5
      3541    5    5
      3542    5    5
      3543    5    5
      3544    5    5
      3545    5    5
      3546    5    5
      3547    5    5
      3548    5    5
      3549    5    5
      3550    5    5
      3551    5    5
      3552    5    5
      3553    5    5
      3554    5    5
      3555    5    5
      3556    5    5
      3557    5    5
      3558    5    5
      3559    5    5
      3560    5    5
      3561    5    5
      3562    5    5
      3563    5    5
      3564    5    5
      3565    5    5
      3566    5    5
      3567    5    5
      3568    5    5
      3569    5    5
      3570    5    5
      3571    5    5
      3572    5    5
      3573    5    5
      3574    5    5
      3575    5    5
      3576    5    5
      3577    5    5
      3578    5    5
      3579    5    5
      3580    5    5
      3581    5    5
      3582    5    5
      3583    5    5
      3584    5    5
      3585    5    5
      3586    5    5
      3587    5    5
      3588    5    5
      3589    5    5
      3590    5    5
      3591    5    5
      3592    5    5
      3593    5    5
      3594    5    5
      3595    5    5
      3596    5    5
      3597    5    5
      3598    5    5
      3599    5    5
      3600    5    5
      3601    5    5
      3602    5    5
      3603    5    5
      3604    5    5
      3605    5    5
      3606    5    5
      3607    5    5
      3608    5    5
      3609    5    5
      3610    5    5
      3611    5    5
      3612    5    5
      3613    5    5
      3614    5    5
      3615    5    5
      3616    5    5
      3617    5    5
      3618    5    5
      3619    5    5
      3620    5    5
      3621    5    5
      3622    5    5
      3623    5    5
      3624    5    5
      3625    5    5
      3626    5    5
      3627    5    5
      3628    5    5
      3629    5    5
      3630    5    5
      3631    5    5
      3632    5    5
      3633    5    5
      3634    5    5
      3635    5    5
      3636    5    5
      3637    5    5
      3638    5    5
      3639    5    5
      3640    5    5
      3641    5    5
      3642    5    5
      3643    5    5
      3644    5    5
      3645    5    5
      3646    5    5
      3647    5    5
      3648    5    5
      3649    5    5
      3650    5    5
      3651    5    5
      3652    5    5
      3653    5    5
      3654    5    5
      3655    5    5
      3656    5    5
      3657    5    5
      3658    5    5
      3659    5    5
      3660    5    5
      3661    5    5
      3662    5    5
      3663    5    5
      3664    5    5
      3665    5    5
      3666    5    5
      3667    5    5
      3668    5    5
      3669    5    5
      3670    5    5
      3671    5    5
      3672    5    5
      3673    5    5
      3674    5    5
      3675    5    5
      3676    5    5
      3677    5    5
      3678    5    5
      3679    5    5
      3680    5    5
      3681    5    5
      3682    5    5
      3683    5    5
      3684    5    5
      3685    5    5
      3686    5    5
      3687    5    5
      3688    5    5
      3689    5    5
      3690    5    5
      3691    5    5
      3692    5    5
      3693    5    5
      3694    5    5
      3695    5    5
      3696    5    5
      3697    5    5
      3698    5    5
      3699    5    5
      3700    5    5
      3701    5    5
      3702    5    5
      3703    5    5
      3704    5    5
      3705    5    5
      3706    5    5
      3707    5    5
      3708    5    5
      3709    5    5
      3710    5    5
      3711    5    5
      3712    5    5
      3713    5    5
      3714    5    5
      3715    5    5
      3716    5    5
      3717    5    5
      3718    5    5
      3719    5    5
      3720    5    5
      3721    5    5
      3722    5    5
      3723    5    5
      3724    5    5
      3725    5    5
      3726    5    5
      3727    5    5
      3728    5    5
      3729    5    5
      3730    5    5
      3731    5    5
      3732    5    5
      3733    5    5
      3734    5    5
      3735    5    5
      3736    5    5
      3737    5    5
      3738    5    5
      3739    5    5
      3740    5    5
      3741    5    5
      3742    5    5
      3743    5    5
      3744    5    5
      3745    5    5
      3746    5    5
      3747    5    5
      3748    5    5
      3749    5    5
      3750    5    5
      3751    5    5
      3752    5    5
      3753    5    5
      3754    5    5
      3755    5    5
      3756    5    5
      3757    5    5
      3758    5    5
      3759    5    5
      3760    5    5
      3761    5    5
      3762    5    5
      3763    5    5
      3764    5    5
      3765    5    5
      3766    5    5
      3767    5    5
      3768    5    5
      3769    5    5
      3770    5    5
      3771    5    5
      3772    5    5
      3773    5    5
      3774    5    5
      3775    5    5
      3776    5    5
      3777    5    5
      3778    5    5
      3779    5    5
      3780    5    5
      3781    5    5
      3782    5    5
      3783    5    5
      3784    5    5
      3785    5    5
      3786    5    5
      3787    5    5
      3788    5    5
      3789    5    5
      3790    5    5
      3791    5    5
      3792    5    5
      3793    5    5
      3794    5    5
      3795    5    5
      3796    5    5
      3797    5    5
      3798    5    5
      3799    5    5
      3800    5    5
      3801    5    5
      3802    5    5
      3803    5    5
      3804    5    5
      3805    5    5
      3806    5    5
      3807    5    5
      3808    5    5
      3809    5    5
      3810    5    5
      3811    5    5
      3812    5    5
      3813    5    5
      3814    5    5
      3815    5    5
      3816    5    5
      3817    5    5
      3818    5    5
      3819    5    5
      3820    5    5
      3821    5    5
      3822    5    5
      3823    5    5
      3824    5    5
      3825    5    5
      3826    5    5
      3827    5    5
      3828    5    5
      3829    5    5
      3830    5    5
      3831    5    5
      3832    5    5
      3833    5    5
      3834    5    5
      3835    5    5
      3836    5    5
      3837    5    5
      3838    5    5
      3839    5    5
      3840    5    5
      3841    5    5
      3842    5    5
      3843    5    5
      3844    5    5
      3845    5    5
      3846    5    5
      3847    5    5
      3848    5    5
      3849    5    5
      3850    5    5
      3851    5    5
      3852    5    5
      3853    5    5
      3854    5    5
      3855    5    5
      3856    5    5
      3857    5    5
      3858    5    5
      3859    5    5
      3860    5    5
      3861    5    5
      3862    5    5
      3863    5    5
      3864    5    5
      3865    5    5
      3866    5    5
      3867    5    5
      3868    5    5
      3869    5    5
      3870    5    5
      3871    5    5
      3872    5    5
      3873    5    5
      3874    5    5
      3875    5    5
      3876    5    5
      3877    5    5
      3878    5    5
      3879    5    5
      3880    5    5
      3881    5    5
      3882    5    5
      3883    5    5
      3884    5    5
      3885    5    5
      3886    5    5
      3887    5    5
      3888    5    5
      3889    5    5
      3890    5    5
      3891    5    5
      3892    5    5
      3893    5    5
      3894    5    5
      3895    5    5
      3896    5    5
      3897    5    5
      3898    5    5
      3899    5    5
      3900    5    5
      3901    5    5
      3902    5    5
      3903    5    5
      3904    5    5
      3905    5    5
      3906    5    5
      3907    5    5
      3908    5    5
      3909    5    5
      3910    5    5
      3911    5    5
      3912    5    5
      3913    5    5
      3914    5    5
      3915    5    5
      3916    5    5
      3917    5    5
      3918    5    5
      3919    5    5
      3920    5    5
      3921    5    5
      3922    5    5
      3923    5    5
      3924    5    5
      3925    5    5
      3926    5    5
      3927    5    5
      3928    5    5
ENDOFSECTION
BOUNDARY CONDITIONS  1.2.1
bc-3                                   1      80       0      33
      3320    5    3
      3652    5    3
      3277    5    3
      3423    5    1
      3462    5    2
      3463    5    1
      3315    5    1
      3316    5    3
      3518    5    2
      3383    5    2
      3635    5    3
      3631    5    2
      3286    5    2
      3758    5    1
      3360    5    2
      3197    5    3
      2262    5    3
      3434    5    1
      3312    5    1
      3313    5    3
      3396    5    3
      3217    5    3
      3279    5    3
      3575    5    2
      3295    5    3
      3591    5    1
      3391    5    3
      2579    5    3
      3601    5    3
      3275    5    3
      3606    5    1
      2577    5    1
      3609    5    3
      3268    5    3
      3337    5    2
      3499    5    1
      3238    5    3
      3656    5    1
      3246    5    1
      3669    5    1
      1715    5    2
      1711    5    2
      1703    5    2
      1280    5    3
      1540    5    1
      1330    5    3
      1304    5    3
      1658    5    3
       584    5    3
      1654    5    2
      1313    5    3
      1649    5    3
       586    5    3
      1434    5    3
      1639    5    2
      1334    5    3
      1615    5    1
      1318    5    3
      1259    5    3
      1438    5    3
      1350    5    3
      1349    5    2
      1474    5    2
      1473    5    1
      1239    5    3
      1611    5    2
       125    5    3
      1326    5    1
      1678    5    1
      1383    5    1
      1427    5    1
      1560    5    1
      1356    5    3
      1355    5    1
      1507    5    2
      1506    5    1
      1465    5    2
      1317    5    3
      1699    5    3
      1362    5    3
ENDOFSECTION
BOUNDARY CONDITIONS  1.2.1
bc-4                                   1      80       0      51
      1767    5    2
      1768    5    1
       621    5    2
       559    5    3
       678    5    3
       254    5    3
       732    5    2
       653    5    2
       802    5    2
       656    5    2
       688    5    3
       629    5    2
      1042    5    2
       674    5    3
       810    5    3
       642    5    2
      1949    5    2
       253    5    3
       694    5    3
       693    5    1
       864    5    2
      1596    5    1
       630    5    2
      1006    5    2
       738    5    1
      1943    5    3
       635    5    2
      1583    5    2
       681    5    2
       684    5    2
       742    5    2
       741    5    1
       639    5    3
       770    5    2
      1635    5    2
      1459    5    2
      1946    5    3
       841    5    1
       777    5    1
       660    5    2
      2646    5    1
      2757    5    2
      2823    5    2
      3928    5    3
      3413    5    1
      3587    5    1
      2750    5    1
      2544    5    1
      2724    5    2
      2725    5    1
      2677    5    1
      2672    5    1
      1956    5    1
      2624    5    1
      3926    5    1
      1954    5    1
      3563    5    1
      2620    5    1
      3558    5    2
      2845    5    1
      2682    5    2
      2683    5    3
      2747    5    2
      2681    5    2
      2629    5    1
      2792    5    3
      2662    5    3
      3006    5    1
      2618    5    1
      2679    5    3
      1951    5    3
      2759    5    3
      2639    5    3
      2714    5    1
      2221    5    3
      2667    5    3
      2536    5    3
      2609    5    1
      2126    5    2
      2127    5    1
ENDOFSECTION
